
> singh-academy-frontend@48.0.0 typecheck
> tsc --noEmit

app/about/page.tsx(7,74): error TS2741: Property 'children' is missing in type '{ kicker: string; title: string; intro: string; }' but required in type '{ kicker: string; title: string; intro: string; children: React.ReactNode; backLabel?: string | undefined; }'.
app/about/page.tsx(7,432): error TS7026: JSX element implicitly has type 'any' because no interface 'JSX.IntrinsicElements' exists.
app/about/page.tsx(7,475): error TS7026: JSX element implicitly has type 'any' because no interface 'JSX.IntrinsicElements' exists.
app/about/page.tsx(7,480): error TS7026: JSX element implicitly has type 'any' because no interface 'JSX.IntrinsicElements' exists.
app/about/page.tsx(7,551): error TS7026: JSX element implicitly has type 'any' because no interface 'JSX.IntrinsicElements' exists.
app/about/page.tsx(7,558): error TS7026: JSX element implicitly has type 'any' because no interface 'JSX.IntrinsicElements' exists.
app/about/page.tsx(7,634): error TS7026: JSX element implicitly has type 'any' because no interface 'JSX.IntrinsicElements' exists.
app/about/page.tsx(7,639): error TS7026: JSX element implicitly has type 'any' because no interface 'JSX.IntrinsicElements' exists.
app/about/page.tsx(7,845): error TS7026: JSX element implicitly has type 'any' because no interface 'JSX.IntrinsicElements' exists.
app/about/page.tsx(7,849): error TS7026: JSX element implicitly has type 'any' because no interface 'JSX.IntrinsicElements' exists.
app/about/page.tsx(7,1011): error TS7026: JSX element implicitly has type 'any' because no interface 'JSX.IntrinsicElements' exists.
app/about/page.tsx(7,1015): error TS7026: JSX element implicitly has type 'any' because no interface 'JSX.IntrinsicElements' exists.
app/about/page.tsx(7,1021): error TS7026: JSX element implicitly has type 'any' because no interface 'JSX.IntrinsicElements' exists.
app/about/page.tsx(7,1050): error TS7026: JSX element implicitly has type 'any' because no interface 'JSX.IntrinsicElements' exists.
app/about/page.tsx(7,1133): error TS7026: JSX element implicitly has type 'any' because no interface 'JSX.IntrinsicElements' exists.
app/about/page.tsx(7,1140): error TS7026: JSX element implicitly has type 'any' because no interface 'JSX.IntrinsicElements' exists.
app/about/page.tsx(7,1210): error TS7026: JSX element implicitly has type 'any' because no interface 'JSX.IntrinsicElements' exists.
app/about/page.tsx(7,1215): error TS7026: JSX element implicitly has type 'any' because no interface 'JSX.IntrinsicElements' exists.
app/about/page.tsx(7,1368): error TS7026: JSX element implicitly has type 'any' because no interface 'JSX.IntrinsicElements' exists.
app/about/page.tsx(7,1372): error TS7026: JSX element implicitly has type 'any' because no interface 'JSX.IntrinsicElements' exists.
app/about/page.tsx(7,1380): error TS7026: JSX element implicitly has type 'any' because no interface 'JSX.IntrinsicElements' exists.
app/about/page.tsx(7,1390): error TS7026: JSX element implicitly has type 'any' because no interface 'JSX.IntrinsicElements' exists.
app/about/page.tsx(7,1443): error TS7026: JSX element implicitly has type 'any' because no interface 'JSX.IntrinsicElements' exists.
app/about/page.tsx(7,1472): error TS7026: JSX element implicitly has type 'any' because no interface 'JSX.IntrinsicElements' exists.
app/about/page.tsx(7,1477): error TS7026: JSX element implicitly has type 'any' because no interface 'JSX.IntrinsicElements' exists.
app/about/page.tsx(7,1558): error TS7026: JSX element implicitly has type 'any' because no interface 'JSX.IntrinsicElements' exists.
app/about/page.tsx(7,1565): error TS7026: JSX element implicitly has type 'any' because no interface 'JSX.IntrinsicElements' exists.
app/about/page.tsx(7,1646): error TS7026: JSX element implicitly has type 'any' because no interface 'JSX.IntrinsicElements' exists.
app/about/page.tsx(7,1651): error TS7026: JSX element implicitly has type 'any' because no interface 'JSX.IntrinsicElements' exists.
app/about/page.tsx(7,1657): error TS7026: JSX element implicitly has type 'any' because no interface 'JSX.IntrinsicElements' exists.
app/about/page.tsx(7,1794): error TS7026: JSX element implicitly has type 'any' because no interface 'JSX.IntrinsicElements' exists.
app/about/page.tsx(7,1798): error TS7026: JSX element implicitly has type 'any' because no interface 'JSX.IntrinsicElements' exists.
app/about/page.tsx(7,1804): error TS7026: JSX element implicitly has type 'any' because no interface 'JSX.IntrinsicElements' exists.
app/about/page.tsx(7,1856): error TS7026: JSX element implicitly has type 'any' because no interface 'JSX.IntrinsicElements' exists.
app/about/page.tsx(7,1942): error TS7026: JSX element implicitly has type 'any' because no interface 'JSX.IntrinsicElements' exists.
app/about/page.tsx(7,1953): error TS7026: JSX element implicitly has type 'any' because no interface 'JSX.IntrinsicElements' exists.
app/about/page.tsx(7,1959): error TS7026: JSX element implicitly has type 'any' because no interface 'JSX.IntrinsicElements' exists.
app/academy/page.tsx(5,34): error TS2307: Cannot find module 'react' or its corresponding type declarations.
app/academy/page.tsx(6,11): error TS2580: Cannot find name 'process'. Do you need to install type definitions for node? Try `npm i --save-dev @types/node`.
app/academy/page.tsx(7,318): error TS2741: Property 'children' is missing in type '{ kicker: string; title: string; intro: string; }' but required in type '{ kicker: string; title: string; intro: string; children: React.ReactNode; backLabel?: string | undefined; }'.
app/academy/page.tsx(7,591): error TS7026: JSX element implicitly has type 'any' because no interface 'JSX.IntrinsicElements' exists.
app/academy/page.tsx(7,665): error TS7026: JSX element implicitly has type 'any' because no interface 'JSX.IntrinsicElements' exists.
app/academy/page.tsx(7,714): error TS7026: JSX element implicitly has type 'any' because no interface 'JSX.IntrinsicElements' exists.
app/academy/page.tsx(7,788): error TS7026: JSX element implicitly has type 'any' because no interface 'JSX.IntrinsicElements' exists.
app/academy/page.tsx(7,795): error TS7026: JSX element implicitly has type 'any' because no interface 'JSX.IntrinsicElements' exists.
app/academy/page.tsx(7,807): error TS7026: JSX element implicitly has type 'any' because no interface 'JSX.IntrinsicElements' exists.
app/academy/page.tsx(7,834): error TS7026: JSX element implicitly has type 'any' because no interface 'JSX.IntrinsicElements' exists.
app/academy/page.tsx(7,872): error TS7026: JSX element implicitly has type 'any' because no interface 'JSX.IntrinsicElements' exists.
app/academy/page.tsx(7,878): error TS7026: JSX element implicitly has type 'any' because no interface 'JSX.IntrinsicElements' exists.
app/academy/page.tsx(7,1020): error TS7026: JSX element implicitly has type 'any' because no interface 'JSX.IntrinsicElements' exists.
app/academy/page.tsx(7,1024): error TS7026: JSX element implicitly has type 'any' because no interface 'JSX.IntrinsicElements' exists.
app/academy/page.tsx(7,1072): error TS7026: JSX element implicitly has type 'any' because no interface 'JSX.IntrinsicElements' exists.
app/academy/page.tsx(7,1125): error TS7026: JSX element implicitly has type 'any' because no interface 'JSX.IntrinsicElements' exists.
app/academy/page.tsx(7,1166): error TS7026: JSX element implicitly has type 'any' because no interface 'JSX.IntrinsicElements' exists.
app/academy/page.tsx(7,1181): error TS7026: JSX element implicitly has type 'any' because no interface 'JSX.IntrinsicElements' exists.
app/academy/page.tsx(7,1188): error TS7026: JSX element implicitly has type 'any' because no interface 'JSX.IntrinsicElements' exists.
app/academy/page.tsx(7,1194): error TS7026: JSX element implicitly has type 'any' because no interface 'JSX.IntrinsicElements' exists.
app/academy/page.tsx(7,1324): error TS7026: JSX element implicitly has type 'any' because no interface 'JSX.IntrinsicElements' exists.
app/academy/page.tsx(7,1328): error TS7026: JSX element implicitly has type 'any' because no interface 'JSX.IntrinsicElements' exists.
app/academy/page.tsx(7,1340): error TS7026: JSX element implicitly has type 'any' because no interface 'JSX.IntrinsicElements' exists.
app/billing/page.tsx(2,34): error TS2307: Cannot find module 'react' or its corresponding type declarations.
app/billing/page.tsx(2,66): error TS2307: Cannot find module 'next/navigation' or its corresponding type declarations.
app/billing/page.tsx(7,157): error TS7026: JSX element implicitly has type 'any' because no interface 'JSX.IntrinsicElements' exists.
app/billing/page.tsx(7,328): error TS7026: JSX element implicitly has type 'any' because no interface 'JSX.IntrinsicElements' exists.
app/billing/page.tsx(7,374): error TS7026: JSX element implicitly has type 'any' because no interface 'JSX.IntrinsicElements' exists.
app/billing/page.tsx(7,440): error TS7026: JSX element implicitly has type 'any' because no interface 'JSX.IntrinsicElements' exists.
app/billing/page.tsx(7,619): error TS7026: JSX element implicitly has type 'any' because no interface 'JSX.IntrinsicElements' exists.
app/billing/page.tsx(7,625): error TS7026: JSX element implicitly has type 'any' because no interface 'JSX.IntrinsicElements' exists.
app/billing/page.tsx(7,630): error TS7026: JSX element implicitly has type 'any' because no interface 'JSX.IntrinsicElements' exists.
app/billing/page.tsx(7,668): error TS7026: JSX element implicitly has type 'any' because no interface 'JSX.IntrinsicElements' exists.
app/billing/page.tsx(7,677): error TS7026: JSX element implicitly has type 'any' because no interface 'JSX.IntrinsicElements' exists.
app/billing/page.tsx(7,828): error TS7026: JSX element implicitly has type 'any' because no interface 'JSX.IntrinsicElements' exists.
app/billing/page.tsx(7,835): error TS7026: JSX element implicitly has type 'any' because no interface 'JSX.IntrinsicElements' exists.
app/billing/page.tsx(7,841): error TS7026: JSX element implicitly has type 'any' because no interface 'JSX.IntrinsicElements' exists.
app/billing/page.tsx(13,98): error TS7006: Parameter 'n' implicitly has an 'any' type.
app/billing/page.tsx(16,10): error TS2741: Property 'children' is missing in type '{ kicker: string; title: string; intro: string; }' but required in type '{ kicker: string; title: string; intro: string; children: React.ReactNode; backLabel?: string | undefined; }'.
app/billing/page.tsx(16,137): error TS7026: JSX element implicitly has type 'any' because no interface 'JSX.IntrinsicElements' exists.
app/billing/page.tsx(16,170): error TS7026: JSX element implicitly has type 'any' because no interface 'JSX.IntrinsicElements' exists.
app/billing/page.tsx(16,282): error TS7026: JSX element implicitly has type 'any' because no interface 'JSX.IntrinsicElements' exists.
app/billing/page.tsx(16,391): error TS7026: JSX element implicitly has type 'any' because no interface 'JSX.IntrinsicElements' exists.
app/billing/page.tsx(16,402): error TS7026: JSX element implicitly has type 'any' because no interface 'JSX.IntrinsicElements' exists.
app/billing/page.tsx(16,416): error TS7026: JSX element implicitly has type 'any' because no interface 'JSX.IntrinsicElements' exists.
app/billing/page.tsx(16,463): error TS7026: JSX element implicitly has type 'any' because no interface 'JSX.IntrinsicElements' exists.
app/billing/page.tsx(16,484): error TS7026: JSX element implicitly has type 'any' because no interface 'JSX.IntrinsicElements' exists.
app/billing/page.tsx(16,536): error TS7006: Parameter 'n' implicitly has an 'any' type.
app/billing/page.tsx(16,550): error TS7026: JSX element implicitly has type 'any' because no interface 'JSX.IntrinsicElements' exists.
app/billing/page.tsx(16,560): error TS7026: JSX element implicitly has type 'any' because no interface 'JSX.IntrinsicElements' exists.
app/billing/page.tsx(16,598): error TS7026: JSX element implicitly has type 'any' because no interface 'JSX.IntrinsicElements' exists.
app/billing/page.tsx(16,606): error TS7026: JSX element implicitly has type 'any' because no interface 'JSX.IntrinsicElements' exists.
app/billing/page.tsx(16,661): error TS7026: JSX element implicitly has type 'any' because no interface 'JSX.IntrinsicElements' exists.
app/billing/page.tsx(16,709): error TS7026: JSX element implicitly has type 'any' because no interface 'JSX.IntrinsicElements' exists.
app/billing/page.tsx(16,809): error TS7026: JSX element implicitly has type 'any' because no interface 'JSX.IntrinsicElements' exists.
app/billing/page.tsx(16,816): error TS7026: JSX element implicitly has type 'any' because no interface 'JSX.IntrinsicElements' exists.
app/billing/page.tsx(16,884): error TS7026: JSX element implicitly has type 'any' because no interface 'JSX.IntrinsicElements' exists.
app/billing/page.tsx(16,905): error TS7026: JSX element implicitly has type 'any' because no interface 'JSX.IntrinsicElements' exists.
app/billing/page.tsx(16,966): error TS7026: JSX element implicitly has type 'any' because no interface 'JSX.IntrinsicElements' exists.
app/billing/page.tsx(16,989): error TS7026: JSX element implicitly has type 'any' because no interface 'JSX.IntrinsicElements' exists.
app/billing/page.tsx(16,1057): error TS7026: JSX element implicitly has type 'any' because no interface 'JSX.IntrinsicElements' exists.
app/billing/page.tsx(16,1062): error TS7026: JSX element implicitly has type 'any' because no interface 'JSX.IntrinsicElements' exists.
app/billing/page.tsx(16,1065): error TS7026: JSX element implicitly has type 'any' because no interface 'JSX.IntrinsicElements' exists.
app/billing/page.tsx(16,1162): error TS7026: JSX element implicitly has type 'any' because no interface 'JSX.IntrinsicElements' exists.
app/billing/page.tsx(16,1171): error TS7026: JSX element implicitly has type 'any' because no interface 'JSX.IntrinsicElements' exists.
app/billing/page.tsx(16,1175): error TS7026: JSX element implicitly has type 'any' because no interface 'JSX.IntrinsicElements' exists.
app/billing/page.tsx(16,1265): error TS7026: JSX element implicitly has type 'any' because no interface 'JSX.IntrinsicElements' exists.
app/billing/page.tsx(16,1306): error TS7026: JSX element implicitly has type 'any' because no interface 'JSX.IntrinsicElements' exists.
app/billing/page.tsx(16,1353): error TS7026: JSX element implicitly has type 'any' because no interface 'JSX.IntrinsicElements' exists.
app/billing/page.tsx(16,1358): error TS7026: JSX element implicitly has type 'any' because no interface 'JSX.IntrinsicElements' exists.
app/billing/page.tsx(16,1364): error TS7026: JSX element implicitly has type 'any' because no interface 'JSX.IntrinsicElements' exists.
app/billing/page.tsx(16,1370): error TS7026: JSX element implicitly has type 'any' because no interface 'JSX.IntrinsicElements' exists.
app/billing/page.tsx(16,1404): error TS7026: JSX element implicitly has type 'any' because no interface 'JSX.IntrinsicElements' exists.
app/billing/page.tsx(16,1409): error TS7026: JSX element implicitly has type 'any' because no interface 'JSX.IntrinsicElements' exists.
app/billing/page.tsx(16,1423): error TS7026: JSX element implicitly has type 'any' because no interface 'JSX.IntrinsicElements' exists.
app/billing/page.tsx(16,1428): error TS7026: JSX element implicitly has type 'any' because no interface 'JSX.IntrinsicElements' exists.
app/billing/page.tsx(16,1454): error TS7026: JSX element implicitly has type 'any' because no interface 'JSX.IntrinsicElements' exists.
app/billing/page.tsx(16,1459): error TS7026: JSX element implicitly has type 'any' because no interface 'JSX.IntrinsicElements' exists.
app/billing/page.tsx(16,1465): error TS7026: JSX element implicitly has type 'any' because no interface 'JSX.IntrinsicElements' exists.
app/billing/page.tsx(16,1470): error TS7026: JSX element implicitly has type 'any' because no interface 'JSX.IntrinsicElements' exists.
app/billing/page.tsx(16,1501): error TS7026: JSX element implicitly has type 'any' because no interface 'JSX.IntrinsicElements' exists.
app/billing/page.tsx(16,1506): error TS7026: JSX element implicitly has type 'any' because no interface 'JSX.IntrinsicElements' exists.
app/billing/page.tsx(16,1539): error TS7026: JSX element implicitly has type 'any' because no interface 'JSX.IntrinsicElements' exists.
app/billing/page.tsx(16,1544): error TS7026: JSX element implicitly has type 'any' because no interface 'JSX.IntrinsicElements' exists.
app/billing/page.tsx(16,1550): error TS7026: JSX element implicitly has type 'any' because no interface 'JSX.IntrinsicElements' exists.
app/billing/page.tsx(16,1555): error TS7026: JSX element implicitly has type 'any' because no interface 'JSX.IntrinsicElements' exists.
app/billing/page.tsx(16,1577): error TS7026: JSX element implicitly has type 'any' because no interface 'JSX.IntrinsicElements' exists.
app/billing/page.tsx(16,1582): error TS7026: JSX element implicitly has type 'any' because no interface 'JSX.IntrinsicElements' exists.
app/billing/page.tsx(16,1607): error TS7026: JSX element implicitly has type 'any' because no interface 'JSX.IntrinsicElements' exists.
app/billing/page.tsx(16,1612): error TS7026: JSX element implicitly has type 'any' because no interface 'JSX.IntrinsicElements' exists.
app/billing/page.tsx(16,1618): error TS7026: JSX element implicitly has type 'any' because no interface 'JSX.IntrinsicElements' exists.
app/billing/page.tsx(16,1623): error TS7026: JSX element implicitly has type 'any' because no interface 'JSX.IntrinsicElements' exists.
app/billing/page.tsx(16,1638): error TS7026: JSX element implicitly has type 'any' because no interface 'JSX.IntrinsicElements' exists.
app/billing/page.tsx(16,1643): error TS7026: JSX element implicitly has type 'any' because no interface 'JSX.IntrinsicElements' exists.
app/billing/page.tsx(16,1666): error TS7026: JSX element implicitly has type 'any' because no interface 'JSX.IntrinsicElements' exists.
app/billing/page.tsx(16,1671): error TS7026: JSX element implicitly has type 'any' because no interface 'JSX.IntrinsicElements' exists.
app/billing/page.tsx(16,1677): error TS7026: JSX element implicitly has type 'any' because no interface 'JSX.IntrinsicElements' exists.
app/billing/page.tsx(16,1682): error TS7026: JSX element implicitly has type 'any' because no interface 'JSX.IntrinsicElements' exists.
app/billing/page.tsx(16,1693): error TS7026: JSX element implicitly has type 'any' because no interface 'JSX.IntrinsicElements' exists.
app/billing/page.tsx(16,1698): error TS7026: JSX element implicitly has type 'any' because no interface 'JSX.IntrinsicElements' exists.
app/billing/page.tsx(16,1740): error TS7026: JSX element implicitly has type 'any' because no interface 'JSX.IntrinsicElements' exists.
app/billing/page.tsx(16,1745): error TS7026: JSX element implicitly has type 'any' because no interface 'JSX.IntrinsicElements' exists.
app/billing/page.tsx(16,1751): error TS7026: JSX element implicitly has type 'any' because no interface 'JSX.IntrinsicElements' exists.
app/billing/page.tsx(16,1756): error TS7026: JSX element implicitly has type 'any' because no interface 'JSX.IntrinsicElements' exists.
app/billing/page.tsx(16,1847): error TS7026: JSX element implicitly has type 'any' because no interface 'JSX.IntrinsicElements' exists.
app/billing/page.tsx(16,1851): error TS7026: JSX element implicitly has type 'any' because no interface 'JSX.IntrinsicElements' exists.
app/billing/page.tsx(16,1888): error TS7026: JSX element implicitly has type 'any' because no interface 'JSX.IntrinsicElements' exists.
app/billing/page.tsx(16,2041): error TS7026: JSX element implicitly has type 'any' because no interface 'JSX.IntrinsicElements' exists.
app/billing/page.tsx(16,2060): error TS7026: JSX element implicitly has type 'any' because no interface 'JSX.IntrinsicElements' exists.
app/billing/page.tsx(16,2176): error TS7026: JSX element implicitly has type 'any' because no interface 'JSX.IntrinsicElements' exists.
app/billing/page.tsx(16,2186): error TS7026: JSX element implicitly has type 'any' because no interface 'JSX.IntrinsicElements' exists.
app/billing/page.tsx(16,2216): error TS7026: JSX element implicitly has type 'any' because no interface 'JSX.IntrinsicElements' exists.
app/billing/page.tsx(16,2231): error TS7026: JSX element implicitly has type 'any' because no interface 'JSX.IntrinsicElements' exists.
app/billing/page.tsx(16,2235): error TS7026: JSX element implicitly has type 'any' because no interface 'JSX.IntrinsicElements' exists.
app/billing/page.tsx(16,2254): error TS7026: JSX element implicitly has type 'any' because no interface 'JSX.IntrinsicElements' exists.
app/billing/page.tsx(16,2301): error TS7026: JSX element implicitly has type 'any' because no interface 'JSX.IntrinsicElements' exists.
app/billing/page.tsx(16,2310): error TS7026: JSX element implicitly has type 'any' because no interface 'JSX.IntrinsicElements' exists.
app/billing/page.tsx(16,2314): error TS7026: JSX element implicitly has type 'any' because no interface 'JSX.IntrinsicElements' exists.
app/billing/page.tsx(16,2330): error TS7026: JSX element implicitly has type 'any' because no interface 'JSX.IntrinsicElements' exists.
app/billing/page.tsx(16,2379): error TS7026: JSX element implicitly has type 'any' because no interface 'JSX.IntrinsicElements' exists.
app/billing/page.tsx(16,2388): error TS7026: JSX element implicitly has type 'any' because no interface 'JSX.IntrinsicElements' exists.
app/billing/page.tsx(16,2392): error TS7026: JSX element implicitly has type 'any' because no interface 'JSX.IntrinsicElements' exists.
app/billing/page.tsx(16,2426): error TS7026: JSX element implicitly has type 'any' because no interface 'JSX.IntrinsicElements' exists.
app/billing/page.tsx(16,2431): error TS7026: JSX element implicitly has type 'any' because no interface 'JSX.IntrinsicElements' exists.
app/billing/page.tsx(16,2445): error TS7026: JSX element implicitly has type 'any' because no interface 'JSX.IntrinsicElements' exists.
app/billing/page.tsx(16,2450): error TS7026: JSX element implicitly has type 'any' because no interface 'JSX.IntrinsicElements' exists.
app/billing/page.tsx(16,2476): error TS7026: JSX element implicitly has type 'any' because no interface 'JSX.IntrinsicElements' exists.
app/billing/page.tsx(16,2481): error TS7026: JSX element implicitly has type 'any' because no interface 'JSX.IntrinsicElements' exists.
app/billing/page.tsx(16,2487): error TS7026: JSX element implicitly has type 'any' because no interface 'JSX.IntrinsicElements' exists.
app/billing/page.tsx(16,2492): error TS7026: JSX element implicitly has type 'any' because no interface 'JSX.IntrinsicElements' exists.
app/billing/page.tsx(16,2508): error TS7026: JSX element implicitly has type 'any' because no interface 'JSX.IntrinsicElements' exists.
app/billing/page.tsx(16,2513): error TS7026: JSX element implicitly has type 'any' because no interface 'JSX.IntrinsicElements' exists.
app/billing/page.tsx(16,2536): error TS7026: JSX element implicitly has type 'any' because no interface 'JSX.IntrinsicElements' exists.
app/billing/page.tsx(16,2541): error TS7026: JSX element implicitly has type 'any' because no interface 'JSX.IntrinsicElements' exists.
app/billing/page.tsx(16,2547): error TS7026: JSX element implicitly has type 'any' because no interface 'JSX.IntrinsicElements' exists.
app/billing/page.tsx(16,2552): error TS7026: JSX element implicitly has type 'any' because no interface 'JSX.IntrinsicElements' exists.
app/billing/page.tsx(16,2568): error TS7026: JSX element implicitly has type 'any' because no interface 'JSX.IntrinsicElements' exists.
app/billing/page.tsx(16,2573): error TS7026: JSX element implicitly has type 'any' because no interface 'JSX.IntrinsicElements' exists.
app/billing/page.tsx(16,2604): error TS7026: JSX element implicitly has type 'any' because no interface 'JSX.IntrinsicElements' exists.
app/billing/page.tsx(16,2609): error TS7026: JSX element implicitly has type 'any' because no interface 'JSX.IntrinsicElements' exists.
app/billing/page.tsx(16,2615): error TS7026: JSX element implicitly has type 'any' because no interface 'JSX.IntrinsicElements' exists.
app/billing/page.tsx(16,2620): error TS7026: JSX element implicitly has type 'any' because no interface 'JSX.IntrinsicElements' exists.
app/billing/page.tsx(16,2637): error TS7026: JSX element implicitly has type 'any' because no interface 'JSX.IntrinsicElements' exists.
app/billing/page.tsx(16,2642): error TS7026: JSX element implicitly has type 'any' because no interface 'JSX.IntrinsicElements' exists.
app/billing/page.tsx(16,2719): error TS7026: JSX element implicitly has type 'any' because no interface 'JSX.IntrinsicElements' exists.
app/billing/page.tsx(16,2724): error TS7026: JSX element implicitly has type 'any' because no interface 'JSX.IntrinsicElements' exists.
app/billing/page.tsx(16,2730): error TS7026: JSX element implicitly has type 'any' because no interface 'JSX.IntrinsicElements' exists.
app/billing/page.tsx(16,2735): error TS7026: JSX element implicitly has type 'any' because no interface 'JSX.IntrinsicElements' exists.
app/billing/page.tsx(16,2755): error TS7026: JSX element implicitly has type 'any' because no interface 'JSX.IntrinsicElements' exists.
app/billing/page.tsx(16,2760): error TS7026: JSX element implicitly has type 'any' because no interface 'JSX.IntrinsicElements' exists.
app/billing/page.tsx(16,2782): error TS7026: JSX element implicitly has type 'any' because no interface 'JSX.IntrinsicElements' exists.
app/billing/page.tsx(16,2787): error TS7026: JSX element implicitly has type 'any' because no interface 'JSX.IntrinsicElements' exists.
app/billing/page.tsx(16,2793): error TS7026: JSX element implicitly has type 'any' because no interface 'JSX.IntrinsicElements' exists.
app/billing/page.tsx(16,2804): error TS7026: JSX element implicitly has type 'any' because no interface 'JSX.IntrinsicElements' exists.
app/billing/page.tsx(16,2807): error TS7026: JSX element implicitly has type 'any' because no interface 'JSX.IntrinsicElements' exists.
app/billing/page.tsx(16,2921): error TS7026: JSX element implicitly has type 'any' because no interface 'JSX.IntrinsicElements' exists.
app/billing/page.tsx(16,2930): error TS7026: JSX element implicitly has type 'any' because no interface 'JSX.IntrinsicElements' exists.
app/billing/page.tsx(16,2934): error TS7026: JSX element implicitly has type 'any' because no interface 'JSX.IntrinsicElements' exists.
app/billing/page.tsx(16,3030): error TS7026: JSX element implicitly has type 'any' because no interface 'JSX.IntrinsicElements' exists.
app/billing/page.tsx(16,3038): error TS7026: JSX element implicitly has type 'any' because no interface 'JSX.IntrinsicElements' exists.
app/billing/page.tsx(16,3066): error TS7026: JSX element implicitly has type 'any' because no interface 'JSX.IntrinsicElements' exists.
app/billing/page.tsx(16,3205): error TS7026: JSX element implicitly has type 'any' because no interface 'JSX.IntrinsicElements' exists.
app/billing/page.tsx(16,3210): error TS7026: JSX element implicitly has type 'any' because no interface 'JSX.IntrinsicElements' exists.
app/billing/page.tsx(16,3228): error TS7026: JSX element implicitly has type 'any' because no interface 'JSX.IntrinsicElements' exists.
app/billing/page.tsx(16,3301): error TS7026: JSX element implicitly has type 'any' because no interface 'JSX.IntrinsicElements' exists.
app/billing/page.tsx(16,3311): error TS7026: JSX element implicitly has type 'any' because no interface 'JSX.IntrinsicElements' exists.
app/billing/page.tsx(16,3340): error TS7026: JSX element implicitly has type 'any' because no interface 'JSX.IntrinsicElements' exists.
app/billing/page.tsx(16,3388): error TS7006: Parameter 'n' implicitly has an 'any' type.
app/billing/page.tsx(16,3405): error TS7026: JSX element implicitly has type 'any' because no interface 'JSX.IntrinsicElements' exists.
app/billing/page.tsx(16,3414): error TS7026: JSX element implicitly has type 'any' because no interface 'JSX.IntrinsicElements' exists.
app/billing/page.tsx(16,3454): error TS7026: JSX element implicitly has type 'any' because no interface 'JSX.IntrinsicElements' exists.
app/billing/page.tsx(16,3461): error TS7026: JSX element implicitly has type 'any' because no interface 'JSX.IntrinsicElements' exists.
app/billing/page.tsx(16,3532): error TS7006: Parameter 'n' implicitly has an 'any' type.
app/billing/page.tsx(16,3545): error TS7026: JSX element implicitly has type 'any' because no interface 'JSX.IntrinsicElements' exists.
app/billing/page.tsx(16,3554): error TS7026: JSX element implicitly has type 'any' because no interface 'JSX.IntrinsicElements' exists.
app/billing/page.tsx(16,3564): error TS7026: JSX element implicitly has type 'any' because no interface 'JSX.IntrinsicElements' exists.
app/billing/page.tsx(16,3845): error TS7026: JSX element implicitly has type 'any' because no interface 'JSX.IntrinsicElements' exists.
app/billing/page.tsx(16,3849): error TS7026: JSX element implicitly has type 'any' because no interface 'JSX.IntrinsicElements' exists.
app/book/page.tsx(3,132): error TS2741: Property 'children' is missing in type '{ kicker: string; title: string; intro: string; }' but required in type '{ kicker: string; title: string; intro: string; children: React.ReactNode; backLabel?: string | undefined; }'.
app/book/page.tsx(3,409): error TS7026: JSX element implicitly has type 'any' because no interface 'JSX.IntrinsicElements' exists.
app/book/page.tsx(3,442): error TS7026: JSX element implicitly has type 'any' because no interface 'JSX.IntrinsicElements' exists.
app/book/page.tsx(3,475): error TS7026: JSX element implicitly has type 'any' because no interface 'JSX.IntrinsicElements' exists.
app/book/page.tsx(3,542): error TS7026: JSX element implicitly has type 'any' because no interface 'JSX.IntrinsicElements' exists.
app/book/page.tsx(3,547): error TS7026: JSX element implicitly has type 'any' because no interface 'JSX.IntrinsicElements' exists.
app/book/page.tsx(3,673): error TS7026: JSX element implicitly has type 'any' because no interface 'JSX.IntrinsicElements' exists.
app/book/page.tsx(3,677): error TS7026: JSX element implicitly has type 'any' because no interface 'JSX.IntrinsicElements' exists.
app/book/page.tsx(3,687): error TS7026: JSX element implicitly has type 'any' because no interface 'JSX.IntrinsicElements' exists.
app/certificates/page.tsx(2,34): error TS2307: Cannot find module 'react' or its corresponding type declarations.
app/certificates/page.tsx(2,66): error TS2307: Cannot find module 'next/navigation' or its corresponding type declarations.
app/certificates/page.tsx(6,157): error TS7006: Parameter 'n' implicitly has an 'any' type.
app/certificates/page.tsx(7,10): error TS2741: Property 'children' is missing in type '{ kicker: string; title: string; intro: string; }' but required in type '{ kicker: string; title: string; intro: string; children: React.ReactNode; backLabel?: string | undefined; }'.
app/certificates/page.tsx(7,157): error TS7026: JSX element implicitly has type 'any' because no interface 'JSX.IntrinsicElements' exists.
app/certificates/page.tsx(7,214): error TS7026: JSX element implicitly has type 'any' because no interface 'JSX.IntrinsicElements' exists.
app/certificates/page.tsx(7,264): error TS7006: Parameter 'n' implicitly has an 'any' type.
app/certificates/page.tsx(7,287): error TS7026: JSX element implicitly has type 'any' because no interface 'JSX.IntrinsicElements' exists.
app/certificates/page.tsx(7,304): error TS7026: JSX element implicitly has type 'any' because no interface 'JSX.IntrinsicElements' exists.
app/certificates/page.tsx(7,349): error TS7026: JSX element implicitly has type 'any' because no interface 'JSX.IntrinsicElements' exists.
app/certificates/page.tsx(7,354): error TS7026: JSX element implicitly has type 'any' because no interface 'JSX.IntrinsicElements' exists.
app/certificates/page.tsx(7,438): error TS7026: JSX element implicitly has type 'any' because no interface 'JSX.IntrinsicElements' exists.
app/certificates/page.tsx(7,486): error TS7026: JSX element implicitly has type 'any' because no interface 'JSX.IntrinsicElements' exists.
app/certificates/page.tsx(7,526): error TS7026: JSX element implicitly has type 'any' because no interface 'JSX.IntrinsicElements' exists.
app/certificates/page.tsx(7,533): error TS7026: JSX element implicitly has type 'any' because no interface 'JSX.IntrinsicElements' exists.
app/certificates/page.tsx(7,555): error TS7026: JSX element implicitly has type 'any' because no interface 'JSX.IntrinsicElements' exists.
app/certificates/page.tsx(7,560): error TS7026: JSX element implicitly has type 'any' because no interface 'JSX.IntrinsicElements' exists.
app/certificates/page.tsx(7,622): error TS7026: JSX element implicitly has type 'any' because no interface 'JSX.IntrinsicElements' exists.
app/certificates/page.tsx(7,664): error TS7026: JSX element implicitly has type 'any' because no interface 'JSX.IntrinsicElements' exists.
app/certificates/page.tsx(7,676): error TS7026: JSX element implicitly has type 'any' because no interface 'JSX.IntrinsicElements' exists.
app/certificates/page.tsx(7,783): error TS7026: JSX element implicitly has type 'any' because no interface 'JSX.IntrinsicElements' exists.
app/certificates/page.tsx(7,788): error TS7026: JSX element implicitly has type 'any' because no interface 'JSX.IntrinsicElements' exists.
app/certificates/page.tsx(7,826): error TS7026: JSX element implicitly has type 'any' because no interface 'JSX.IntrinsicElements' exists.
app/certificates/page.tsx(7,831): error TS7026: JSX element implicitly has type 'any' because no interface 'JSX.IntrinsicElements' exists.
app/certificates/page.tsx(7,844): error TS7026: JSX element implicitly has type 'any' because no interface 'JSX.IntrinsicElements' exists.
app/certificates/page.tsx(7,873): error TS7026: JSX element implicitly has type 'any' because no interface 'JSX.IntrinsicElements' exists.
app/certificates/page.tsx(7,921): error TS7006: Parameter 'n' implicitly has an 'any' type.
app/certificates/page.tsx(7,938): error TS7026: JSX element implicitly has type 'any' because no interface 'JSX.IntrinsicElements' exists.
app/certificates/page.tsx(7,947): error TS7026: JSX element implicitly has type 'any' because no interface 'JSX.IntrinsicElements' exists.
app/certificates/page.tsx(7,991): error TS7026: JSX element implicitly has type 'any' because no interface 'JSX.IntrinsicElements' exists.
app/certificates/page.tsx(7,998): error TS7026: JSX element implicitly has type 'any' because no interface 'JSX.IntrinsicElements' exists.
app/certificates/page.tsx(7,1069): error TS7006: Parameter 'n' implicitly has an 'any' type.
app/certificates/page.tsx(7,1082): error TS7026: JSX element implicitly has type 'any' because no interface 'JSX.IntrinsicElements' exists.
app/certificates/page.tsx(7,1091): error TS7026: JSX element implicitly has type 'any' because no interface 'JSX.IntrinsicElements' exists.
app/certificates/page.tsx(7,1098): error TS7026: JSX element implicitly has type 'any' because no interface 'JSX.IntrinsicElements' exists.
app/certificates/verify/[token]/layout.tsx(1,29): error TS2307: Cannot find module 'next' or its corresponding type declarations.
app/certificates/verify/[token]/layout.tsx(3,53): error TS2503: Cannot find namespace 'React'.
app/certificates/verify/[token]/page.tsx(2,34): error TS2307: Cannot find module 'react' or its corresponding type declarations.
app/certificates/verify/[token]/page.tsx(2,66): error TS2307: Cannot find module 'next/navigation' or its corresponding type declarations.
app/certificates/verify/[token]/page.tsx(3,374): error TS2741: Property 'children' is missing in type '{ kicker: string; title: string; intro: string; }' but required in type '{ kicker: string; title: string; intro: string; children: React.ReactNode; backLabel?: string | undefined; }'.
app/certificates/verify/[token]/page.tsx(3,511): error TS7026: JSX element implicitly has type 'any' because no interface 'JSX.IntrinsicElements' exists.
app/certificates/verify/[token]/page.tsx(3,569): error TS7026: JSX element implicitly has type 'any' because no interface 'JSX.IntrinsicElements' exists.
app/certificates/verify/[token]/page.tsx(3,616): error TS7026: JSX element implicitly has type 'any' because no interface 'JSX.IntrinsicElements' exists.
app/certificates/verify/[token]/page.tsx(3,629): error TS7026: JSX element implicitly has type 'any' because no interface 'JSX.IntrinsicElements' exists.
app/certificates/verify/[token]/page.tsx(3,653): error TS7026: JSX element implicitly has type 'any' because no interface 'JSX.IntrinsicElements' exists.
app/certificates/verify/[token]/page.tsx(3,658): error TS7026: JSX element implicitly has type 'any' because no interface 'JSX.IntrinsicElements' exists.
app/certificates/verify/[token]/page.tsx(3,691): error TS7026: JSX element implicitly has type 'any' because no interface 'JSX.IntrinsicElements' exists.
app/certificates/verify/[token]/page.tsx(3,782): error TS7026: JSX element implicitly has type 'any' because no interface 'JSX.IntrinsicElements' exists.
app/certificates/verify/[token]/page.tsx(3,789): error TS7026: JSX element implicitly has type 'any' because no interface 'JSX.IntrinsicElements' exists.
app/certificates/verify/[token]/page.tsx(3,804): error TS7026: JSX element implicitly has type 'any' because no interface 'JSX.IntrinsicElements' exists.
app/certificates/verify/[token]/page.tsx(3,809): error TS7026: JSX element implicitly has type 'any' because no interface 'JSX.IntrinsicElements' exists.
app/certificates/verify/[token]/page.tsx(3,825): error TS7026: JSX element implicitly has type 'any' because no interface 'JSX.IntrinsicElements' exists.
app/certificates/verify/[token]/page.tsx(3,829): error TS7026: JSX element implicitly has type 'any' because no interface 'JSX.IntrinsicElements' exists.
app/certificates/verify/[token]/page.tsx(3,833): error TS7026: JSX element implicitly has type 'any' because no interface 'JSX.IntrinsicElements' exists.
app/certificates/verify/[token]/page.tsx(3,848): error TS7026: JSX element implicitly has type 'any' because no interface 'JSX.IntrinsicElements' exists.
app/certificates/verify/[token]/page.tsx(3,853): error TS7026: JSX element implicitly has type 'any' because no interface 'JSX.IntrinsicElements' exists.
app/certificates/verify/[token]/page.tsx(3,870): error TS7026: JSX element implicitly has type 'any' because no interface 'JSX.IntrinsicElements' exists.
app/certificates/verify/[token]/page.tsx(3,875): error TS7026: JSX element implicitly has type 'any' because no interface 'JSX.IntrinsicElements' exists.
app/certificates/verify/[token]/page.tsx(3,888): error TS7026: JSX element implicitly has type 'any' because no interface 'JSX.IntrinsicElements' exists.
app/certificates/verify/[token]/page.tsx(3,893): error TS7026: JSX element implicitly has type 'any' because no interface 'JSX.IntrinsicElements' exists.
app/certificates/verify/[token]/page.tsx(3,946): error TS7026: JSX element implicitly has type 'any' because no interface 'JSX.IntrinsicElements' exists.
app/certificates/verify/[token]/page.tsx(3,951): error TS7026: JSX element implicitly has type 'any' because no interface 'JSX.IntrinsicElements' exists.
app/certificates/verify/[token]/page.tsx(3,961): error TS7026: JSX element implicitly has type 'any' because no interface 'JSX.IntrinsicElements' exists.
app/certificates/verify/[token]/page.tsx(3,966): error TS7026: JSX element implicitly has type 'any' because no interface 'JSX.IntrinsicElements' exists.
app/certificates/verify/[token]/page.tsx(3,1016): error TS7026: JSX element implicitly has type 'any' because no interface 'JSX.IntrinsicElements' exists.
app/certificates/verify/[token]/page.tsx(3,1021): error TS7026: JSX element implicitly has type 'any' because no interface 'JSX.IntrinsicElements' exists.
app/certificates/verify/[token]/page.tsx(3,1031): error TS7026: JSX element implicitly has type 'any' because no interface 'JSX.IntrinsicElements' exists.
app/certificates/verify/[token]/page.tsx(3,1036): error TS7026: JSX element implicitly has type 'any' because no interface 'JSX.IntrinsicElements' exists.
app/certificates/verify/[token]/page.tsx(3,1137): error TS7026: JSX element implicitly has type 'any' because no interface 'JSX.IntrinsicElements' exists.
app/certificates/verify/[token]/page.tsx(3,1142): error TS7026: JSX element implicitly has type 'any' because no interface 'JSX.IntrinsicElements' exists.
app/certificates/verify/[token]/page.tsx(3,1147): error TS7026: JSX element implicitly has type 'any' because no interface 'JSX.IntrinsicElements' exists.
app/certificates/verify/[token]/page.tsx(3,1311): error TS7026: JSX element implicitly has type 'any' because no interface 'JSX.IntrinsicElements' exists.
app/certificates/verify/[token]/page.tsx(3,1315): error TS7026: JSX element implicitly has type 'any' because no interface 'JSX.IntrinsicElements' exists.
app/certificates/verify/[token]/page.tsx(3,1326): error TS7026: JSX element implicitly has type 'any' because no interface 'JSX.IntrinsicElements' exists.
app/checkout/page.tsx(2,41): error TS2307: Cannot find module 'react' or its corresponding type declarations.
app/checkout/page.tsx(2,89): error TS2307: Cannot find module 'next/navigation' or its corresponding type declarations.
app/checkout/page.tsx(10,257): error TS7006: Parameter 'p' implicitly has an 'any' type.
app/checkout/page.tsx(17,26): error TS7026: JSX element implicitly has type 'any' because no interface 'JSX.IntrinsicElements' exists.
app/checkout/page.tsx(17,45): error TS7026: JSX element implicitly has type 'any' because no interface 'JSX.IntrinsicElements' exists.
app/checkout/page.tsx(17,96): error TS7026: JSX element implicitly has type 'any' because no interface 'JSX.IntrinsicElements' exists.
app/checkout/page.tsx(17,102): error TS7026: JSX element implicitly has type 'any' because no interface 'JSX.IntrinsicElements' exists.
app/checkout/page.tsx(18,9): error TS7026: JSX element implicitly has type 'any' because no interface 'JSX.IntrinsicElements' exists.
app/checkout/page.tsx(18,28): error TS7026: JSX element implicitly has type 'any' because no interface 'JSX.IntrinsicElements' exists.
app/checkout/page.tsx(18,132): error TS7026: JSX element implicitly has type 'any' because no interface 'JSX.IntrinsicElements' exists.
app/checkout/page.tsx(18,172): error TS7026: JSX element implicitly has type 'any' because no interface 'JSX.IntrinsicElements' exists.
app/checkout/page.tsx(18,179): error TS7026: JSX element implicitly has type 'any' because no interface 'JSX.IntrinsicElements' exists.
app/checkout/page.tsx(18,211): error TS7026: JSX element implicitly has type 'any' because no interface 'JSX.IntrinsicElements' exists.
app/checkout/page.tsx(18,216): error TS7026: JSX element implicitly has type 'any' because no interface 'JSX.IntrinsicElements' exists.
app/checkout/page.tsx(18,307): error TS7026: JSX element implicitly has type 'any' because no interface 'JSX.IntrinsicElements' exists.
app/checkout/page.tsx(18,319): error TS7026: JSX element implicitly has type 'any' because no interface 'JSX.IntrinsicElements' exists.
app/checkout/page.tsx(18,366): error TS7026: JSX element implicitly has type 'any' because no interface 'JSX.IntrinsicElements' exists.
app/checkout/page.tsx(18,373): error TS7026: JSX element implicitly has type 'any' because no interface 'JSX.IntrinsicElements' exists.
app/checkout/page.tsx(18,405): error TS7026: JSX element implicitly has type 'any' because no interface 'JSX.IntrinsicElements' exists.
app/checkout/page.tsx(18,410): error TS7026: JSX element implicitly has type 'any' because no interface 'JSX.IntrinsicElements' exists.
app/checkout/page.tsx(18,445): error TS7026: JSX element implicitly has type 'any' because no interface 'JSX.IntrinsicElements' exists.
app/checkout/page.tsx(18,545): error TS7026: JSX element implicitly has type 'any' because no interface 'JSX.IntrinsicElements' exists.
app/checkout/page.tsx(18,565): error TS7026: JSX element implicitly has type 'any' because no interface 'JSX.IntrinsicElements' exists.
app/checkout/page.tsx(18,569): error TS7026: JSX element implicitly has type 'any' because no interface 'JSX.IntrinsicElements' exists.
app/checkout/page.tsx(18,605): error TS7026: JSX element implicitly has type 'any' because no interface 'JSX.IntrinsicElements' exists.
app/checkout/page.tsx(18,612): error TS7026: JSX element implicitly has type 'any' because no interface 'JSX.IntrinsicElements' exists.
app/checkout/page.tsx(18,622): error TS7026: JSX element implicitly has type 'any' because no interface 'JSX.IntrinsicElements' exists.
app/checkout/page.tsx(18,730): error TS7026: JSX element implicitly has type 'any' because no interface 'JSX.IntrinsicElements' exists.
app/checkout/page.tsx(18,751): error TS7026: JSX element implicitly has type 'any' because no interface 'JSX.IntrinsicElements' exists.
app/checkout/page.tsx(18,755): error TS7026: JSX element implicitly has type 'any' because no interface 'JSX.IntrinsicElements' exists.
app/checkout/page.tsx(18,803): error TS7026: JSX element implicitly has type 'any' because no interface 'JSX.IntrinsicElements' exists.
app/checkout/page.tsx(18,810): error TS7026: JSX element implicitly has type 'any' because no interface 'JSX.IntrinsicElements' exists.
app/checkout/page.tsx(18,819): error TS7026: JSX element implicitly has type 'any' because no interface 'JSX.IntrinsicElements' exists.
app/checkout/page.tsx(18,847): error TS7026: JSX element implicitly has type 'any' because no interface 'JSX.IntrinsicElements' exists.
app/checkout/page.tsx(18,891): error TS7006: Parameter 'p' implicitly has an 'any' type.
app/checkout/page.tsx(18,894): error TS7026: JSX element implicitly has type 'any' because no interface 'JSX.IntrinsicElements' exists.
app/checkout/page.tsx(18,1003): error TS7026: JSX element implicitly has type 'any' because no interface 'JSX.IntrinsicElements' exists.
app/checkout/page.tsx(18,1014): error TS7026: JSX element implicitly has type 'any' because no interface 'JSX.IntrinsicElements' exists.
app/checkout/page.tsx(18,1018): error TS7026: JSX element implicitly has type 'any' because no interface 'JSX.IntrinsicElements' exists.
app/checkout/page.tsx(18,1077): error TS7026: JSX element implicitly has type 'any' because no interface 'JSX.IntrinsicElements' exists.
app/checkout/page.tsx(18,1084): error TS7026: JSX element implicitly has type 'any' because no interface 'JSX.IntrinsicElements' exists.
app/checkout/page.tsx(18,1126): error TS7026: JSX element implicitly has type 'any' because no interface 'JSX.IntrinsicElements' exists.
app/checkout/page.tsx(18,1135): error TS7026: JSX element implicitly has type 'any' because no interface 'JSX.IntrinsicElements' exists.
app/checkout/page.tsx(18,1146): error TS7026: JSX element implicitly has type 'any' because no interface 'JSX.IntrinsicElements' exists.
app/checkout/page.tsx(18,1162): error TS7026: JSX element implicitly has type 'any' because no interface 'JSX.IntrinsicElements' exists.
app/checkout/page.tsx(18,1194): error TS7026: JSX element implicitly has type 'any' because no interface 'JSX.IntrinsicElements' exists.
app/checkout/page.tsx(18,1214): error TS7026: JSX element implicitly has type 'any' because no interface 'JSX.IntrinsicElements' exists.
app/checkout/page.tsx(18,1277): error TS7026: JSX element implicitly has type 'any' because no interface 'JSX.IntrinsicElements' exists.
app/checkout/page.tsx(18,1307): error TS7026: JSX element implicitly has type 'any' because no interface 'JSX.IntrinsicElements' exists.
app/checkout/page.tsx(18,1383): error TS7026: JSX element implicitly has type 'any' because no interface 'JSX.IntrinsicElements' exists.
app/checkout/page.tsx(18,1419): error TS7026: JSX element implicitly has type 'any' because no interface 'JSX.IntrinsicElements' exists.
app/checkout/page.tsx(18,1482): error TS7026: JSX element implicitly has type 'any' because no interface 'JSX.IntrinsicElements' exists.
app/checkout/page.tsx(18,1501): error TS7026: JSX element implicitly has type 'any' because no interface 'JSX.IntrinsicElements' exists.
app/checkout/page.tsx(18,1616): error TS7026: JSX element implicitly has type 'any' because no interface 'JSX.IntrinsicElements' exists.
app/checkout/page.tsx(18,1622): error TS7026: JSX element implicitly has type 'any' because no interface 'JSX.IntrinsicElements' exists.
app/checkout/page.tsx(18,1634): error TS7026: JSX element implicitly has type 'any' because no interface 'JSX.IntrinsicElements' exists.
app/checkout/page.tsx(18,1638): error TS7026: JSX element implicitly has type 'any' because no interface 'JSX.IntrinsicElements' exists.
app/checkout/page.tsx(18,1805): error TS7026: JSX element implicitly has type 'any' because no interface 'JSX.IntrinsicElements' exists.
app/checkout/page.tsx(18,1813): error TS7026: JSX element implicitly has type 'any' because no interface 'JSX.IntrinsicElements' exists.
app/checkout/page.tsx(18,1859): error TS7026: JSX element implicitly has type 'any' because no interface 'JSX.IntrinsicElements' exists.
app/checkout/page.tsx(18,1867): error TS7026: JSX element implicitly has type 'any' because no interface 'JSX.IntrinsicElements' exists.
app/checkout/page.tsx(18,1874): error TS7026: JSX element implicitly has type 'any' because no interface 'JSX.IntrinsicElements' exists.
app/checkout/page.tsx(18,1919): error TS7026: JSX element implicitly has type 'any' because no interface 'JSX.IntrinsicElements' exists.
app/checkout/page.tsx(18,1928): error TS7026: JSX element implicitly has type 'any' because no interface 'JSX.IntrinsicElements' exists.
app/checkout/page.tsx(18,1938): error TS7026: JSX element implicitly has type 'any' because no interface 'JSX.IntrinsicElements' exists.
app/checkout/page.tsx(18,1945): error TS7026: JSX element implicitly has type 'any' because no interface 'JSX.IntrinsicElements' exists.
app/checkout/page.tsx(18,2002): error TS7026: JSX element implicitly has type 'any' because no interface 'JSX.IntrinsicElements' exists.
app/checkout/page.tsx(18,2007): error TS7026: JSX element implicitly has type 'any' because no interface 'JSX.IntrinsicElements' exists.
app/checkout/page.tsx(18,2071): error TS7026: JSX element implicitly has type 'any' because no interface 'JSX.IntrinsicElements' exists.
app/checkout/page.tsx(18,2215): error TS7026: JSX element implicitly has type 'any' because no interface 'JSX.IntrinsicElements' exists.
app/checkout/page.tsx(18,2293): error TS7026: JSX element implicitly has type 'any' because no interface 'JSX.IntrinsicElements' exists.
app/checkout/page.tsx(18,2300): error TS7026: JSX element implicitly has type 'any' because no interface 'JSX.IntrinsicElements' exists.
app/checkout/page.tsx(18,2306): error TS7026: JSX element implicitly has type 'any' because no interface 'JSX.IntrinsicElements' exists.
app/checkout/page.tsx(18,2409): error TS7026: JSX element implicitly has type 'any' because no interface 'JSX.IntrinsicElements' exists.
app/checkout/page.tsx(18,2413): error TS7026: JSX element implicitly has type 'any' because no interface 'JSX.IntrinsicElements' exists.
app/checkout/page.tsx(18,2545): error TS7026: JSX element implicitly has type 'any' because no interface 'JSX.IntrinsicElements' exists.
app/checkout/page.tsx(18,2553): error TS7026: JSX element implicitly has type 'any' because no interface 'JSX.IntrinsicElements' exists.
app/checkout/page.tsx(18,2560): error TS7026: JSX element implicitly has type 'any' because no interface 'JSX.IntrinsicElements' exists.
app/checkout/page.tsx(18,2571): error TS7026: JSX element implicitly has type 'any' because no interface 'JSX.IntrinsicElements' exists.
app/checkout/page.tsx(18,2590): error TS7026: JSX element implicitly has type 'any' because no interface 'JSX.IntrinsicElements' exists.
app/checkout/page.tsx(18,2727): error TS7026: JSX element implicitly has type 'any' because no interface 'JSX.IntrinsicElements' exists.
app/checkout/page.tsx(18,2807): error TS7026: JSX element implicitly has type 'any' because no interface 'JSX.IntrinsicElements' exists.
app/checkout/page.tsx(18,2933): error TS7026: JSX element implicitly has type 'any' because no interface 'JSX.IntrinsicElements' exists.
app/checkout/page.tsx(18,2938): error TS7026: JSX element implicitly has type 'any' because no interface 'JSX.IntrinsicElements' exists.
app/checkout/page.tsx(18,3153): error TS7026: JSX element implicitly has type 'any' because no interface 'JSX.IntrinsicElements' exists.
app/checkout/page.tsx(18,3172): error TS7026: JSX element implicitly has type 'any' because no interface 'JSX.IntrinsicElements' exists.
app/checkout/page.tsx(18,3259): error TS7026: JSX element implicitly has type 'any' because no interface 'JSX.IntrinsicElements' exists.
app/checkout/page.tsx(18,3273): error TS7026: JSX element implicitly has type 'any' because no interface 'JSX.IntrinsicElements' exists.
app/checkout/page.tsx(18,3279): error TS7026: JSX element implicitly has type 'any' because no interface 'JSX.IntrinsicElements' exists.
app/checkout/page.tsx(18,3311): error TS7026: JSX element implicitly has type 'any' because no interface 'JSX.IntrinsicElements' exists.
app/checkout/page.tsx(18,3349): error TS7026: JSX element implicitly has type 'any' because no interface 'JSX.IntrinsicElements' exists.
app/checkout/page.tsx(18,3356): error TS7026: JSX element implicitly has type 'any' because no interface 'JSX.IntrinsicElements' exists.
app/checkout/page.tsx(18,3397): error TS7026: JSX element implicitly has type 'any' because no interface 'JSX.IntrinsicElements' exists.
app/checkout/page.tsx(18,3402): error TS7026: JSX element implicitly has type 'any' because no interface 'JSX.IntrinsicElements' exists.
app/checkout/page.tsx(18,3407): error TS7026: JSX element implicitly has type 'any' because no interface 'JSX.IntrinsicElements' exists.
app/checkout/page.tsx(18,3419): error TS7026: JSX element implicitly has type 'any' because no interface 'JSX.IntrinsicElements' exists.
app/checkout/page.tsx(18,3426): error TS7026: JSX element implicitly has type 'any' because no interface 'JSX.IntrinsicElements' exists.
app/checkout/page.tsx(18,3483): error TS7026: JSX element implicitly has type 'any' because no interface 'JSX.IntrinsicElements' exists.
app/checkout/page.tsx(18,3487): error TS7026: JSX element implicitly has type 'any' because no interface 'JSX.IntrinsicElements' exists.
app/checkout/page.tsx(18,3493): error TS7026: JSX element implicitly has type 'any' because no interface 'JSX.IntrinsicElements' exists.
app/checkout/page.tsx(18,3498): error TS7026: JSX element implicitly has type 'any' because no interface 'JSX.IntrinsicElements' exists.
app/checkout/page.tsx(18,3509): error TS7026: JSX element implicitly has type 'any' because no interface 'JSX.IntrinsicElements' exists.
app/checkout/page.tsx(18,3516): error TS7026: JSX element implicitly has type 'any' because no interface 'JSX.IntrinsicElements' exists.
app/checkout/page.tsx(18,3574): error TS7026: JSX element implicitly has type 'any' because no interface 'JSX.IntrinsicElements' exists.
app/checkout/page.tsx(18,3578): error TS7026: JSX element implicitly has type 'any' because no interface 'JSX.IntrinsicElements' exists.
app/checkout/page.tsx(18,3592): error TS7026: JSX element implicitly has type 'any' because no interface 'JSX.IntrinsicElements' exists.
app/checkout/page.tsx(18,3597): error TS7026: JSX element implicitly has type 'any' because no interface 'JSX.IntrinsicElements' exists.
app/checkout/page.tsx(18,3607): error TS7026: JSX element implicitly has type 'any' because no interface 'JSX.IntrinsicElements' exists.
app/checkout/page.tsx(18,3614): error TS7026: JSX element implicitly has type 'any' because no interface 'JSX.IntrinsicElements' exists.
app/checkout/page.tsx(18,3739): error TS7026: JSX element implicitly has type 'any' because no interface 'JSX.IntrinsicElements' exists.
app/checkout/page.tsx(18,3743): error TS7026: JSX element implicitly has type 'any' because no interface 'JSX.IntrinsicElements' exists.
app/checkout/page.tsx(18,3750): error TS7026: JSX element implicitly has type 'any' because no interface 'JSX.IntrinsicElements' exists.
app/checkout/page.tsx(18,3755): error TS7026: JSX element implicitly has type 'any' because no interface 'JSX.IntrinsicElements' exists.
app/checkout/page.tsx(18,3914): error TS7026: JSX element implicitly has type 'any' because no interface 'JSX.IntrinsicElements' exists.
app/checkout/page.tsx(18,3918): error TS7026: JSX element implicitly has type 'any' because no interface 'JSX.IntrinsicElements' exists.
app/checkout/page.tsx(18,4019): error TS7026: JSX element implicitly has type 'any' because no interface 'JSX.IntrinsicElements' exists.
app/checkout/page.tsx(18,4023): error TS7026: JSX element implicitly has type 'any' because no interface 'JSX.IntrinsicElements' exists.
app/checkout/page.tsx(18,4031): error TS7026: JSX element implicitly has type 'any' because no interface 'JSX.IntrinsicElements' exists.
app/checkout/page.tsx(18,4037): error TS7026: JSX element implicitly has type 'any' because no interface 'JSX.IntrinsicElements' exists.
app/checkout/page.tsx(18,4060): error TS7026: JSX element implicitly has type 'any' because no interface 'JSX.IntrinsicElements' exists.
app/checkout/return/page.tsx(2,41): error TS2307: Cannot find module 'react' or its corresponding type declarations.
app/checkout/return/page.tsx(2,89): error TS2307: Cannot find module 'next/navigation' or its corresponding type declarations.
app/checkout/return/page.tsx(8,170): error TS7006: Parameter 'n' implicitly has an 'any' type.
app/checkout/return/page.tsx(9,26): error TS7026: JSX element implicitly has type 'any' because no interface 'JSX.IntrinsicElements' exists.
app/checkout/return/page.tsx(9,45): error TS7026: JSX element implicitly has type 'any' because no interface 'JSX.IntrinsicElements' exists.
app/checkout/return/page.tsx(9,103): error TS7026: JSX element implicitly has type 'any' because no interface 'JSX.IntrinsicElements' exists.
app/checkout/return/page.tsx(9,113): error TS7026: JSX element implicitly has type 'any' because no interface 'JSX.IntrinsicElements' exists.
app/checkout/return/page.tsx(10,43): error TS7026: JSX element implicitly has type 'any' because no interface 'JSX.IntrinsicElements' exists.
app/checkout/return/page.tsx(10,62): error TS7026: JSX element implicitly has type 'any' because no interface 'JSX.IntrinsicElements' exists.
app/checkout/return/page.tsx(10,102): error TS7026: JSX element implicitly has type 'any' because no interface 'JSX.IntrinsicElements' exists.
app/checkout/return/page.tsx(10,170): error TS7026: JSX element implicitly has type 'any' because no interface 'JSX.IntrinsicElements' exists.
app/checkout/return/page.tsx(10,177): error TS7026: JSX element implicitly has type 'any' because no interface 'JSX.IntrinsicElements' exists.
app/checkout/return/page.tsx(10,279): error TS7026: JSX element implicitly has type 'any' because no interface 'JSX.IntrinsicElements' exists.
app/checkout/return/page.tsx(10,292): error TS7026: JSX element implicitly has type 'any' because no interface 'JSX.IntrinsicElements' exists.
app/checkout/return/page.tsx(10,339): error TS7026: JSX element implicitly has type 'any' because no interface 'JSX.IntrinsicElements' exists.
app/checkout/return/page.tsx(10,356): error TS7026: JSX element implicitly has type 'any' because no interface 'JSX.IntrinsicElements' exists.
app/checkout/return/page.tsx(10,373): error TS7026: JSX element implicitly has type 'any' because no interface 'JSX.IntrinsicElements' exists.
app/checkout/return/page.tsx(10,378): error TS7026: JSX element implicitly has type 'any' because no interface 'JSX.IntrinsicElements' exists.
app/checkout/return/page.tsx(10,474): error TS7026: JSX element implicitly has type 'any' because no interface 'JSX.IntrinsicElements' exists.
app/checkout/return/page.tsx(10,507): error TS7026: JSX element implicitly has type 'any' because no interface 'JSX.IntrinsicElements' exists.
app/checkout/return/page.tsx(10,588): error TS7026: JSX element implicitly has type 'any' because no interface 'JSX.IntrinsicElements' exists.
app/checkout/return/page.tsx(10,601): error TS7026: JSX element implicitly has type 'any' because no interface 'JSX.IntrinsicElements' exists.
app/checkout/return/page.tsx(10,825): error TS7026: JSX element implicitly has type 'any' because no interface 'JSX.IntrinsicElements' exists.
app/checkout/return/page.tsx(10,847): error TS7026: JSX element implicitly has type 'any' because no interface 'JSX.IntrinsicElements' exists.
app/checkout/return/page.tsx(10,895): error TS7026: JSX element implicitly has type 'any' because no interface 'JSX.IntrinsicElements' exists.
app/checkout/return/page.tsx(10,900): error TS7026: JSX element implicitly has type 'any' because no interface 'JSX.IntrinsicElements' exists.
app/checkout/return/page.tsx(10,939): error TS7026: JSX element implicitly has type 'any' because no interface 'JSX.IntrinsicElements' exists.
app/checkout/return/page.tsx(10,1083): error TS7026: JSX element implicitly has type 'any' because no interface 'JSX.IntrinsicElements' exists.
app/checkout/return/page.tsx(10,1087): error TS7026: JSX element implicitly has type 'any' because no interface 'JSX.IntrinsicElements' exists.
app/checkout/return/page.tsx(10,1143): error TS7026: JSX element implicitly has type 'any' because no interface 'JSX.IntrinsicElements' exists.
app/checkout/return/page.tsx(10,1147): error TS7026: JSX element implicitly has type 'any' because no interface 'JSX.IntrinsicElements' exists.
app/checkout/return/page.tsx(10,1159): error TS7026: JSX element implicitly has type 'any' because no interface 'JSX.IntrinsicElements' exists.
app/checkout/return/page.tsx(10,1535): error TS7026: JSX element implicitly has type 'any' because no interface 'JSX.IntrinsicElements' exists.
app/checkout/return/page.tsx(10,1539): error TS7026: JSX element implicitly has type 'any' because no interface 'JSX.IntrinsicElements' exists.
app/checkout/return/page.tsx(10,1578): error TS7026: JSX element implicitly has type 'any' because no interface 'JSX.IntrinsicElements' exists.
app/checkout/return/page.tsx(10,1696): error TS7026: JSX element implicitly has type 'any' because no interface 'JSX.IntrinsicElements' exists.
app/checkout/return/page.tsx(10,1705): error TS7026: JSX element implicitly has type 'any' because no interface 'JSX.IntrinsicElements' exists.
app/checkout/return/page.tsx(10,1751): error TS7026: JSX element implicitly has type 'any' because no interface 'JSX.IntrinsicElements' exists.
app/checkout/return/page.tsx(10,1755): error TS7026: JSX element implicitly has type 'any' because no interface 'JSX.IntrinsicElements' exists.
app/checkout/return/page.tsx(10,1806): error TS7026: JSX element implicitly has type 'any' because no interface 'JSX.IntrinsicElements' exists.
app/checkout/return/page.tsx(10,1810): error TS7026: JSX element implicitly has type 'any' because no interface 'JSX.IntrinsicElements' exists.
app/checkout/return/page.tsx(10,1833): error TS7026: JSX element implicitly has type 'any' because no interface 'JSX.IntrinsicElements' exists.
app/checkout/return/page.tsx(10,1957): error TS7026: JSX element implicitly has type 'any' because no interface 'JSX.IntrinsicElements' exists.
app/checkout/return/page.tsx(10,1967): error TS7026: JSX element implicitly has type 'any' because no interface 'JSX.IntrinsicElements' exists.
app/checkout/return/page.tsx(10,1990): error TS7026: JSX element implicitly has type 'any' because no interface 'JSX.IntrinsicElements' exists.
app/contact/page.tsx(4,24): error TS2307: Cannot find module 'react' or its corresponding type declarations.
app/contact/page.tsx(6,26): error TS2503: Cannot find namespace 'React'.
app/contact/page.tsx(7,10): error TS2741: Property 'children' is missing in type '{ kicker: string; title: string; intro: string; }' but required in type '{ kicker: string; title: string; intro: string; children: React.ReactNode; backLabel?: string | undefined; }'.
app/contact/page.tsx(7,287): error TS7026: JSX element implicitly has type 'any' because no interface 'JSX.IntrinsicElements' exists.
app/contact/page.tsx(7,320): error TS7026: JSX element implicitly has type 'any' because no interface 'JSX.IntrinsicElements' exists.
app/contact/page.tsx(7,365): error TS7026: JSX element implicitly has type 'any' because no interface 'JSX.IntrinsicElements' exists.
app/contact/page.tsx(7,437): error TS7026: JSX element implicitly has type 'any' because no interface 'JSX.IntrinsicElements' exists.
app/contact/page.tsx(7,445): error TS7026: JSX element implicitly has type 'any' because no interface 'JSX.IntrinsicElements' exists.
app/contact/page.tsx(7,541): error TS7026: JSX element implicitly has type 'any' because no interface 'JSX.IntrinsicElements' exists.
app/contact/page.tsx(7,615): error TS7026: JSX element implicitly has type 'any' because no interface 'JSX.IntrinsicElements' exists.
app/contact/page.tsx(7,623): error TS7026: JSX element implicitly has type 'any' because no interface 'JSX.IntrinsicElements' exists.
app/contact/page.tsx(7,721): error TS7026: JSX element implicitly has type 'any' because no interface 'JSX.IntrinsicElements' exists.
app/contact/page.tsx(7,799): error TS7026: JSX element implicitly has type 'any' because no interface 'JSX.IntrinsicElements' exists.
app/contact/page.tsx(7,807): error TS7026: JSX element implicitly has type 'any' because no interface 'JSX.IntrinsicElements' exists.
app/contact/page.tsx(7,894): error TS7026: JSX element implicitly has type 'any' because no interface 'JSX.IntrinsicElements' exists.
app/contact/page.tsx(7,964): error TS7026: JSX element implicitly has type 'any' because no interface 'JSX.IntrinsicElements' exists.
app/contact/page.tsx(7,1026): error TS7026: JSX element implicitly has type 'any' because no interface 'JSX.IntrinsicElements' exists.
app/contact/page.tsx(7,1082): error TS7026: JSX element implicitly has type 'any' because no interface 'JSX.IntrinsicElements' exists.
app/contact/page.tsx(7,1090): error TS7026: JSX element implicitly has type 'any' because no interface 'JSX.IntrinsicElements' exists.
app/contact/page.tsx(7,1104): error TS7026: JSX element implicitly has type 'any' because no interface 'JSX.IntrinsicElements' exists.
app/contact/page.tsx(7,1151): error TS7026: JSX element implicitly has type 'any' because no interface 'JSX.IntrinsicElements' exists.
app/contact/page.tsx(7,1168): error TS7026: JSX element implicitly has type 'any' because no interface 'JSX.IntrinsicElements' exists.
app/contact/page.tsx(7,1220): error TS7026: JSX element implicitly has type 'any' because no interface 'JSX.IntrinsicElements' exists.
app/contact/page.tsx(7,1227): error TS7026: JSX element implicitly has type 'any' because no interface 'JSX.IntrinsicElements' exists.
app/contact/page.tsx(7,1302): error TS7026: JSX element implicitly has type 'any' because no interface 'JSX.IntrinsicElements' exists.
app/contact/page.tsx(7,1311): error TS7026: JSX element implicitly has type 'any' because no interface 'JSX.IntrinsicElements' exists.
app/contact/page.tsx(7,1430): error TS7026: JSX element implicitly has type 'any' because no interface 'JSX.IntrinsicElements' exists.
app/contact/page.tsx(7,1438): error TS7026: JSX element implicitly has type 'any' because no interface 'JSX.IntrinsicElements' exists.
app/contact/page.tsx(7,1445): error TS7026: JSX element implicitly has type 'any' because no interface 'JSX.IntrinsicElements' exists.
app/courses/[slug]/page.tsx(4,34): error TS2307: Cannot find module 'react' or its corresponding type declarations.
app/courses/[slug]/page.tsx(5,35): error TS2307: Cannot find module 'next/navigation' or its corresponding type declarations.
app/courses/[slug]/page.tsx(18,20): error TS7026: JSX element implicitly has type 'any' because no interface 'JSX.IntrinsicElements' exists.
app/courses/[slug]/page.tsx(18,39): error TS7026: JSX element implicitly has type 'any' because no interface 'JSX.IntrinsicElements' exists.
app/courses/[slug]/page.tsx(18,127): error TS7026: JSX element implicitly has type 'any' because no interface 'JSX.IntrinsicElements' exists.
app/courses/[slug]/page.tsx(18,146): error TS7026: JSX element implicitly has type 'any' because no interface 'JSX.IntrinsicElements' exists.
app/courses/[slug]/page.tsx(18,151): error TS7026: JSX element implicitly has type 'any' because no interface 'JSX.IntrinsicElements' exists.
app/courses/[slug]/page.tsx(18,174): error TS7026: JSX element implicitly has type 'any' because no interface 'JSX.IntrinsicElements' exists.
app/courses/[slug]/page.tsx(19,15): error TS7026: JSX element implicitly has type 'any' because no interface 'JSX.IntrinsicElements' exists.
app/courses/[slug]/page.tsx(19,34): error TS7026: JSX element implicitly has type 'any' because no interface 'JSX.IntrinsicElements' exists.
app/courses/[slug]/page.tsx(19,122): error TS7026: JSX element implicitly has type 'any' because no interface 'JSX.IntrinsicElements' exists.
app/courses/[slug]/page.tsx(19,153): error TS7026: JSX element implicitly has type 'any' because no interface 'JSX.IntrinsicElements' exists.
app/courses/[slug]/page.tsx(19,160): error TS7026: JSX element implicitly has type 'any' because no interface 'JSX.IntrinsicElements' exists.
app/courses/[slug]/page.tsx(19,190): error TS7026: JSX element implicitly has type 'any' because no interface 'JSX.IntrinsicElements' exists.
app/courses/[slug]/page.tsx(19,195): error TS7026: JSX element implicitly has type 'any' because no interface 'JSX.IntrinsicElements' exists.
app/courses/[slug]/page.tsx(19,334): error TS7026: JSX element implicitly has type 'any' because no interface 'JSX.IntrinsicElements' exists.
app/courses/[slug]/page.tsx(19,338): error TS7026: JSX element implicitly has type 'any' because no interface 'JSX.IntrinsicElements' exists.
app/courses/[slug]/page.tsx(19,361): error TS7026: JSX element implicitly has type 'any' because no interface 'JSX.IntrinsicElements' exists.
app/courses/[slug]/page.tsx(20,9): error TS7026: JSX element implicitly has type 'any' because no interface 'JSX.IntrinsicElements' exists.
app/courses/[slug]/page.tsx(20,28): error TS7026: JSX element implicitly has type 'any' because no interface 'JSX.IntrinsicElements' exists.
app/courses/[slug]/page.tsx(20,66): error TS7026: JSX element implicitly has type 'any' because no interface 'JSX.IntrinsicElements' exists.
app/courses/[slug]/page.tsx(20,154): error TS7026: JSX element implicitly has type 'any' because no interface 'JSX.IntrinsicElements' exists.
app/courses/[slug]/page.tsx(20,160): error TS7026: JSX element implicitly has type 'any' because no interface 'JSX.IntrinsicElements' exists.
app/courses/[slug]/page.tsx(20,292): error TS7026: JSX element implicitly has type 'any' because no interface 'JSX.IntrinsicElements' exists.
app/courses/[slug]/page.tsx(20,337): error TS7026: JSX element implicitly has type 'any' because no interface 'JSX.IntrinsicElements' exists.
app/courses/[slug]/page.tsx(20,344): error TS7026: JSX element implicitly has type 'any' because no interface 'JSX.IntrinsicElements' exists.
app/courses/[slug]/page.tsx(20,357): error TS7026: JSX element implicitly has type 'any' because no interface 'JSX.IntrinsicElements' exists.
app/courses/[slug]/page.tsx(20,362): error TS7026: JSX element implicitly has type 'any' because no interface 'JSX.IntrinsicElements' exists.
app/courses/[slug]/page.tsx(20,400): error TS7026: JSX element implicitly has type 'any' because no interface 'JSX.IntrinsicElements' exists.
app/courses/[slug]/page.tsx(20,404): error TS7026: JSX element implicitly has type 'any' because no interface 'JSX.IntrinsicElements' exists.
app/courses/[slug]/page.tsx(20,433): error TS7026: JSX element implicitly has type 'any' because no interface 'JSX.IntrinsicElements' exists.
app/courses/[slug]/page.tsx(20,439): error TS7026: JSX element implicitly has type 'any' because no interface 'JSX.IntrinsicElements' exists.
app/courses/[slug]/page.tsx(20,456): error TS7026: JSX element implicitly has type 'any' because no interface 'JSX.IntrinsicElements' exists.
app/courses/[slug]/page.tsx(20,460): error TS7026: JSX element implicitly has type 'any' because no interface 'JSX.IntrinsicElements' exists.
app/courses/[slug]/page.tsx(20,467): error TS7026: JSX element implicitly has type 'any' because no interface 'JSX.IntrinsicElements' exists.
app/courses/[slug]/page.tsx(20,497): error TS7026: JSX element implicitly has type 'any' because no interface 'JSX.IntrinsicElements' exists.
app/courses/[slug]/page.tsx(20,504): error TS7026: JSX element implicitly has type 'any' because no interface 'JSX.IntrinsicElements' exists.
app/courses/[slug]/page.tsx(20,553): error TS7026: JSX element implicitly has type 'any' because no interface 'JSX.IntrinsicElements' exists.
app/courses/[slug]/page.tsx(20,560): error TS7026: JSX element implicitly has type 'any' because no interface 'JSX.IntrinsicElements' exists.
app/courses/[slug]/page.tsx(20,566): error TS7026: JSX element implicitly has type 'any' because no interface 'JSX.IntrinsicElements' exists.
app/courses/[slug]/page.tsx(20,572): error TS7026: JSX element implicitly has type 'any' because no interface 'JSX.IntrinsicElements' exists.
app/courses/[slug]/page.tsx(20,603): error TS7026: JSX element implicitly has type 'any' because no interface 'JSX.IntrinsicElements' exists.
app/courses/[slug]/page.tsx(20,641): error TS7026: JSX element implicitly has type 'any' because no interface 'JSX.IntrinsicElements' exists.
app/courses/[slug]/page.tsx(20,648): error TS7026: JSX element implicitly has type 'any' because no interface 'JSX.IntrinsicElements' exists.
app/courses/[slug]/page.tsx(20,694): error TS7026: JSX element implicitly has type 'any' because no interface 'JSX.IntrinsicElements' exists.
app/courses/[slug]/page.tsx(20,699): error TS7026: JSX element implicitly has type 'any' because no interface 'JSX.IntrinsicElements' exists.
app/courses/[slug]/page.tsx(20,811): error TS7026: JSX element implicitly has type 'any' because no interface 'JSX.IntrinsicElements' exists.
app/courses/[slug]/page.tsx(20,815): error TS7026: JSX element implicitly has type 'any' because no interface 'JSX.IntrinsicElements' exists.
app/courses/[slug]/page.tsx(20,887): error TS7026: JSX element implicitly has type 'any' because no interface 'JSX.IntrinsicElements' exists.
app/courses/[slug]/page.tsx(20,906): error TS7026: JSX element implicitly has type 'any' because no interface 'JSX.IntrinsicElements' exists.
app/courses/[slug]/page.tsx(20,943): error TS7026: JSX element implicitly has type 'any' because no interface 'JSX.IntrinsicElements' exists.
app/courses/[slug]/page.tsx(20,950): error TS7026: JSX element implicitly has type 'any' because no interface 'JSX.IntrinsicElements' exists.
app/courses/[slug]/page.tsx(20,1026): error TS7026: JSX element implicitly has type 'any' because no interface 'JSX.IntrinsicElements' exists.
app/courses/[slug]/page.tsx(20,1034): error TS7026: JSX element implicitly has type 'any' because no interface 'JSX.IntrinsicElements' exists.
app/courses/[slug]/page.tsx(20,1042): error TS7026: JSX element implicitly has type 'any' because no interface 'JSX.IntrinsicElements' exists.
app/courses/[slug]/page.tsx(20,1052): error TS7026: JSX element implicitly has type 'any' because no interface 'JSX.IntrinsicElements' exists.
app/courses/[slug]/page.tsx(20,1102): error TS7026: JSX element implicitly has type 'any' because no interface 'JSX.IntrinsicElements' exists.
app/courses/[slug]/page.tsx(20,1107): error TS7026: JSX element implicitly has type 'any' because no interface 'JSX.IntrinsicElements' exists.
app/courses/[slug]/page.tsx(20,1142): error TS7026: JSX element implicitly has type 'any' because no interface 'JSX.IntrinsicElements' exists.
app/courses/[slug]/page.tsx(20,1149): error TS7026: JSX element implicitly has type 'any' because no interface 'JSX.IntrinsicElements' exists.
app/courses/[slug]/page.tsx(20,1179): error TS7026: JSX element implicitly has type 'any' because no interface 'JSX.IntrinsicElements' exists.
app/courses/[slug]/page.tsx(20,1184): error TS7026: JSX element implicitly has type 'any' because no interface 'JSX.IntrinsicElements' exists.
app/courses/[slug]/page.tsx(20,1271): error TS7026: JSX element implicitly has type 'any' because no interface 'JSX.IntrinsicElements' exists.
app/courses/[slug]/page.tsx(20,1275): error TS7026: JSX element implicitly has type 'any' because no interface 'JSX.IntrinsicElements' exists.
app/courses/[slug]/page.tsx(20,1281): error TS7026: JSX element implicitly has type 'any' because no interface 'JSX.IntrinsicElements' exists.
app/courses/[slug]/page.tsx(20,1355): error TS7026: JSX element implicitly has type 'any' because no interface 'JSX.IntrinsicElements' exists.
app/courses/[slug]/page.tsx(20,1408): error TS7026: JSX element implicitly has type 'any' because no interface 'JSX.IntrinsicElements' exists.
app/courses/[slug]/page.tsx(20,1413): error TS7026: JSX element implicitly has type 'any' because no interface 'JSX.IntrinsicElements' exists.
app/courses/[slug]/page.tsx(20,1448): error TS7026: JSX element implicitly has type 'any' because no interface 'JSX.IntrinsicElements' exists.
app/courses/[slug]/page.tsx(20,1455): error TS7026: JSX element implicitly has type 'any' because no interface 'JSX.IntrinsicElements' exists.
app/courses/[slug]/page.tsx(20,1468): error TS7026: JSX element implicitly has type 'any' because no interface 'JSX.IntrinsicElements' exists.
app/courses/[slug]/page.tsx(20,1473): error TS7026: JSX element implicitly has type 'any' because no interface 'JSX.IntrinsicElements' exists.
app/courses/[slug]/page.tsx(20,1479): error TS7026: JSX element implicitly has type 'any' because no interface 'JSX.IntrinsicElements' exists.
app/courses/[slug]/page.tsx(20,1534): error TS7026: JSX element implicitly has type 'any' because no interface 'JSX.IntrinsicElements' exists.
app/courses/[slug]/page.tsx(20,1538): error TS7026: JSX element implicitly has type 'any' because no interface 'JSX.IntrinsicElements' exists.
app/courses/[slug]/page.tsx(20,1550): error TS7026: JSX element implicitly has type 'any' because no interface 'JSX.IntrinsicElements' exists.
app/courses/[slug]/page.tsx(20,1578): error TS7026: JSX element implicitly has type 'any' because no interface 'JSX.IntrinsicElements' exists.
app/courses/[slug]/page.tsx(20,1608): error TS7026: JSX element implicitly has type 'any' because no interface 'JSX.IntrinsicElements' exists.
app/courses/[slug]/page.tsx(20,1612): error TS7026: JSX element implicitly has type 'any' because no interface 'JSX.IntrinsicElements' exists.
app/courses/[slug]/page.tsx(20,1669): error TS7026: JSX element implicitly has type 'any' because no interface 'JSX.IntrinsicElements' exists.
app/courses/[slug]/page.tsx(20,1673): error TS7026: JSX element implicitly has type 'any' because no interface 'JSX.IntrinsicElements' exists.
app/courses/[slug]/page.tsx(20,1680): error TS7026: JSX element implicitly has type 'any' because no interface 'JSX.IntrinsicElements' exists.
app/courses/[slug]/page.tsx(20,1686): error TS7026: JSX element implicitly has type 'any' because no interface 'JSX.IntrinsicElements' exists.
app/courses/[slug]/page.tsx(20,1709): error TS7026: JSX element implicitly has type 'any' because no interface 'JSX.IntrinsicElements' exists.
app/courses/page.tsx(7,34): error TS2307: Cannot find module 'react' or its corresponding type declarations.
app/courses/page.tsx(11,8): error TS7026: JSX element implicitly has type 'any' because no interface 'JSX.IntrinsicElements' exists.
app/courses/page.tsx(11,27): error TS7026: JSX element implicitly has type 'any' because no interface 'JSX.IntrinsicElements' exists.
app/courses/page.tsx(11,84): error TS7026: JSX element implicitly has type 'any' because no interface 'JSX.IntrinsicElements' exists.
app/courses/page.tsx(11,155): error TS7026: JSX element implicitly has type 'any' because no interface 'JSX.IntrinsicElements' exists.
app/courses/page.tsx(11,162): error TS7026: JSX element implicitly has type 'any' because no interface 'JSX.IntrinsicElements' exists.
app/courses/page.tsx(11,264): error TS7026: JSX element implicitly has type 'any' because no interface 'JSX.IntrinsicElements' exists.
app/courses/page.tsx(11,269): error TS7026: JSX element implicitly has type 'any' because no interface 'JSX.IntrinsicElements' exists.
app/courses/page.tsx(11,413): error TS7026: JSX element implicitly has type 'any' because no interface 'JSX.IntrinsicElements' exists.
app/courses/page.tsx(11,417): error TS7026: JSX element implicitly has type 'any' because no interface 'JSX.IntrinsicElements' exists.
app/courses/page.tsx(11,427): error TS7026: JSX element implicitly has type 'any' because no interface 'JSX.IntrinsicElements' exists.
app/courses/page.tsx(11,469): error TS7026: JSX element implicitly has type 'any' because no interface 'JSX.IntrinsicElements' exists.
app/courses/page.tsx(11,497): error TS7026: JSX element implicitly has type 'any' because no interface 'JSX.IntrinsicElements' exists.
app/courses/page.tsx(11,555): error TS7026: JSX element implicitly has type 'any' because no interface 'JSX.IntrinsicElements' exists.
app/courses/page.tsx(11,559): error TS7026: JSX element implicitly has type 'any' because no interface 'JSX.IntrinsicElements' exists.
app/courses/page.tsx(11,581): error TS7026: JSX element implicitly has type 'any' because no interface 'JSX.IntrinsicElements' exists.
app/courses/page.tsx(11,628): error TS7006: Parameter 'c' implicitly has an 'any' type.
app/courses/page.tsx(11,631): error TS7026: JSX element implicitly has type 'any' because no interface 'JSX.IntrinsicElements' exists.
app/courses/page.tsx(11,905): error TS7006: Parameter 'e' implicitly has an 'any' type.
app/courses/page.tsx(11,960): error TS7026: JSX element implicitly has type 'any' because no interface 'JSX.IntrinsicElements' exists.
app/courses/page.tsx(11,992): error TS7026: JSX element implicitly has type 'any' because no interface 'JSX.IntrinsicElements' exists.
app/courses/page.tsx(11,1065): error TS7026: JSX element implicitly has type 'any' because no interface 'JSX.IntrinsicElements' exists.
app/courses/page.tsx(11,1072): error TS7026: JSX element implicitly has type 'any' because no interface 'JSX.IntrinsicElements' exists.
app/courses/page.tsx(11,1085): error TS7026: JSX element implicitly has type 'any' because no interface 'JSX.IntrinsicElements' exists.
app/courses/page.tsx(11,1090): error TS7026: JSX element implicitly has type 'any' because no interface 'JSX.IntrinsicElements' exists.
app/courses/page.tsx(11,1166): error TS7026: JSX element implicitly has type 'any' because no interface 'JSX.IntrinsicElements' exists.
app/courses/page.tsx(11,1170): error TS7026: JSX element implicitly has type 'any' because no interface 'JSX.IntrinsicElements' exists.
app/courses/page.tsx(11,1198): error TS7026: JSX element implicitly has type 'any' because no interface 'JSX.IntrinsicElements' exists.
app/courses/page.tsx(11,1217): error TS7026: JSX element implicitly has type 'any' because no interface 'JSX.IntrinsicElements' exists.
app/courses/page.tsx(11,1221): error TS7026: JSX element implicitly has type 'any' because no interface 'JSX.IntrinsicElements' exists.
app/courses/page.tsx(11,1312): error TS7026: JSX element implicitly has type 'any' because no interface 'JSX.IntrinsicElements' exists.
app/courses/page.tsx(11,1319): error TS7026: JSX element implicitly has type 'any' because no interface 'JSX.IntrinsicElements' exists.
app/courses/page.tsx(11,1325): error TS7026: JSX element implicitly has type 'any' because no interface 'JSX.IntrinsicElements' exists.
app/courses/page.tsx(11,1440): error TS7026: JSX element implicitly has type 'any' because no interface 'JSX.IntrinsicElements' exists.
app/courses/page.tsx(11,1444): error TS7026: JSX element implicitly has type 'any' because no interface 'JSX.IntrinsicElements' exists.
app/courses/page.tsx(11,1450): error TS7026: JSX element implicitly has type 'any' because no interface 'JSX.IntrinsicElements' exists.
app/courses/page.tsx(11,1462): error TS7026: JSX element implicitly has type 'any' because no interface 'JSX.IntrinsicElements' exists.
app/courses/page.tsx(11,1469): error TS7026: JSX element implicitly has type 'any' because no interface 'JSX.IntrinsicElements' exists.
app/courses/page.tsx(11,1497): error TS7026: JSX element implicitly has type 'any' because no interface 'JSX.IntrinsicElements' exists.
app/courses/page.tsx(11,1559): error TS7026: JSX element implicitly has type 'any' because no interface 'JSX.IntrinsicElements' exists.
app/courses/page.tsx(11,1563): error TS7026: JSX element implicitly has type 'any' because no interface 'JSX.IntrinsicElements' exists.
app/courses/page.tsx(11,1718): error TS7026: JSX element implicitly has type 'any' because no interface 'JSX.IntrinsicElements' exists.
app/courses/page.tsx(11,1722): error TS7026: JSX element implicitly has type 'any' because no interface 'JSX.IntrinsicElements' exists.
app/courses/page.tsx(11,1729): error TS7026: JSX element implicitly has type 'any' because no interface 'JSX.IntrinsicElements' exists.
app/courses/page.tsx(11,1752): error TS7026: JSX element implicitly has type 'any' because no interface 'JSX.IntrinsicElements' exists.
app/dashboard/page.tsx(1,24): error TS2307: Cannot find module 'next/navigation' or its corresponding type declarations.
app/error.tsx(2,97): error TS7026: JSX element implicitly has type 'any' because no interface 'JSX.IntrinsicElements' exists.
app/error.tsx(2,139): error TS7026: JSX element implicitly has type 'any' because no interface 'JSX.IntrinsicElements' exists.
app/error.tsx(2,168): error TS7026: JSX element implicitly has type 'any' because no interface 'JSX.IntrinsicElements' exists.
app/error.tsx(2,173): error TS7026: JSX element implicitly has type 'any' because no interface 'JSX.IntrinsicElements' exists.
app/error.tsx(2,276): error TS7026: JSX element implicitly has type 'any' because no interface 'JSX.IntrinsicElements' exists.
app/error.tsx(2,280): error TS7026: JSX element implicitly has type 'any' because no interface 'JSX.IntrinsicElements' exists.
app/error.tsx(2,346): error TS7026: JSX element implicitly has type 'any' because no interface 'JSX.IntrinsicElements' exists.
app/error.tsx(2,355): error TS7026: JSX element implicitly has type 'any' because no interface 'JSX.IntrinsicElements' exists.
app/error.tsx(2,390): error TS7026: JSX element implicitly has type 'any' because no interface 'JSX.IntrinsicElements' exists.
app/error.tsx(2,394): error TS7026: JSX element implicitly has type 'any' because no interface 'JSX.IntrinsicElements' exists.
app/events/page.tsx(6,34): error TS2307: Cannot find module 'react' or its corresponding type declarations.
app/events/page.tsx(13,11): error TS2741: Property 'children' is missing in type '{ kicker: string; title: string; intro: string; }' but required in type '{ kicker: string; title: string; intro: string; children: React.ReactNode; backLabel?: string | undefined; }'.
app/events/page.tsx(13,274): error TS7026: JSX element implicitly has type 'any' because no interface 'JSX.IntrinsicElements' exists.
app/events/page.tsx(13,328): error TS7026: JSX element implicitly has type 'any' because no interface 'JSX.IntrinsicElements' exists.
app/events/page.tsx(13,384): error TS7026: JSX element implicitly has type 'any' because no interface 'JSX.IntrinsicElements' exists.
app/events/page.tsx(13,395): error TS7026: JSX element implicitly has type 'any' because no interface 'JSX.IntrinsicElements' exists.
app/events/page.tsx(13,423): error TS7026: JSX element implicitly has type 'any' because no interface 'JSX.IntrinsicElements' exists.
app/events/page.tsx(13,433): error TS7026: JSX element implicitly has type 'any' because no interface 'JSX.IntrinsicElements' exists.
app/events/page.tsx(13,437): error TS7026: JSX element implicitly has type 'any' because no interface 'JSX.IntrinsicElements' exists.
app/events/page.tsx(13,522): error TS7026: JSX element implicitly has type 'any' because no interface 'JSX.IntrinsicElements' exists.
app/events/page.tsx(13,531): error TS7026: JSX element implicitly has type 'any' because no interface 'JSX.IntrinsicElements' exists.
app/events/page.tsx(13,553): error TS7026: JSX element implicitly has type 'any' because no interface 'JSX.IntrinsicElements' exists.
app/events/page.tsx(13,581): error TS7026: JSX element implicitly has type 'any' because no interface 'JSX.IntrinsicElements' exists.
app/events/page.tsx(13,647): error TS7026: JSX element implicitly has type 'any' because no interface 'JSX.IntrinsicElements' exists.
app/events/page.tsx(13,652): error TS7026: JSX element implicitly has type 'any' because no interface 'JSX.IntrinsicElements' exists.
app/events/page.tsx(13,753): error TS7026: JSX element implicitly has type 'any' because no interface 'JSX.IntrinsicElements' exists.
app/events/page.tsx(13,757): error TS7026: JSX element implicitly has type 'any' because no interface 'JSX.IntrinsicElements' exists.
app/events/page.tsx(13,775): error TS7006: Parameter 'event' implicitly has an 'any' type.
app/events/page.tsx(13,782): error TS7026: JSX element implicitly has type 'any' because no interface 'JSX.IntrinsicElements' exists.
app/events/page.tsx(13,981): error TS7026: JSX element implicitly has type 'any' because no interface 'JSX.IntrinsicElements' exists.
app/events/page.tsx(13,1090): error TS7026: JSX element implicitly has type 'any' because no interface 'JSX.IntrinsicElements' exists.
app/events/page.tsx(13,1097): error TS7026: JSX element implicitly has type 'any' because no interface 'JSX.IntrinsicElements' exists.
app/events/page.tsx(13,1114): error TS7026: JSX element implicitly has type 'any' because no interface 'JSX.IntrinsicElements' exists.
app/events/page.tsx(13,1132): error TS7026: JSX element implicitly has type 'any' because no interface 'JSX.IntrinsicElements' exists.
app/events/page.tsx(13,1135): error TS7026: JSX element implicitly has type 'any' because no interface 'JSX.IntrinsicElements' exists.
app/events/page.tsx(13,1248): error TS7026: JSX element implicitly has type 'any' because no interface 'JSX.IntrinsicElements' exists.
app/events/page.tsx(13,1255): error TS7026: JSX element implicitly has type 'any' because no interface 'JSX.IntrinsicElements' exists.
app/events/page.tsx(13,1277): error TS7026: JSX element implicitly has type 'any' because no interface 'JSX.IntrinsicElements' exists.
app/events/page.tsx(13,1280): error TS7026: JSX element implicitly has type 'any' because no interface 'JSX.IntrinsicElements' exists.
app/events/page.tsx(13,1299): error TS7026: JSX element implicitly has type 'any' because no interface 'JSX.IntrinsicElements' exists.
app/events/page.tsx(13,1303): error TS7026: JSX element implicitly has type 'any' because no interface 'JSX.IntrinsicElements' exists.
app/events/page.tsx(13,1308): error TS7026: JSX element implicitly has type 'any' because no interface 'JSX.IntrinsicElements' exists.
app/events/page.tsx(13,1362): error TS7026: JSX element implicitly has type 'any' because no interface 'JSX.IntrinsicElements' exists.
app/events/page.tsx(13,1381): error TS7026: JSX element implicitly has type 'any' because no interface 'JSX.IntrinsicElements' exists.
app/events/page.tsx(13,1518): error TS7026: JSX element implicitly has type 'any' because no interface 'JSX.IntrinsicElements' exists.
app/events/page.tsx(13,1523): error TS7026: JSX element implicitly has type 'any' because no interface 'JSX.IntrinsicElements' exists.
app/events/page.tsx(13,1535): error TS7026: JSX element implicitly has type 'any' because no interface 'JSX.IntrinsicElements' exists.
app/faculty/page.tsx(1,24): error TS2307: Cannot find module 'next/navigation' or its corresponding type declarations.
app/forgot-password/page.tsx(4,18): error TS2307: Cannot find module 'next/link' or its corresponding type declarations.
app/forgot-password/page.tsx(4,63): error TS2307: Cannot find module 'react' or its corresponding type declarations.
app/forgot-password/page.tsx(4,95): error TS2307: Cannot find module 'next/navigation' or its corresponding type declarations.
app/forgot-password/page.tsx(5,579): error TS7026: JSX element implicitly has type 'any' because no interface 'JSX.IntrinsicElements' exists.
app/forgot-password/page.tsx(5,617): error TS7026: JSX element implicitly has type 'any' because no interface 'JSX.IntrinsicElements' exists.
app/forgot-password/page.tsx(5,648): error TS7026: JSX element implicitly has type 'any' because no interface 'JSX.IntrinsicElements' exists.
app/forgot-password/page.tsx(5,829): error TS7026: JSX element implicitly has type 'any' because no interface 'JSX.IntrinsicElements' exists.
app/forgot-password/page.tsx(5,874): error TS7026: JSX element implicitly has type 'any' because no interface 'JSX.IntrinsicElements' exists.
app/forgot-password/page.tsx(5,881): error TS7026: JSX element implicitly has type 'any' because no interface 'JSX.IntrinsicElements' exists.
app/forgot-password/page.tsx(5,901): error TS7026: JSX element implicitly has type 'any' because no interface 'JSX.IntrinsicElements' exists.
app/forgot-password/page.tsx(5,906): error TS7026: JSX element implicitly has type 'any' because no interface 'JSX.IntrinsicElements' exists.
app/forgot-password/page.tsx(5,1077): error TS7026: JSX element implicitly has type 'any' because no interface 'JSX.IntrinsicElements' exists.
app/forgot-password/page.tsx(5,1081): error TS7026: JSX element implicitly has type 'any' because no interface 'JSX.IntrinsicElements' exists.
app/forgot-password/page.tsx(5,1093): error TS7026: JSX element implicitly has type 'any' because no interface 'JSX.IntrinsicElements' exists.
app/forgot-password/page.tsx(5,1124): error TS7006: Parameter 'e' implicitly has an 'any' type.
app/forgot-password/page.tsx(5,1219): error TS7026: JSX element implicitly has type 'any' because no interface 'JSX.IntrinsicElements' exists.
app/forgot-password/page.tsx(5,1235): error TS7026: JSX element implicitly has type 'any' because no interface 'JSX.IntrinsicElements' exists.
app/forgot-password/page.tsx(5,1269): error TS7026: JSX element implicitly has type 'any' because no interface 'JSX.IntrinsicElements' exists.
app/forgot-password/page.tsx(5,1286): error TS7026: JSX element implicitly has type 'any' because no interface 'JSX.IntrinsicElements' exists.
app/forgot-password/page.tsx(5,1324): error TS7026: JSX element implicitly has type 'any' because no interface 'JSX.IntrinsicElements' exists.
app/forgot-password/page.tsx(5,1331): error TS7026: JSX element implicitly has type 'any' because no interface 'JSX.IntrinsicElements' exists.
app/forgot-password/page.tsx(5,1418): error TS7026: JSX element implicitly has type 'any' because no interface 'JSX.IntrinsicElements' exists.
app/forgot-password/page.tsx(5,1490): error TS7026: JSX element implicitly has type 'any' because no interface 'JSX.IntrinsicElements' exists.
app/forgot-password/page.tsx(5,1497): error TS7026: JSX element implicitly has type 'any' because no interface 'JSX.IntrinsicElements' exists.
app/forgot-password/page.tsx(5,1507): error TS7026: JSX element implicitly has type 'any' because no interface 'JSX.IntrinsicElements' exists.
app/free-resources/page.tsx(1,24): error TS2307: Cannot find module 'next/navigation' or its corresponding type declarations.
app/home/page.tsx(7,34): error TS2307: Cannot find module 'react' or its corresponding type declarations.
app/home/page.tsx(10,323): error TS7026: JSX element implicitly has type 'any' because no interface 'JSX.IntrinsicElements' exists.
app/home/page.tsx(10,342): error TS7026: JSX element implicitly has type 'any' because no interface 'JSX.IntrinsicElements' exists.
app/home/page.tsx(10,373): error TS7026: JSX element implicitly has type 'any' because no interface 'JSX.IntrinsicElements' exists.
app/home/page.tsx(10,378): error TS7026: JSX element implicitly has type 'any' because no interface 'JSX.IntrinsicElements' exists.
app/home/page.tsx(10,460): error TS7026: JSX element implicitly has type 'any' because no interface 'JSX.IntrinsicElements' exists.
app/home/page.tsx(10,467): error TS7026: JSX element implicitly has type 'any' because no interface 'JSX.IntrinsicElements' exists.
app/home/page.tsx(10,560): error TS7026: JSX element implicitly has type 'any' because no interface 'JSX.IntrinsicElements' exists.
app/home/page.tsx(10,565): error TS7026: JSX element implicitly has type 'any' because no interface 'JSX.IntrinsicElements' exists.
app/home/page.tsx(10,730): error TS7026: JSX element implicitly has type 'any' because no interface 'JSX.IntrinsicElements' exists.
app/home/page.tsx(10,734): error TS7026: JSX element implicitly has type 'any' because no interface 'JSX.IntrinsicElements' exists.
app/home/page.tsx(10,829): error TS7026: JSX element implicitly has type 'any' because no interface 'JSX.IntrinsicElements' exists.
app/home/page.tsx(10,833): error TS7026: JSX element implicitly has type 'any' because no interface 'JSX.IntrinsicElements' exists.
app/home/page.tsx(10,839): error TS7026: JSX element implicitly has type 'any' because no interface 'JSX.IntrinsicElements' exists.
app/home/page.tsx(10,1173): error TS7026: JSX element implicitly has type 'any' because no interface 'JSX.IntrinsicElements' exists.
app/home/page.tsx(10,1179): error TS7026: JSX element implicitly has type 'any' because no interface 'JSX.IntrinsicElements' exists.
app/home/page.tsx(10,1189): error TS7026: JSX element implicitly has type 'any' because no interface 'JSX.IntrinsicElements' exists.
app/home/page.tsx(10,1236): error TS7026: JSX element implicitly has type 'any' because no interface 'JSX.IntrinsicElements' exists.
app/home/page.tsx(10,1265): error TS7026: JSX element implicitly has type 'any' because no interface 'JSX.IntrinsicElements' exists.
app/home/page.tsx(10,1270): error TS7026: JSX element implicitly has type 'any' because no interface 'JSX.IntrinsicElements' exists.
app/home/page.tsx(10,1345): error TS7026: JSX element implicitly has type 'any' because no interface 'JSX.IntrinsicElements' exists.
app/home/page.tsx(10,1352): error TS7026: JSX element implicitly has type 'any' because no interface 'JSX.IntrinsicElements' exists.
app/home/page.tsx(10,1416): error TS7026: JSX element implicitly has type 'any' because no interface 'JSX.IntrinsicElements' exists.
app/home/page.tsx(10,1421): error TS7026: JSX element implicitly has type 'any' because no interface 'JSX.IntrinsicElements' exists.
app/home/page.tsx(10,1427): error TS7026: JSX element implicitly has type 'any' because no interface 'JSX.IntrinsicElements' exists.
app/home/page.tsx(10,1578): error TS7026: JSX element implicitly has type 'any' because no interface 'JSX.IntrinsicElements' exists.
app/home/page.tsx(10,1582): error TS7026: JSX element implicitly has type 'any' because no interface 'JSX.IntrinsicElements' exists.
app/home/page.tsx(10,1588): error TS7026: JSX element implicitly has type 'any' because no interface 'JSX.IntrinsicElements' exists.
app/home/page.tsx(10,1632): error TS7026: JSX element implicitly has type 'any' because no interface 'JSX.IntrinsicElements' exists.
app/home/page.tsx(10,1711): error TS7026: JSX element implicitly has type 'any' because no interface 'JSX.IntrinsicElements' exists.
app/home/page.tsx(10,1724): error TS7026: JSX element implicitly has type 'any' because no interface 'JSX.IntrinsicElements' exists.
app/home/page.tsx(10,1747): error TS7026: JSX element implicitly has type 'any' because no interface 'JSX.IntrinsicElements' exists.
app/home/page.tsx(10,1788): error TS7026: JSX element implicitly has type 'any' because no interface 'JSX.IntrinsicElements' exists.
app/home/page.tsx(10,1862): error TS7026: JSX element implicitly has type 'any' because no interface 'JSX.IntrinsicElements' exists.
app/home/page.tsx(10,1880): error TS7006: Parameter 'c' implicitly has an 'any' type.
app/home/page.tsx(10,1883): error TS7026: JSX element implicitly has type 'any' because no interface 'JSX.IntrinsicElements' exists.
app/home/page.tsx(10,2148): error TS7026: JSX element implicitly has type 'any' because no interface 'JSX.IntrinsicElements' exists.
app/home/page.tsx(10,2180): error TS7026: JSX element implicitly has type 'any' because no interface 'JSX.IntrinsicElements' exists.
app/home/page.tsx(10,2253): error TS7026: JSX element implicitly has type 'any' because no interface 'JSX.IntrinsicElements' exists.
app/home/page.tsx(10,2260): error TS7026: JSX element implicitly has type 'any' because no interface 'JSX.IntrinsicElements' exists.
app/home/page.tsx(10,2273): error TS7026: JSX element implicitly has type 'any' because no interface 'JSX.IntrinsicElements' exists.
app/home/page.tsx(10,2278): error TS7026: JSX element implicitly has type 'any' because no interface 'JSX.IntrinsicElements' exists.
app/home/page.tsx(10,2316): error TS7026: JSX element implicitly has type 'any' because no interface 'JSX.IntrinsicElements' exists.
app/home/page.tsx(10,2320): error TS7026: JSX element implicitly has type 'any' because no interface 'JSX.IntrinsicElements' exists.
app/home/page.tsx(10,2348): error TS7026: JSX element implicitly has type 'any' because no interface 'JSX.IntrinsicElements' exists.
app/home/page.tsx(10,2367): error TS7026: JSX element implicitly has type 'any' because no interface 'JSX.IntrinsicElements' exists.
app/home/page.tsx(10,2371): error TS7026: JSX element implicitly has type 'any' because no interface 'JSX.IntrinsicElements' exists.
app/home/page.tsx(10,2494): error TS7026: JSX element implicitly has type 'any' because no interface 'JSX.IntrinsicElements' exists.
app/home/page.tsx(10,2501): error TS7026: JSX element implicitly has type 'any' because no interface 'JSX.IntrinsicElements' exists.
app/home/page.tsx(10,2507): error TS7026: JSX element implicitly has type 'any' because no interface 'JSX.IntrinsicElements' exists.
app/home/page.tsx(10,2619): error TS7026: JSX element implicitly has type 'any' because no interface 'JSX.IntrinsicElements' exists.
app/home/page.tsx(10,2623): error TS7026: JSX element implicitly has type 'any' because no interface 'JSX.IntrinsicElements' exists.
app/home/page.tsx(10,2629): error TS7026: JSX element implicitly has type 'any' because no interface 'JSX.IntrinsicElements' exists.
app/home/page.tsx(10,2641): error TS7026: JSX element implicitly has type 'any' because no interface 'JSX.IntrinsicElements' exists.
app/home/page.tsx(10,2647): error TS7026: JSX element implicitly has type 'any' because no interface 'JSX.IntrinsicElements' exists.
app/home/page.tsx(10,2657): error TS7026: JSX element implicitly has type 'any' because no interface 'JSX.IntrinsicElements' exists.
app/home/page.tsx(10,2692): error TS7026: JSX element implicitly has type 'any' because no interface 'JSX.IntrinsicElements' exists.
app/home/page.tsx(10,2697): error TS7026: JSX element implicitly has type 'any' because no interface 'JSX.IntrinsicElements' exists.
app/home/page.tsx(10,2783): error TS7026: JSX element implicitly has type 'any' because no interface 'JSX.IntrinsicElements' exists.
app/home/page.tsx(10,2790): error TS7026: JSX element implicitly has type 'any' because no interface 'JSX.IntrinsicElements' exists.
app/home/page.tsx(10,2910): error TS7026: JSX element implicitly has type 'any' because no interface 'JSX.IntrinsicElements' exists.
app/home/page.tsx(10,2915): error TS7026: JSX element implicitly has type 'any' because no interface 'JSX.IntrinsicElements' exists.
app/home/page.tsx(10,3066): error TS7026: JSX element implicitly has type 'any' because no interface 'JSX.IntrinsicElements' exists.
app/home/page.tsx(10,3070): error TS7026: JSX element implicitly has type 'any' because no interface 'JSX.IntrinsicElements' exists.
app/home/page.tsx(10,3076): error TS7026: JSX element implicitly has type 'any' because no interface 'JSX.IntrinsicElements' exists.
app/home/page.tsx(10,3479): error TS7026: JSX element implicitly has type 'any' because no interface 'JSX.IntrinsicElements' exists.
app/home/page.tsx(10,3485): error TS7026: JSX element implicitly has type 'any' because no interface 'JSX.IntrinsicElements' exists.
app/home/page.tsx(10,3508): error TS7026: JSX element implicitly has type 'any' because no interface 'JSX.IntrinsicElements' exists.
app/layout.tsx(1,114): error TS2307: Cannot find module 'react' or its corresponding type declarations.
app/layout.tsx(4,57): error TS2503: Cannot find namespace 'React'.
app/layout.tsx(4,82): error TS7026: JSX element implicitly has type 'any' because no interface 'JSX.IntrinsicElements' exists.
app/layout.tsx(4,153): error TS7026: JSX element implicitly has type 'any' because no interface 'JSX.IntrinsicElements' exists.
app/layout.tsx(4,160): error TS2741: Property 'children' is missing in type '{}' but required in type '{ children: React.ReactNode; }'.
app/layout.tsx(4,174): error TS2741: Property 'children' is missing in type '{}' but required in type '{ children: ReactNode; }'.
app/layout.tsx(4,217): error TS7026: JSX element implicitly has type 'any' because no interface 'JSX.IntrinsicElements' exists.
app/layout.tsx(4,279): error TS7026: JSX element implicitly has type 'any' because no interface 'JSX.IntrinsicElements' exists.
app/layout.tsx(4,348): error TS7026: JSX element implicitly has type 'any' because no interface 'JSX.IntrinsicElements' exists.
app/layout.tsx(4,355): error TS7026: JSX element implicitly has type 'any' because no interface 'JSX.IntrinsicElements' exists.
app/learn/[course]/page.tsx(6,42): error TS2307: Cannot find module 'react' or its corresponding type declarations.
app/learn/[course]/page.tsx(6,84): error TS2307: Cannot find module 'next/navigation' or its corresponding type declarations.
app/learn/[course]/page.tsx(9,75): error TS7026: JSX element implicitly has type 'any' because no interface 'JSX.IntrinsicElements' exists.
app/learn/[course]/page.tsx(9,246): error TS7026: JSX element implicitly has type 'any' because no interface 'JSX.IntrinsicElements' exists.
app/learn/[course]/page.tsx(16,144): error TS7006: Parameter 'v' implicitly has an 'any' type.
app/learn/[course]/page.tsx(16,446): error TS7006: Parameter 'v' implicitly has an 'any' type.
app/learn/[course]/page.tsx(18,34): error TS7026: JSX element implicitly has type 'any' because no interface 'JSX.IntrinsicElements' exists.
app/learn/[course]/page.tsx(18,53): error TS7026: JSX element implicitly has type 'any' because no interface 'JSX.IntrinsicElements' exists.
app/learn/[course]/page.tsx(18,89): error TS7026: JSX element implicitly has type 'any' because no interface 'JSX.IntrinsicElements' exists.
app/learn/[course]/page.tsx(18,120): error TS7026: JSX element implicitly has type 'any' because no interface 'JSX.IntrinsicElements' exists.
app/learn/[course]/page.tsx(18,143): error TS7026: JSX element implicitly has type 'any' because no interface 'JSX.IntrinsicElements' exists.
app/learn/[course]/page.tsx(18,147): error TS7026: JSX element implicitly has type 'any' because no interface 'JSX.IntrinsicElements' exists.
app/learn/[course]/page.tsx(18,157): error TS7026: JSX element implicitly has type 'any' because no interface 'JSX.IntrinsicElements' exists.
app/learn/[course]/page.tsx(19,19): error TS7026: JSX element implicitly has type 'any' because no interface 'JSX.IntrinsicElements' exists.
app/learn/[course]/page.tsx(19,38): error TS7026: JSX element implicitly has type 'any' because no interface 'JSX.IntrinsicElements' exists.
app/learn/[course]/page.tsx(19,71): error TS7026: JSX element implicitly has type 'any' because no interface 'JSX.IntrinsicElements' exists.
app/learn/[course]/page.tsx(19,94): error TS7026: JSX element implicitly has type 'any' because no interface 'JSX.IntrinsicElements' exists.
app/learn/[course]/page.tsx(19,99): error TS7026: JSX element implicitly has type 'any' because no interface 'JSX.IntrinsicElements' exists.
app/learn/[course]/page.tsx(19,141): error TS7026: JSX element implicitly has type 'any' because no interface 'JSX.IntrinsicElements' exists.
app/learn/[course]/page.tsx(19,145): error TS7026: JSX element implicitly has type 'any' because no interface 'JSX.IntrinsicElements' exists.
app/learn/[course]/page.tsx(19,203): error TS7026: JSX element implicitly has type 'any' because no interface 'JSX.IntrinsicElements' exists.
app/learn/[course]/page.tsx(19,207): error TS7026: JSX element implicitly has type 'any' because no interface 'JSX.IntrinsicElements' exists.
app/learn/[course]/page.tsx(19,230): error TS7026: JSX element implicitly has type 'any' because no interface 'JSX.IntrinsicElements' exists.
app/learn/[course]/page.tsx(20,8): error TS7026: JSX element implicitly has type 'any' because no interface 'JSX.IntrinsicElements' exists.
app/learn/[course]/page.tsx(20,27): error TS7026: JSX element implicitly has type 'any' because no interface 'JSX.IntrinsicElements' exists.
app/learn/[course]/page.tsx(20,128): error TS7026: JSX element implicitly has type 'any' because no interface 'JSX.IntrinsicElements' exists.
app/learn/[course]/page.tsx(20,133): error TS7026: JSX element implicitly has type 'any' because no interface 'JSX.IntrinsicElements' exists.
app/learn/[course]/page.tsx(20,170): error TS7026: JSX element implicitly has type 'any' because no interface 'JSX.IntrinsicElements' exists.
app/learn/[course]/page.tsx(20,177): error TS7026: JSX element implicitly has type 'any' because no interface 'JSX.IntrinsicElements' exists.
app/learn/[course]/page.tsx(20,200): error TS7026: JSX element implicitly has type 'any' because no interface 'JSX.IntrinsicElements' exists.
app/learn/[course]/page.tsx(20,205): error TS7026: JSX element implicitly has type 'any' because no interface 'JSX.IntrinsicElements' exists.
app/learn/[course]/page.tsx(20,320): error TS7026: JSX element implicitly has type 'any' because no interface 'JSX.IntrinsicElements' exists.
app/learn/[course]/page.tsx(20,324): error TS7026: JSX element implicitly has type 'any' because no interface 'JSX.IntrinsicElements' exists.
app/learn/[course]/page.tsx(20,330): error TS7026: JSX element implicitly has type 'any' because no interface 'JSX.IntrinsicElements' exists.
app/learn/[course]/page.tsx(20,359): error TS7026: JSX element implicitly has type 'any' because no interface 'JSX.IntrinsicElements' exists.
app/learn/[course]/page.tsx(20,382): error TS7026: JSX element implicitly has type 'any' because no interface 'JSX.IntrinsicElements' exists.
app/learn/[course]/page.tsx(20,386): error TS7026: JSX element implicitly has type 'any' because no interface 'JSX.IntrinsicElements' exists.
app/learn/[course]/page.tsx(20,391): error TS7026: JSX element implicitly has type 'any' because no interface 'JSX.IntrinsicElements' exists.
app/learn/[course]/page.tsx(20,426): error TS7026: JSX element implicitly has type 'any' because no interface 'JSX.IntrinsicElements' exists.
app/learn/[course]/page.tsx(20,432): error TS7026: JSX element implicitly has type 'any' because no interface 'JSX.IntrinsicElements' exists.
app/learn/[course]/page.tsx(20,501): error TS7026: JSX element implicitly has type 'any' because no interface 'JSX.IntrinsicElements' exists.
app/learn/[course]/page.tsx(20,509): error TS7026: JSX element implicitly has type 'any' because no interface 'JSX.IntrinsicElements' exists.
app/learn/[course]/page.tsx(20,515): error TS7026: JSX element implicitly has type 'any' because no interface 'JSX.IntrinsicElements' exists.
app/learn/[course]/page.tsx(20,525): error TS7026: JSX element implicitly has type 'any' because no interface 'JSX.IntrinsicElements' exists.
app/learn/[course]/page.tsx(20,556): error TS7026: JSX element implicitly has type 'any' because no interface 'JSX.IntrinsicElements' exists.
app/learn/[course]/page.tsx(20,586): error TS7026: JSX element implicitly has type 'any' because no interface 'JSX.IntrinsicElements' exists.
app/learn/[course]/page.tsx(20,619): error TS7026: JSX element implicitly has type 'any' because no interface 'JSX.IntrinsicElements' exists.
app/learn/[course]/page.tsx(20,702): error TS7026: JSX element implicitly has type 'any' because no interface 'JSX.IntrinsicElements' exists.
app/learn/[course]/page.tsx(20,709): error TS7026: JSX element implicitly has type 'any' because no interface 'JSX.IntrinsicElements' exists.
app/learn/[course]/page.tsx(20,735): error TS7026: JSX element implicitly has type 'any' because no interface 'JSX.IntrinsicElements' exists.
app/learn/[course]/page.tsx(20,740): error TS7026: JSX element implicitly has type 'any' because no interface 'JSX.IntrinsicElements' exists.
app/learn/[course]/page.tsx(20,805): error TS7026: JSX element implicitly has type 'any' because no interface 'JSX.IntrinsicElements' exists.
app/learn/[course]/page.tsx(20,813): error TS7026: JSX element implicitly has type 'any' because no interface 'JSX.IntrinsicElements' exists.
app/learn/[course]/page.tsx(20,819): error TS7026: JSX element implicitly has type 'any' because no interface 'JSX.IntrinsicElements' exists.
app/learn/[course]/page.tsx(20,999): error TS7026: JSX element implicitly has type 'any' because no interface 'JSX.IntrinsicElements' exists.
app/learn/[course]/page.tsx(20,1105): error TS7026: JSX element implicitly has type 'any' because no interface 'JSX.IntrinsicElements' exists.
app/learn/[course]/page.tsx(20,1144): error TS7026: JSX element implicitly has type 'any' because no interface 'JSX.IntrinsicElements' exists.
app/learn/[course]/page.tsx(20,1151): error TS7026: JSX element implicitly has type 'any' because no interface 'JSX.IntrinsicElements' exists.
app/learn/[course]/page.tsx(20,1156): error TS7026: JSX element implicitly has type 'any' because no interface 'JSX.IntrinsicElements' exists.
app/learn/[course]/page.tsx(20,1168): error TS7026: JSX element implicitly has type 'any' because no interface 'JSX.IntrinsicElements' exists.
app/learn/[course]/page.tsx(20,1172): error TS7026: JSX element implicitly has type 'any' because no interface 'JSX.IntrinsicElements' exists.
app/learn/[course]/page.tsx(20,1222): error TS7026: JSX element implicitly has type 'any' because no interface 'JSX.IntrinsicElements' exists.
app/learn/[course]/page.tsx(20,1230): error TS7026: JSX element implicitly has type 'any' because no interface 'JSX.IntrinsicElements' exists.
app/learn/[course]/page.tsx(20,1236): error TS7026: JSX element implicitly has type 'any' because no interface 'JSX.IntrinsicElements' exists.
app/learn/[course]/page.tsx(20,1248): error TS7026: JSX element implicitly has type 'any' because no interface 'JSX.IntrinsicElements' exists.
app/learn/[course]/page.tsx(20,1258): error TS7026: JSX element implicitly has type 'any' because no interface 'JSX.IntrinsicElements' exists.
app/learn/[course]/page.tsx(20,1294): error TS7026: JSX element implicitly has type 'any' because no interface 'JSX.IntrinsicElements' exists.
app/learn/[course]/page.tsx(20,1316): error TS7026: JSX element implicitly has type 'any' because no interface 'JSX.IntrinsicElements' exists.
app/learn/[course]/page.tsx(20,1320): error TS7026: JSX element implicitly has type 'any' because no interface 'JSX.IntrinsicElements' exists.
app/learn/[course]/page.tsx(20,1412): error TS7026: JSX element implicitly has type 'any' because no interface 'JSX.IntrinsicElements' exists.
app/learn/[course]/page.tsx(20,1418): error TS7026: JSX element implicitly has type 'any' because no interface 'JSX.IntrinsicElements' exists.
app/learn/[course]/page.tsx(20,1426): error TS7026: JSX element implicitly has type 'any' because no interface 'JSX.IntrinsicElements' exists.
app/learn/[course]/page.tsx(20,1459): error TS7026: JSX element implicitly has type 'any' because no interface 'JSX.IntrinsicElements' exists.
app/learn/[course]/page.tsx(20,1487): error TS7026: JSX element implicitly has type 'any' because no interface 'JSX.IntrinsicElements' exists.
app/learn/[course]/page.tsx(20,1559): error TS7026: JSX element implicitly has type 'any' because no interface 'JSX.IntrinsicElements' exists.
app/learn/[course]/page.tsx(20,1566): error TS7026: JSX element implicitly has type 'any' because no interface 'JSX.IntrinsicElements' exists.
app/learn/[course]/page.tsx(20,1606): error TS7026: JSX element implicitly has type 'any' because no interface 'JSX.IntrinsicElements' exists.
app/learn/[course]/page.tsx(20,1613): error TS7026: JSX element implicitly has type 'any' because no interface 'JSX.IntrinsicElements' exists.
app/learn/[course]/page.tsx(20,1619): error TS7026: JSX element implicitly has type 'any' because no interface 'JSX.IntrinsicElements' exists.
app/learn/[course]/page.tsx(20,1637): error TS7026: JSX element implicitly has type 'any' because no interface 'JSX.IntrinsicElements' exists.
app/learn/[course]/page.tsx(20,1663): error TS7026: JSX element implicitly has type 'any' because no interface 'JSX.IntrinsicElements' exists.
app/learn/[course]/page.tsx(20,1709): error TS7026: JSX element implicitly has type 'any' because no interface 'JSX.IntrinsicElements' exists.
app/learn/[course]/page.tsx(20,1723): error TS7026: JSX element implicitly has type 'any' because no interface 'JSX.IntrinsicElements' exists.
app/learn/[course]/page.tsx(20,1763): error TS7026: JSX element implicitly has type 'any' because no interface 'JSX.IntrinsicElements' exists.
app/learn/[course]/page.tsx(20,1829): error TS7026: JSX element implicitly has type 'any' because no interface 'JSX.IntrinsicElements' exists.
app/learn/[course]/page.tsx(20,1908): error TS7026: JSX element implicitly has type 'any' because no interface 'JSX.IntrinsicElements' exists.
app/learn/[course]/page.tsx(20,1937): error TS7026: JSX element implicitly has type 'any' because no interface 'JSX.IntrinsicElements' exists.
app/learn/[course]/page.tsx(20,1943): error TS7026: JSX element implicitly has type 'any' because no interface 'JSX.IntrinsicElements' exists.
app/learn/[course]/page.tsx(20,2024): error TS7026: JSX element implicitly has type 'any' because no interface 'JSX.IntrinsicElements' exists.
app/learn/[course]/page.tsx(20,2033): error TS7026: JSX element implicitly has type 'any' because no interface 'JSX.IntrinsicElements' exists.
app/learn/[course]/page.tsx(20,2188): error TS7026: JSX element implicitly has type 'any' because no interface 'JSX.IntrinsicElements' exists.
app/learn/[course]/page.tsx(20,2199): error TS7026: JSX element implicitly has type 'any' because no interface 'JSX.IntrinsicElements' exists.
app/learn/[course]/page.tsx(20,2225): error TS7026: JSX element implicitly has type 'any' because no interface 'JSX.IntrinsicElements' exists.
app/learn/[course]/page.tsx(20,2255): error TS7026: JSX element implicitly has type 'any' because no interface 'JSX.IntrinsicElements' exists.
app/learn/[course]/page.tsx(20,2298): error TS7026: JSX element implicitly has type 'any' because no interface 'JSX.IntrinsicElements' exists.
app/learn/[course]/page.tsx(20,2305): error TS7026: JSX element implicitly has type 'any' because no interface 'JSX.IntrinsicElements' exists.
app/learn/[course]/page.tsx(20,2321): error TS7026: JSX element implicitly has type 'any' because no interface 'JSX.IntrinsicElements' exists.
app/learn/[course]/page.tsx(20,2326): error TS7026: JSX element implicitly has type 'any' because no interface 'JSX.IntrinsicElements' exists.
app/learn/[course]/page.tsx(20,2347): error TS7026: JSX element implicitly has type 'any' because no interface 'JSX.IntrinsicElements' exists.
app/learn/[course]/page.tsx(20,2351): error TS7026: JSX element implicitly has type 'any' because no interface 'JSX.IntrinsicElements' exists.
app/learn/[course]/page.tsx(20,2391): error TS7026: JSX element implicitly has type 'any' because no interface 'JSX.IntrinsicElements' exists.
app/learn/[course]/page.tsx(20,2465): error TS7026: JSX element implicitly has type 'any' because no interface 'JSX.IntrinsicElements' exists.
app/learn/[course]/page.tsx(20,2521): error TS7026: JSX element implicitly has type 'any' because no interface 'JSX.IntrinsicElements' exists.
app/learn/[course]/page.tsx(20,2611): error TS7026: JSX element implicitly has type 'any' because no interface 'JSX.IntrinsicElements' exists.
app/learn/[course]/page.tsx(20,2618): error TS7026: JSX element implicitly has type 'any' because no interface 'JSX.IntrinsicElements' exists.
app/learn/[course]/page.tsx(20,2631): error TS7026: JSX element implicitly has type 'any' because no interface 'JSX.IntrinsicElements' exists.
app/learn/[course]/page.tsx(20,2649): error TS7026: JSX element implicitly has type 'any' because no interface 'JSX.IntrinsicElements' exists.
app/learn/[course]/page.tsx(20,2684): error TS7026: JSX element implicitly has type 'any' because no interface 'JSX.IntrinsicElements' exists.
app/learn/[course]/page.tsx(20,2794): error TS7026: JSX element implicitly has type 'any' because no interface 'JSX.IntrinsicElements' exists.
app/learn/[course]/page.tsx(20,2843): error TS7026: JSX element implicitly has type 'any' because no interface 'JSX.IntrinsicElements' exists.
app/learn/[course]/page.tsx(20,2965): error TS7026: JSX element implicitly has type 'any' because no interface 'JSX.IntrinsicElements' exists.
app/learn/[course]/page.tsx(20,3034): error TS7026: JSX element implicitly has type 'any' because no interface 'JSX.IntrinsicElements' exists.
app/learn/[course]/page.tsx(20,3071): error TS7026: JSX element implicitly has type 'any' because no interface 'JSX.IntrinsicElements' exists.
app/learn/[course]/page.tsx(20,3078): error TS7026: JSX element implicitly has type 'any' because no interface 'JSX.IntrinsicElements' exists.
app/learn/[course]/page.tsx(20,3083): error TS7026: JSX element implicitly has type 'any' because no interface 'JSX.IntrinsicElements' exists.
app/learn/[course]/page.tsx(20,3103): error TS7026: JSX element implicitly has type 'any' because no interface 'JSX.IntrinsicElements' exists.
app/learn/[course]/page.tsx(20,3107): error TS7026: JSX element implicitly has type 'any' because no interface 'JSX.IntrinsicElements' exists.
app/learn/[course]/page.tsx(20,3121): error TS7026: JSX element implicitly has type 'any' because no interface 'JSX.IntrinsicElements' exists.
app/learn/[course]/page.tsx(20,3129): error TS7026: JSX element implicitly has type 'any' because no interface 'JSX.IntrinsicElements' exists.
app/learn/[course]/page.tsx(20,3135): error TS7026: JSX element implicitly has type 'any' because no interface 'JSX.IntrinsicElements' exists.
app/learn/[course]/page.tsx(20,3160): error TS7026: JSX element implicitly has type 'any' because no interface 'JSX.IntrinsicElements' exists.
app/learn/[course]/page.tsx(20,3234): error TS7026: JSX element implicitly has type 'any' because no interface 'JSX.IntrinsicElements' exists.
app/learn/[course]/page.tsx(20,3244): error TS7026: JSX element implicitly has type 'any' because no interface 'JSX.IntrinsicElements' exists.
app/learn/[course]/page.tsx(20,3251): error TS7026: JSX element implicitly has type 'any' because no interface 'JSX.IntrinsicElements' exists.
app/learn/[course]/page.tsx(20,3256): error TS7026: JSX element implicitly has type 'any' because no interface 'JSX.IntrinsicElements' exists.
app/learn/[course]/page.tsx(20,3286): error TS7026: JSX element implicitly has type 'any' because no interface 'JSX.IntrinsicElements' exists.
app/learn/[course]/page.tsx(20,3290): error TS7026: JSX element implicitly has type 'any' because no interface 'JSX.IntrinsicElements' exists.
app/learn/[course]/page.tsx(20,3314): error TS7026: JSX element implicitly has type 'any' because no interface 'JSX.IntrinsicElements' exists.
app/learn/[course]/page.tsx(20,3322): error TS7026: JSX element implicitly has type 'any' because no interface 'JSX.IntrinsicElements' exists.
app/learn/[course]/page.tsx(20,3328): error TS7026: JSX element implicitly has type 'any' because no interface 'JSX.IntrinsicElements' exists.
app/learn/[course]/page.tsx(20,3360): error TS7026: JSX element implicitly has type 'any' because no interface 'JSX.IntrinsicElements' exists.
app/learn/[course]/page.tsx(20,3430): error TS7026: JSX element implicitly has type 'any' because no interface 'JSX.IntrinsicElements' exists.
app/learn/[course]/page.tsx(20,3487): error TS7026: JSX element implicitly has type 'any' because no interface 'JSX.IntrinsicElements' exists.
app/learn/[course]/page.tsx(20,3494): error TS7026: JSX element implicitly has type 'any' because no interface 'JSX.IntrinsicElements' exists.
app/learn/[course]/page.tsx(20,3501): error TS7026: JSX element implicitly has type 'any' because no interface 'JSX.IntrinsicElements' exists.
app/learn/[course]/page.tsx(20,3506): error TS7026: JSX element implicitly has type 'any' because no interface 'JSX.IntrinsicElements' exists.
app/learn/[course]/page.tsx(20,3530): error TS7026: JSX element implicitly has type 'any' because no interface 'JSX.IntrinsicElements' exists.
app/learn/[course]/page.tsx(20,3534): error TS7026: JSX element implicitly has type 'any' because no interface 'JSX.IntrinsicElements' exists.
app/learn/[course]/page.tsx(20,3581): error TS7026: JSX element implicitly has type 'any' because no interface 'JSX.IntrinsicElements' exists.
app/learn/[course]/page.tsx(20,3589): error TS7026: JSX element implicitly has type 'any' because no interface 'JSX.IntrinsicElements' exists.
app/learn/[course]/page.tsx(20,3595): error TS7026: JSX element implicitly has type 'any' because no interface 'JSX.IntrinsicElements' exists.
app/learn/[course]/page.tsx(20,3601): error TS7026: JSX element implicitly has type 'any' because no interface 'JSX.IntrinsicElements' exists.
app/learn/[course]/page.tsx(20,3637): error TS7026: JSX element implicitly has type 'any' because no interface 'JSX.IntrinsicElements' exists.
app/learn/[course]/page.tsx(20,3665): error TS7026: JSX element implicitly has type 'any' because no interface 'JSX.IntrinsicElements' exists.
app/learn/[course]/page.tsx(20,3800): error TS7026: JSX element implicitly has type 'any' because no interface 'JSX.IntrinsicElements' exists.
app/learn/[course]/page.tsx(20,3845): error TS7026: JSX element implicitly has type 'any' because no interface 'JSX.IntrinsicElements' exists.
app/learn/[course]/page.tsx(20,3860): error TS7026: JSX element implicitly has type 'any' because no interface 'JSX.IntrinsicElements' exists.
app/learn/[course]/page.tsx(20,3871): error TS7026: JSX element implicitly has type 'any' because no interface 'JSX.IntrinsicElements' exists.
app/learn/[course]/page.tsx(20,4227): error TS7026: JSX element implicitly has type 'any' because no interface 'JSX.IntrinsicElements' exists.
app/learn/[course]/page.tsx(20,4237): error TS7026: JSX element implicitly has type 'any' because no interface 'JSX.IntrinsicElements' exists.
app/learn/[course]/page.tsx(20,4318): error TS7026: JSX element implicitly has type 'any' because no interface 'JSX.IntrinsicElements' exists.
app/learn/[course]/page.tsx(20,4346): error TS7026: JSX element implicitly has type 'any' because no interface 'JSX.IntrinsicElements' exists.
app/learn/[course]/page.tsx(20,4353): error TS7026: JSX element implicitly has type 'any' because no interface 'JSX.IntrinsicElements' exists.
app/learn/[course]/page.tsx(20,4360): error TS7026: JSX element implicitly has type 'any' because no interface 'JSX.IntrinsicElements' exists.
app/learn/[course]/page.tsx(20,4632): error TS7026: JSX element implicitly has type 'any' because no interface 'JSX.IntrinsicElements' exists.
app/learn/[course]/page.tsx(20,4640): error TS7026: JSX element implicitly has type 'any' because no interface 'JSX.IntrinsicElements' exists.
app/learn/[course]/page.tsx(20,4659): error TS7026: JSX element implicitly has type 'any' because no interface 'JSX.IntrinsicElements' exists.
app/learn/[course]/page.tsx(20,4677): error TS7026: JSX element implicitly has type 'any' because no interface 'JSX.IntrinsicElements' exists.
app/learn/[course]/page.tsx(20,4686): error TS7026: JSX element implicitly has type 'any' because no interface 'JSX.IntrinsicElements' exists.
app/learn/[course]/page.tsx(20,4694): error TS7026: JSX element implicitly has type 'any' because no interface 'JSX.IntrinsicElements' exists.
app/learn/[course]/page.tsx(20,4733): error TS7026: JSX element implicitly has type 'any' because no interface 'JSX.IntrinsicElements' exists.
app/learn/[course]/page.tsx(20,4763): error TS7026: JSX element implicitly has type 'any' because no interface 'JSX.IntrinsicElements' exists.
app/learn/[course]/page.tsx(20,4790): error TS7026: JSX element implicitly has type 'any' because no interface 'JSX.IntrinsicElements' exists.
app/learn/[course]/page.tsx(20,4795): error TS7026: JSX element implicitly has type 'any' because no interface 'JSX.IntrinsicElements' exists.
app/learn/[course]/page.tsx(20,4853): error TS7026: JSX element implicitly has type 'any' because no interface 'JSX.IntrinsicElements' exists.
app/learn/[course]/page.tsx(20,4859): error TS7026: JSX element implicitly has type 'any' because no interface 'JSX.IntrinsicElements' exists.
app/learn/[course]/page.tsx(20,4887): error TS7026: JSX element implicitly has type 'any' because no interface 'JSX.IntrinsicElements' exists.
app/learn/[course]/page.tsx(20,4894): error TS7026: JSX element implicitly has type 'any' because no interface 'JSX.IntrinsicElements' exists.
app/learn/[course]/page.tsx(20,4901): error TS7026: JSX element implicitly has type 'any' because no interface 'JSX.IntrinsicElements' exists.
app/learn/[course]/page.tsx(20,5164): error TS7026: JSX element implicitly has type 'any' because no interface 'JSX.IntrinsicElements' exists.
app/learn/[course]/page.tsx(20,5172): error TS7026: JSX element implicitly has type 'any' because no interface 'JSX.IntrinsicElements' exists.
app/learn/[course]/page.tsx(20,5178): error TS7026: JSX element implicitly has type 'any' because no interface 'JSX.IntrinsicElements' exists.
app/learn/[course]/page.tsx(20,5214): error TS7026: JSX element implicitly has type 'any' because no interface 'JSX.IntrinsicElements' exists.
app/learn/[course]/page.tsx(20,5247): error TS7026: JSX element implicitly has type 'any' because no interface 'JSX.IntrinsicElements' exists.
app/learn/[course]/page.tsx(20,5294): error TS7026: JSX element implicitly has type 'any' because no interface 'JSX.IntrinsicElements' exists.
app/learn/[course]/page.tsx(20,5301): error TS7026: JSX element implicitly has type 'any' because no interface 'JSX.IntrinsicElements' exists.
app/learn/[course]/page.tsx(20,5325): error TS7026: JSX element implicitly has type 'any' because no interface 'JSX.IntrinsicElements' exists.
app/learn/[course]/page.tsx(20,5370): error TS7026: JSX element implicitly has type 'any' because no interface 'JSX.IntrinsicElements' exists.
app/learn/[course]/page.tsx(20,5427): error TS7026: JSX element implicitly has type 'any' because no interface 'JSX.IntrinsicElements' exists.
app/learn/[course]/page.tsx(20,5459): error TS7026: JSX element implicitly has type 'any' because no interface 'JSX.IntrinsicElements' exists.
app/learn/[course]/page.tsx(20,5466): error TS7026: JSX element implicitly has type 'any' because no interface 'JSX.IntrinsicElements' exists.
app/learn/[course]/page.tsx(20,5471): error TS7026: JSX element implicitly has type 'any' because no interface 'JSX.IntrinsicElements' exists.
app/learn/[course]/page.tsx(20,5483): error TS7026: JSX element implicitly has type 'any' because no interface 'JSX.IntrinsicElements' exists.
app/learn/[course]/page.tsx(20,5487): error TS7026: JSX element implicitly has type 'any' because no interface 'JSX.IntrinsicElements' exists.
app/learn/[course]/page.tsx(20,5535): error TS7026: JSX element implicitly has type 'any' because no interface 'JSX.IntrinsicElements' exists.
app/learn/[course]/page.tsx(20,5543): error TS7026: JSX element implicitly has type 'any' because no interface 'JSX.IntrinsicElements' exists.
app/learn/[course]/page.tsx(20,5549): error TS7026: JSX element implicitly has type 'any' because no interface 'JSX.IntrinsicElements' exists.
app/learn/[course]/page.tsx(20,5555): error TS7026: JSX element implicitly has type 'any' because no interface 'JSX.IntrinsicElements' exists.
app/learn/[course]/page.tsx(20,5578): error TS7026: JSX element implicitly has type 'any' because no interface 'JSX.IntrinsicElements' exists.
app/learn/[course]/page.tsx(20,5655): error TS7026: JSX element implicitly has type 'any' because no interface 'JSX.IntrinsicElements' exists.
app/learn/[course]/page.tsx(20,5664): error TS7026: JSX element implicitly has type 'any' because no interface 'JSX.IntrinsicElements' exists.
app/learn/[course]/page.tsx(20,5671): error TS7026: JSX element implicitly has type 'any' because no interface 'JSX.IntrinsicElements' exists.
app/learn/[course]/page.tsx(20,5676): error TS7026: JSX element implicitly has type 'any' because no interface 'JSX.IntrinsicElements' exists.
app/learn/[course]/page.tsx(20,5698): error TS7026: JSX element implicitly has type 'any' because no interface 'JSX.IntrinsicElements' exists.
app/learn/[course]/page.tsx(20,5702): error TS7026: JSX element implicitly has type 'any' because no interface 'JSX.IntrinsicElements' exists.
app/learn/[course]/page.tsx(20,5734): error TS7026: JSX element implicitly has type 'any' because no interface 'JSX.IntrinsicElements' exists.
app/learn/[course]/page.tsx(20,5742): error TS7026: JSX element implicitly has type 'any' because no interface 'JSX.IntrinsicElements' exists.
app/learn/[course]/page.tsx(20,5748): error TS7026: JSX element implicitly has type 'any' because no interface 'JSX.IntrinsicElements' exists.
app/learn/[course]/page.tsx(20,5782): error TS7026: JSX element implicitly has type 'any' because no interface 'JSX.IntrinsicElements' exists.
app/learn/[course]/page.tsx(20,5810): error TS7026: JSX element implicitly has type 'any' because no interface 'JSX.IntrinsicElements' exists.
app/learn/[course]/page.tsx(20,5847): error TS7026: JSX element implicitly has type 'any' because no interface 'JSX.IntrinsicElements' exists.
app/learn/[course]/page.tsx(20,5854): error TS7026: JSX element implicitly has type 'any' because no interface 'JSX.IntrinsicElements' exists.
app/learn/[course]/page.tsx(20,5956): error TS7026: JSX element implicitly has type 'any' because no interface 'JSX.IntrinsicElements' exists.
app/learn/[course]/page.tsx(20,5961): error TS7026: JSX element implicitly has type 'any' because no interface 'JSX.IntrinsicElements' exists.
app/learn/[course]/page.tsx(20,6135): error TS7026: JSX element implicitly has type 'any' because no interface 'JSX.IntrinsicElements' exists.
app/learn/[course]/page.tsx(20,6179): error TS7026: JSX element implicitly has type 'any' because no interface 'JSX.IntrinsicElements' exists.
app/learn/[course]/page.tsx(20,6194): error TS7026: JSX element implicitly has type 'any' because no interface 'JSX.IntrinsicElements' exists.
app/learn/[course]/page.tsx(20,6205): error TS7026: JSX element implicitly has type 'any' because no interface 'JSX.IntrinsicElements' exists.
app/learn/[course]/page.tsx(20,6528): error TS7026: JSX element implicitly has type 'any' because no interface 'JSX.IntrinsicElements' exists.
app/learn/[course]/page.tsx(20,6538): error TS7026: JSX element implicitly has type 'any' because no interface 'JSX.IntrinsicElements' exists.
app/learn/[course]/page.tsx(20,6641): error TS7026: JSX element implicitly has type 'any' because no interface 'JSX.IntrinsicElements' exists.
app/learn/[course]/page.tsx(20,6710): error TS7026: JSX element implicitly has type 'any' because no interface 'JSX.IntrinsicElements' exists.
app/learn/[course]/page.tsx(20,6754): error TS7026: JSX element implicitly has type 'any' because no interface 'JSX.IntrinsicElements' exists.
app/learn/[course]/page.tsx(20,6758): error TS7026: JSX element implicitly has type 'any' because no interface 'JSX.IntrinsicElements' exists.
app/learn/[course]/page.tsx(20,6944): error TS7026: JSX element implicitly has type 'any' because no interface 'JSX.IntrinsicElements' exists.
app/learn/[course]/page.tsx(20,7269): error TS7026: JSX element implicitly has type 'any' because no interface 'JSX.IntrinsicElements' exists.
app/learn/[course]/page.tsx(20,7344): error TS7026: JSX element implicitly has type 'any' because no interface 'JSX.IntrinsicElements' exists.
app/learn/[course]/page.tsx(20,7513): error TS7026: JSX element implicitly has type 'any' because no interface 'JSX.IntrinsicElements' exists.
app/learn/[course]/page.tsx(20,7523): error TS7026: JSX element implicitly has type 'any' because no interface 'JSX.IntrinsicElements' exists.
app/learn/[course]/page.tsx(20,7554): error TS7026: JSX element implicitly has type 'any' because no interface 'JSX.IntrinsicElements' exists.
app/learn/[course]/page.tsx(20,7625): error TS7026: JSX element implicitly has type 'any' because no interface 'JSX.IntrinsicElements' exists.
app/learn/[course]/page.tsx(20,7634): error TS7026: JSX element implicitly has type 'any' because no interface 'JSX.IntrinsicElements' exists.
app/learn/[course]/page.tsx(20,8013): error TS7026: JSX element implicitly has type 'any' because no interface 'JSX.IntrinsicElements' exists.
app/learn/[course]/page.tsx(20,8022): error TS7026: JSX element implicitly has type 'any' because no interface 'JSX.IntrinsicElements' exists.
app/learn/[course]/page.tsx(20,8028): error TS7026: JSX element implicitly has type 'any' because no interface 'JSX.IntrinsicElements' exists.
app/learn/[course]/page.tsx(20,8038): error TS7026: JSX element implicitly has type 'any' because no interface 'JSX.IntrinsicElements' exists.
app/learn/[course]/page.tsx(20,8063): error TS7026: JSX element implicitly has type 'any' because no interface 'JSX.IntrinsicElements' exists.
app/learn/[course]/page.tsx(20,8098): error TS7026: JSX element implicitly has type 'any' because no interface 'JSX.IntrinsicElements' exists.
app/learn/[course]/page.tsx(20,8130): error TS7026: JSX element implicitly has type 'any' because no interface 'JSX.IntrinsicElements' exists.
app/learn/[course]/page.tsx(20,8163): error TS7026: JSX element implicitly has type 'any' because no interface 'JSX.IntrinsicElements' exists.
app/learn/[course]/page.tsx(20,8169): error TS7026: JSX element implicitly has type 'any' because no interface 'JSX.IntrinsicElements' exists.
app/learn/[course]/page.tsx(20,8214): error TS7026: JSX element implicitly has type 'any' because no interface 'JSX.IntrinsicElements' exists.
app/learn/[course]/page.tsx(20,8221): error TS7026: JSX element implicitly has type 'any' because no interface 'JSX.IntrinsicElements' exists.
app/learn/[course]/page.tsx(20,8241): error TS7026: JSX element implicitly has type 'any' because no interface 'JSX.IntrinsicElements' exists.
app/learn/[course]/page.tsx(20,8246): error TS7026: JSX element implicitly has type 'any' because no interface 'JSX.IntrinsicElements' exists.
app/learn/[course]/page.tsx(20,8268): error TS7026: JSX element implicitly has type 'any' because no interface 'JSX.IntrinsicElements' exists.
app/learn/[course]/page.tsx(20,8290): error TS7026: JSX element implicitly has type 'any' because no interface 'JSX.IntrinsicElements' exists.
app/learn/[course]/page.tsx(20,8347): error TS7026: JSX element implicitly has type 'any' because no interface 'JSX.IntrinsicElements' exists.
app/learn/[course]/page.tsx(20,8400): error TS7026: JSX element implicitly has type 'any' because no interface 'JSX.IntrinsicElements' exists.
app/learn/[course]/page.tsx(20,8435): error TS7026: JSX element implicitly has type 'any' because no interface 'JSX.IntrinsicElements' exists.
app/learn/[course]/page.tsx(20,8520): error TS7026: JSX element implicitly has type 'any' because no interface 'JSX.IntrinsicElements' exists.
app/learn/[course]/page.tsx(20,8529): error TS7026: JSX element implicitly has type 'any' because no interface 'JSX.IntrinsicElements' exists.
app/learn/[course]/page.tsx(20,8604): error TS7026: JSX element implicitly has type 'any' because no interface 'JSX.IntrinsicElements' exists.
app/learn/[course]/page.tsx(20,8613): error TS7026: JSX element implicitly has type 'any' because no interface 'JSX.IntrinsicElements' exists.
app/learn/[course]/page.tsx(20,8619): error TS7026: JSX element implicitly has type 'any' because no interface 'JSX.IntrinsicElements' exists.
app/learn/[course]/page.tsx(20,8625): error TS7026: JSX element implicitly has type 'any' because no interface 'JSX.IntrinsicElements' exists.
app/learn/[course]/page.tsx(20,8645): error TS7026: JSX element implicitly has type 'any' because no interface 'JSX.IntrinsicElements' exists.
app/loading.tsx(1,42): error TS7026: JSX element implicitly has type 'any' because no interface 'JSX.IntrinsicElements' exists.
app/loading.tsx(1,102): error TS7026: JSX element implicitly has type 'any' because no interface 'JSX.IntrinsicElements' exists.
app/loading.tsx(1,133): error TS7026: JSX element implicitly has type 'any' because no interface 'JSX.IntrinsicElements' exists.
app/loading.tsx(1,158): error TS7026: JSX element implicitly has type 'any' because no interface 'JSX.IntrinsicElements' exists.
app/loading.tsx(1,163): error TS7026: JSX element implicitly has type 'any' because no interface 'JSX.IntrinsicElements' exists.
app/loading.tsx(1,203): error TS7026: JSX element implicitly has type 'any' because no interface 'JSX.IntrinsicElements' exists.
app/loading.tsx(1,207): error TS7026: JSX element implicitly has type 'any' because no interface 'JSX.IntrinsicElements' exists.
app/login/page.tsx(4,18): error TS2307: Cannot find module 'next/link' or its corresponding type declarations.
app/login/page.tsx(5,44): error TS2307: Cannot find module 'react' or its corresponding type declarations.
app/login/page.tsx(6,41): error TS2307: Cannot find module 'next/navigation' or its corresponding type declarations.
app/login/page.tsx(18,43): error TS7026: JSX element implicitly has type 'any' because no interface 'JSX.IntrinsicElements' exists.
app/login/page.tsx(18,112): error TS7026: JSX element implicitly has type 'any' because no interface 'JSX.IntrinsicElements' exists.
app/login/page.tsx(19,9): error TS7026: JSX element implicitly has type 'any' because no interface 'JSX.IntrinsicElements' exists.
app/login/page.tsx(19,36): error TS7026: JSX element implicitly has type 'any' because no interface 'JSX.IntrinsicElements' exists.
app/login/page.tsx(19,176): error TS7026: JSX element implicitly has type 'any' because no interface 'JSX.IntrinsicElements' exists.
app/login/page.tsx(19,192): error TS7026: JSX element implicitly has type 'any' because no interface 'JSX.IntrinsicElements' exists.
app/login/page.tsx(19,203): error TS7026: JSX element implicitly has type 'any' because no interface 'JSX.IntrinsicElements' exists.
app/login/page.tsx(19,208): error TS7026: JSX element implicitly has type 'any' because no interface 'JSX.IntrinsicElements' exists.
app/login/page.tsx(19,228): error TS7026: JSX element implicitly has type 'any' because no interface 'JSX.IntrinsicElements' exists.
app/login/page.tsx(19,235): error TS7026: JSX element implicitly has type 'any' because no interface 'JSX.IntrinsicElements' exists.
app/login/page.tsx(19,276): error TS7026: JSX element implicitly has type 'any' because no interface 'JSX.IntrinsicElements' exists.
app/login/page.tsx(19,281): error TS7026: JSX element implicitly has type 'any' because no interface 'JSX.IntrinsicElements' exists.
app/login/page.tsx(19,356): error TS7026: JSX element implicitly has type 'any' because no interface 'JSX.IntrinsicElements' exists.
app/login/page.tsx(19,360): error TS7026: JSX element implicitly has type 'any' because no interface 'JSX.IntrinsicElements' exists.
app/login/page.tsx(19,366): error TS7026: JSX element implicitly has type 'any' because no interface 'JSX.IntrinsicElements' exists.
app/login/page.tsx(19,376): error TS7026: JSX element implicitly has type 'any' because no interface 'JSX.IntrinsicElements' exists.
app/login/page.tsx(19,407): error TS7026: JSX element implicitly has type 'any' because no interface 'JSX.IntrinsicElements' exists.
app/login/page.tsx(19,491): error TS7026: JSX element implicitly has type 'any' because no interface 'JSX.IntrinsicElements' exists.
app/login/page.tsx(19,534): error TS7026: JSX element implicitly has type 'any' because no interface 'JSX.IntrinsicElements' exists.
app/login/page.tsx(19,541): error TS7026: JSX element implicitly has type 'any' because no interface 'JSX.IntrinsicElements' exists.
app/login/page.tsx(19,552): error TS7026: JSX element implicitly has type 'any' because no interface 'JSX.IntrinsicElements' exists.
app/login/page.tsx(19,557): error TS7026: JSX element implicitly has type 'any' because no interface 'JSX.IntrinsicElements' exists.
app/login/page.tsx(19,569): error TS7026: JSX element implicitly has type 'any' because no interface 'JSX.IntrinsicElements' exists.
app/login/page.tsx(19,635): error TS7006: Parameter 'e' implicitly has an 'any' type.
app/login/page.tsx(19,735): error TS7026: JSX element implicitly has type 'any' because no interface 'JSX.IntrinsicElements' exists.
app/login/page.tsx(19,798): error TS7026: JSX element implicitly has type 'any' because no interface 'JSX.IntrinsicElements' exists.
app/login/page.tsx(19,835): error TS7026: JSX element implicitly has type 'any' because no interface 'JSX.IntrinsicElements' exists.
app/login/page.tsx(19,907): error TS7026: JSX element implicitly has type 'any' because no interface 'JSX.IntrinsicElements' exists.
app/login/page.tsx(19,916): error TS7026: JSX element implicitly has type 'any' because no interface 'JSX.IntrinsicElements' exists.
app/login/page.tsx(19,941): error TS7026: JSX element implicitly has type 'any' because no interface 'JSX.IntrinsicElements' exists.
app/login/page.tsx(19,1001): error TS7026: JSX element implicitly has type 'any' because no interface 'JSX.IntrinsicElements' exists.
app/login/page.tsx(19,1015): error TS7026: JSX element implicitly has type 'any' because no interface 'JSX.IntrinsicElements' exists.
app/login/page.tsx(19,1062): error TS7026: JSX element implicitly has type 'any' because no interface 'JSX.IntrinsicElements' exists.
app/login/page.tsx(19,1079): error TS7026: JSX element implicitly has type 'any' because no interface 'JSX.IntrinsicElements' exists.
app/login/page.tsx(19,1131): error TS7026: JSX element implicitly has type 'any' because no interface 'JSX.IntrinsicElements' exists.
app/login/page.tsx(19,1138): error TS7026: JSX element implicitly has type 'any' because no interface 'JSX.IntrinsicElements' exists.
app/login/page.tsx(19,1223): error TS7026: JSX element implicitly has type 'any' because no interface 'JSX.IntrinsicElements' exists.
app/login/page.tsx(19,1247): error TS7026: JSX element implicitly has type 'any' because no interface 'JSX.IntrinsicElements' exists.
app/login/page.tsx(19,1352): error TS7026: JSX element implicitly has type 'any' because no interface 'JSX.IntrinsicElements' exists.
app/login/page.tsx(19,1362): error TS7026: JSX element implicitly has type 'any' because no interface 'JSX.IntrinsicElements' exists.
app/login/page.tsx(19,1457): error TS7026: JSX element implicitly has type 'any' because no interface 'JSX.IntrinsicElements' exists.
app/login/page.tsx(19,1461): error TS7026: JSX element implicitly has type 'any' because no interface 'JSX.IntrinsicElements' exists.
app/login/page.tsx(19,1468): error TS7026: JSX element implicitly has type 'any' because no interface 'JSX.IntrinsicElements' exists.
app/login/page.tsx(19,1478): error TS7026: JSX element implicitly has type 'any' because no interface 'JSX.IntrinsicElements' exists.
app/my-course/page.tsx(5,34): error TS2307: Cannot find module 'react' or its corresponding type declarations.
app/my-course/page.tsx(5,59): error TS2307: Cannot find module 'next/link' or its corresponding type declarations.
app/my-course/page.tsx(6,407): error TS2741: Property 'children' is missing in type '{ kicker: string; title: string; intro: string; backLabel: string; }' but required in type '{ kicker: string; title: string; intro: string; children: React.ReactNode; backLabel?: string | undefined; }'.
app/my-course/page.tsx(6,571): error TS7026: JSX element implicitly has type 'any' because no interface 'JSX.IntrinsicElements' exists.
app/my-course/page.tsx(6,625): error TS7026: JSX element implicitly has type 'any' because no interface 'JSX.IntrinsicElements' exists.
app/my-course/page.tsx(6,672): error TS7026: JSX element implicitly has type 'any' because no interface 'JSX.IntrinsicElements' exists.
app/my-course/page.tsx(6,688): error TS7026: JSX element implicitly has type 'any' because no interface 'JSX.IntrinsicElements' exists.
app/my-course/page.tsx(6,737): error TS7026: JSX element implicitly has type 'any' because no interface 'JSX.IntrinsicElements' exists.
app/my-course/page.tsx(6,750): error TS7026: JSX element implicitly has type 'any' because no interface 'JSX.IntrinsicElements' exists.
app/my-course/page.tsx(6,778): error TS7026: JSX element implicitly has type 'any' because no interface 'JSX.IntrinsicElements' exists.
app/my-course/page.tsx(6,818): error TS7026: JSX element implicitly has type 'any' because no interface 'JSX.IntrinsicElements' exists.
app/my-course/page.tsx(6,893): error TS7026: JSX element implicitly has type 'any' because no interface 'JSX.IntrinsicElements' exists.
app/my-course/page.tsx(6,919): error TS7026: JSX element implicitly has type 'any' because no interface 'JSX.IntrinsicElements' exists.
app/my-course/page.tsx(6,947): error TS7026: JSX element implicitly has type 'any' because no interface 'JSX.IntrinsicElements' exists.
app/my-course/page.tsx(6,974): error TS7026: JSX element implicitly has type 'any' because no interface 'JSX.IntrinsicElements' exists.
app/my-course/page.tsx(6,979): error TS7026: JSX element implicitly has type 'any' because no interface 'JSX.IntrinsicElements' exists.
app/my-course/page.tsx(6,1016): error TS7026: JSX element implicitly has type 'any' because no interface 'JSX.IntrinsicElements' exists.
app/my-course/page.tsx(6,1084): error TS7026: JSX element implicitly has type 'any' because no interface 'JSX.IntrinsicElements' exists.
app/my-course/page.tsx(6,1103): error TS7006: Parameter 'c' implicitly has an 'any' type.
app/my-course/page.tsx(6,1106): error TS7026: JSX element implicitly has type 'any' because no interface 'JSX.IntrinsicElements' exists.
app/my-course/page.tsx(6,1394): error TS7026: JSX element implicitly has type 'any' because no interface 'JSX.IntrinsicElements' exists.
app/my-course/page.tsx(6,1399): error TS7026: JSX element implicitly has type 'any' because no interface 'JSX.IntrinsicElements' exists.
app/my-course/page.tsx(6,1439): error TS7026: JSX element implicitly has type 'any' because no interface 'JSX.IntrinsicElements' exists.
app/my-course/page.tsx(6,1446): error TS7026: JSX element implicitly has type 'any' because no interface 'JSX.IntrinsicElements' exists.
app/my-course/page.tsx(6,1459): error TS7026: JSX element implicitly has type 'any' because no interface 'JSX.IntrinsicElements' exists.
app/my-course/page.tsx(6,1464): error TS7026: JSX element implicitly has type 'any' because no interface 'JSX.IntrinsicElements' exists.
app/my-course/page.tsx(6,1487): error TS7026: JSX element implicitly has type 'any' because no interface 'JSX.IntrinsicElements' exists.
app/my-course/page.tsx(6,1491): error TS7026: JSX element implicitly has type 'any' because no interface 'JSX.IntrinsicElements' exists.
app/my-course/page.tsx(6,1523): error TS7026: JSX element implicitly has type 'any' because no interface 'JSX.IntrinsicElements' exists.
app/my-course/page.tsx(6,1551): error TS7026: JSX element implicitly has type 'any' because no interface 'JSX.IntrinsicElements' exists.
app/my-course/page.tsx(6,1558): error TS7026: JSX element implicitly has type 'any' because no interface 'JSX.IntrinsicElements' exists.
app/my-course/page.tsx(6,1561): error TS7026: JSX element implicitly has type 'any' because no interface 'JSX.IntrinsicElements' exists.
app/my-course/page.tsx(6,1598): error TS7026: JSX element implicitly has type 'any' because no interface 'JSX.IntrinsicElements' exists.
app/my-course/page.tsx(6,1602): error TS7026: JSX element implicitly has type 'any' because no interface 'JSX.IntrinsicElements' exists.
app/my-course/page.tsx(6,1759): error TS7026: JSX element implicitly has type 'any' because no interface 'JSX.IntrinsicElements' exists.
app/my-course/page.tsx(6,1765): error TS7026: JSX element implicitly has type 'any' because no interface 'JSX.IntrinsicElements' exists.
app/my-course/page.tsx(6,1777): error TS7026: JSX element implicitly has type 'any' because no interface 'JSX.IntrinsicElements' exists.
app/my-course/page.tsx(6,1787): error TS7026: JSX element implicitly has type 'any' because no interface 'JSX.IntrinsicElements' exists.
app/my-course/page.tsx(6,1920): error TS7026: JSX element implicitly has type 'any' because no interface 'JSX.IntrinsicElements' exists.
app/my-courses/page.tsx(1,24): error TS2307: Cannot find module 'next/navigation' or its corresponding type declarations.
app/not-found.tsx(1,18): error TS2307: Cannot find module 'next/link' or its corresponding type declarations.
app/not-found.tsx(2,43): error TS7026: JSX element implicitly has type 'any' because no interface 'JSX.IntrinsicElements' exists.
app/not-found.tsx(2,72): error TS7026: JSX element implicitly has type 'any' because no interface 'JSX.IntrinsicElements' exists.
app/not-found.tsx(2,78): error TS7026: JSX element implicitly has type 'any' because no interface 'JSX.IntrinsicElements' exists.
app/not-found.tsx(2,82): error TS7026: JSX element implicitly has type 'any' because no interface 'JSX.IntrinsicElements' exists.
app/not-found.tsx(2,100): error TS7026: JSX element implicitly has type 'any' because no interface 'JSX.IntrinsicElements' exists.
app/not-found.tsx(2,105): error TS7026: JSX element implicitly has type 'any' because no interface 'JSX.IntrinsicElements' exists.
app/not-found.tsx(2,166): error TS7026: JSX element implicitly has type 'any' because no interface 'JSX.IntrinsicElements' exists.
app/not-found.tsx(2,234): error TS7026: JSX element implicitly has type 'any' because no interface 'JSX.IntrinsicElements' exists.
app/page.tsx(7,51): error TS2307: Cannot find module 'react' or its corresponding type declarations.
app/page.tsx(8,25): error TS2307: Cannot find module 'next/navigation' or its corresponding type declarations.
app/page.tsx(19,8): error TS7026: JSX element implicitly has type 'any' because no interface 'JSX.IntrinsicElements' exists.
app/page.tsx(21,1): error TS7026: JSX element implicitly has type 'any' because no interface 'JSX.IntrinsicElements' exists.
app/page.tsx(21,27): error TS7026: JSX element implicitly has type 'any' because no interface 'JSX.IntrinsicElements' exists.
app/page.tsx(21,53): error TS7026: JSX element implicitly has type 'any' because no interface 'JSX.IntrinsicElements' exists.
app/page.tsx(21,157): error TS7026: JSX element implicitly has type 'any' because no interface 'JSX.IntrinsicElements' exists.
app/page.tsx(21,163): error TS7026: JSX element implicitly has type 'any' because no interface 'JSX.IntrinsicElements' exists.
app/page.tsx(21,224): error TS7026: JSX element implicitly has type 'any' because no interface 'JSX.IntrinsicElements' exists.
app/page.tsx(21,278): error TS7026: JSX element implicitly has type 'any' because no interface 'JSX.IntrinsicElements' exists.
app/page.tsx(21,283): error TS7026: JSX element implicitly has type 'any' because no interface 'JSX.IntrinsicElements' exists.
app/page.tsx(21,288): error TS7026: JSX element implicitly has type 'any' because no interface 'JSX.IntrinsicElements' exists.
app/page.tsx(21,483): error TS7026: JSX element implicitly has type 'any' because no interface 'JSX.IntrinsicElements' exists.
app/page.tsx(21,487): error TS7026: JSX element implicitly has type 'any' because no interface 'JSX.IntrinsicElements' exists.
app/page.tsx(21,516): error TS7026: JSX element implicitly has type 'any' because no interface 'JSX.IntrinsicElements' exists.
app/page.tsx(21,610): error TS7026: JSX element implicitly has type 'any' because no interface 'JSX.IntrinsicElements' exists.
app/page.tsx(21,614): error TS7026: JSX element implicitly has type 'any' because no interface 'JSX.IntrinsicElements' exists.
app/page.tsx(21,721): error TS7026: JSX element implicitly has type 'any' because no interface 'JSX.IntrinsicElements' exists.
app/page.tsx(21,725): error TS7026: JSX element implicitly has type 'any' because no interface 'JSX.IntrinsicElements' exists.
app/page.tsx(21,731): error TS7026: JSX element implicitly has type 'any' because no interface 'JSX.IntrinsicElements' exists.
app/page.tsx(21,737): error TS7026: JSX element implicitly has type 'any' because no interface 'JSX.IntrinsicElements' exists.
app/page.tsx(21,1027): error TS7026: JSX element implicitly has type 'any' because no interface 'JSX.IntrinsicElements' exists.
app/page.tsx(21,1060): error TS7026: JSX element implicitly has type 'any' because no interface 'JSX.IntrinsicElements' exists.
app/page.tsx(21,1127): error TS7026: JSX element implicitly has type 'any' because no interface 'JSX.IntrinsicElements' exists.
app/page.tsx(21,1131): error TS7026: JSX element implicitly has type 'any' because no interface 'JSX.IntrinsicElements' exists.
app/page.tsx(21,1212): error TS7026: JSX element implicitly has type 'any' because no interface 'JSX.IntrinsicElements' exists.
app/page.tsx(21,1219): error TS7026: JSX element implicitly has type 'any' because no interface 'JSX.IntrinsicElements' exists.
app/page.tsx(21,1225): error TS7026: JSX element implicitly has type 'any' because no interface 'JSX.IntrinsicElements' exists.
app/page.tsx(21,1231): error TS7026: JSX element implicitly has type 'any' because no interface 'JSX.IntrinsicElements' exists.
app/page.tsx(21,1254): error TS7026: JSX element implicitly has type 'any' because no interface 'JSX.IntrinsicElements' exists.
app/page.tsx(21,1259): error TS7026: JSX element implicitly has type 'any' because no interface 'JSX.IntrinsicElements' exists.
app/page.tsx(21,1274): error TS7026: JSX element implicitly has type 'any' because no interface 'JSX.IntrinsicElements' exists.
app/page.tsx(21,1283): error TS7026: JSX element implicitly has type 'any' because no interface 'JSX.IntrinsicElements' exists.
app/page.tsx(21,1344): error TS7026: JSX element implicitly has type 'any' because no interface 'JSX.IntrinsicElements' exists.
app/page.tsx(21,1351): error TS7026: JSX element implicitly has type 'any' because no interface 'JSX.IntrinsicElements' exists.
app/page.tsx(21,1357): error TS7026: JSX element implicitly has type 'any' because no interface 'JSX.IntrinsicElements' exists.
app/page.tsx(21,1362): error TS7026: JSX element implicitly has type 'any' because no interface 'JSX.IntrinsicElements' exists.
app/page.tsx(21,1373): error TS7026: JSX element implicitly has type 'any' because no interface 'JSX.IntrinsicElements' exists.
app/page.tsx(21,1382): error TS7026: JSX element implicitly has type 'any' because no interface 'JSX.IntrinsicElements' exists.
app/page.tsx(21,1444): error TS7026: JSX element implicitly has type 'any' because no interface 'JSX.IntrinsicElements' exists.
app/page.tsx(21,1451): error TS7026: JSX element implicitly has type 'any' because no interface 'JSX.IntrinsicElements' exists.
app/page.tsx(21,1457): error TS7026: JSX element implicitly has type 'any' because no interface 'JSX.IntrinsicElements' exists.
app/page.tsx(21,1462): error TS7026: JSX element implicitly has type 'any' because no interface 'JSX.IntrinsicElements' exists.
app/page.tsx(21,1473): error TS7026: JSX element implicitly has type 'any' because no interface 'JSX.IntrinsicElements' exists.
app/page.tsx(21,1482): error TS7026: JSX element implicitly has type 'any' because no interface 'JSX.IntrinsicElements' exists.
app/page.tsx(21,1546): error TS7026: JSX element implicitly has type 'any' because no interface 'JSX.IntrinsicElements' exists.
app/page.tsx(21,1553): error TS7026: JSX element implicitly has type 'any' because no interface 'JSX.IntrinsicElements' exists.
app/page.tsx(21,1559): error TS7026: JSX element implicitly has type 'any' because no interface 'JSX.IntrinsicElements' exists.
app/page.tsx(21,1565): error TS7026: JSX element implicitly has type 'any' because no interface 'JSX.IntrinsicElements' exists.
app/page.tsx(22,1): error TS7026: JSX element implicitly has type 'any' because no interface 'JSX.IntrinsicElements' exists.
app/page.tsx(22,43): error TS7026: JSX element implicitly has type 'any' because no interface 'JSX.IntrinsicElements' exists.
app/page.tsx(22,72): error TS7026: JSX element implicitly has type 'any' because no interface 'JSX.IntrinsicElements' exists.
app/page.tsx(22,77): error TS7026: JSX element implicitly has type 'any' because no interface 'JSX.IntrinsicElements' exists.
app/page.tsx(22,155): error TS7026: JSX element implicitly has type 'any' because no interface 'JSX.IntrinsicElements' exists.
app/page.tsx(22,162): error TS7026: JSX element implicitly has type 'any' because no interface 'JSX.IntrinsicElements' exists.
app/page.tsx(22,242): error TS7026: JSX element implicitly has type 'any' because no interface 'JSX.IntrinsicElements' exists.
app/page.tsx(22,247): error TS7026: JSX element implicitly has type 'any' because no interface 'JSX.IntrinsicElements' exists.
app/page.tsx(22,253): error TS7026: JSX element implicitly has type 'any' because no interface 'JSX.IntrinsicElements' exists.
app/page.tsx(22,393): error TS7026: JSX element implicitly has type 'any' because no interface 'JSX.IntrinsicElements' exists.
app/page.tsx(22,397): error TS7026: JSX element implicitly has type 'any' because no interface 'JSX.IntrinsicElements' exists.
app/page.tsx(22,403): error TS7026: JSX element implicitly has type 'any' because no interface 'JSX.IntrinsicElements' exists.
app/page.tsx(22,441): error TS7026: JSX element implicitly has type 'any' because no interface 'JSX.IntrinsicElements' exists.
app/page.tsx(22,469): error TS7026: JSX element implicitly has type 'any' because no interface 'JSX.IntrinsicElements' exists.
app/page.tsx(22,537): error TS7026: JSX element implicitly has type 'any' because no interface 'JSX.IntrinsicElements' exists.
app/page.tsx(22,541): error TS7026: JSX element implicitly has type 'any' because no interface 'JSX.IntrinsicElements' exists.
app/page.tsx(22,593): error TS7026: JSX element implicitly has type 'any' because no interface 'JSX.IntrinsicElements' exists.
app/page.tsx(22,654): error TS7026: JSX element implicitly has type 'any' because no interface 'JSX.IntrinsicElements' exists.
app/page.tsx(22,944): error TS7006: Parameter 'e' implicitly has an 'any' type.
app/page.tsx(22,1012): error TS7026: JSX element implicitly has type 'any' because no interface 'JSX.IntrinsicElements' exists.
app/page.tsx(22,1018): error TS7026: JSX element implicitly has type 'any' because no interface 'JSX.IntrinsicElements' exists.
app/page.tsx(22,1069): error TS7026: JSX element implicitly has type 'any' because no interface 'JSX.IntrinsicElements' exists.
app/page.tsx(22,1076): error TS7026: JSX element implicitly has type 'any' because no interface 'JSX.IntrinsicElements' exists.
app/page.tsx(22,1089): error TS7026: JSX element implicitly has type 'any' because no interface 'JSX.IntrinsicElements' exists.
app/page.tsx(22,1094): error TS7026: JSX element implicitly has type 'any' because no interface 'JSX.IntrinsicElements' exists.
app/page.tsx(22,1170): error TS7026: JSX element implicitly has type 'any' because no interface 'JSX.IntrinsicElements' exists.
app/page.tsx(22,1174): error TS7026: JSX element implicitly has type 'any' because no interface 'JSX.IntrinsicElements' exists.
app/page.tsx(22,1200): error TS7026: JSX element implicitly has type 'any' because no interface 'JSX.IntrinsicElements' exists.
app/page.tsx(22,1281): error TS7026: JSX element implicitly has type 'any' because no interface 'JSX.IntrinsicElements' exists.
app/page.tsx(22,1288): error TS7026: JSX element implicitly has type 'any' because no interface 'JSX.IntrinsicElements' exists.
app/page.tsx(22,1367): error TS7026: JSX element implicitly has type 'any' because no interface 'JSX.IntrinsicElements' exists.
app/page.tsx(22,1371): error TS7026: JSX element implicitly has type 'any' because no interface 'JSX.IntrinsicElements' exists.
app/page.tsx(22,1377): error TS7026: JSX element implicitly has type 'any' because no interface 'JSX.IntrinsicElements' exists.
app/page.tsx(22,1389): error TS7026: JSX element implicitly has type 'any' because no interface 'JSX.IntrinsicElements' exists.
app/page.tsx(22,1417): error TS7026: JSX element implicitly has type 'any' because no interface 'JSX.IntrinsicElements' exists.
app/page.tsx(22,1484): error TS7026: JSX element implicitly has type 'any' because no interface 'JSX.IntrinsicElements' exists.
app/page.tsx(22,1488): error TS7026: JSX element implicitly has type 'any' because no interface 'JSX.IntrinsicElements' exists.
app/page.tsx(22,1605): error TS7026: JSX element implicitly has type 'any' because no interface 'JSX.IntrinsicElements' exists.
app/page.tsx(22,1609): error TS7026: JSX element implicitly has type 'any' because no interface 'JSX.IntrinsicElements' exists.
app/page.tsx(22,1616): error TS7026: JSX element implicitly has type 'any' because no interface 'JSX.IntrinsicElements' exists.
app/page.tsx(22,1622): error TS7026: JSX element implicitly has type 'any' because no interface 'JSX.IntrinsicElements' exists.
app/page.tsx(22,1653): error TS7026: JSX element implicitly has type 'any' because no interface 'JSX.IntrinsicElements' exists.
app/page.tsx(22,1764): error TS7026: JSX element implicitly has type 'any' because no interface 'JSX.IntrinsicElements' exists.
app/page.tsx(22,1768): error TS7026: JSX element implicitly has type 'any' because no interface 'JSX.IntrinsicElements' exists.
app/page.tsx(22,1774): error TS7026: JSX element implicitly has type 'any' because no interface 'JSX.IntrinsicElements' exists.
app/page.tsx(23,1): error TS7026: JSX element implicitly has type 'any' because no interface 'JSX.IntrinsicElements' exists.
app/page.tsx(23,43): error TS7026: JSX element implicitly has type 'any' because no interface 'JSX.IntrinsicElements' exists.
app/page.tsx(23,72): error TS7026: JSX element implicitly has type 'any' because no interface 'JSX.IntrinsicElements' exists.
app/page.tsx(23,77): error TS7026: JSX element implicitly has type 'any' because no interface 'JSX.IntrinsicElements' exists.
app/page.tsx(23,169): error TS7026: JSX element implicitly has type 'any' because no interface 'JSX.IntrinsicElements' exists.
app/page.tsx(23,176): error TS7026: JSX element implicitly has type 'any' because no interface 'JSX.IntrinsicElements' exists.
app/page.tsx(23,273): error TS7026: JSX element implicitly has type 'any' because no interface 'JSX.IntrinsicElements' exists.
app/page.tsx(23,278): error TS7026: JSX element implicitly has type 'any' because no interface 'JSX.IntrinsicElements' exists.
app/page.tsx(23,284): error TS7026: JSX element implicitly has type 'any' because no interface 'JSX.IntrinsicElements' exists.
app/page.tsx(23,486): error TS7026: JSX element implicitly has type 'any' because no interface 'JSX.IntrinsicElements' exists.
app/page.tsx(23,490): error TS7026: JSX element implicitly has type 'any' because no interface 'JSX.IntrinsicElements' exists.
app/page.tsx(23,496): error TS7026: JSX element implicitly has type 'any' because no interface 'JSX.IntrinsicElements' exists.
app/page.tsx(23,530): error TS7026: JSX element implicitly has type 'any' because no interface 'JSX.IntrinsicElements' exists.
app/page.tsx(23,662): error TS7026: JSX element implicitly has type 'any' because no interface 'JSX.IntrinsicElements' exists.
app/page.tsx(23,667): error TS7026: JSX element implicitly has type 'any' because no interface 'JSX.IntrinsicElements' exists.
app/page.tsx(23,739): error TS7026: JSX element implicitly has type 'any' because no interface 'JSX.IntrinsicElements' exists.
app/page.tsx(23,746): error TS7026: JSX element implicitly has type 'any' because no interface 'JSX.IntrinsicElements' exists.
app/page.tsx(23,847): error TS7026: JSX element implicitly has type 'any' because no interface 'JSX.IntrinsicElements' exists.
app/page.tsx(23,852): error TS7026: JSX element implicitly has type 'any' because no interface 'JSX.IntrinsicElements' exists.
app/page.tsx(23,1005): error TS7026: JSX element implicitly has type 'any' because no interface 'JSX.IntrinsicElements' exists.
app/page.tsx(23,1009): error TS7026: JSX element implicitly has type 'any' because no interface 'JSX.IntrinsicElements' exists.
app/page.tsx(23,1015): error TS7026: JSX element implicitly has type 'any' because no interface 'JSX.IntrinsicElements' exists.
app/page.tsx(23,1025): error TS7026: JSX element implicitly has type 'any' because no interface 'JSX.IntrinsicElements' exists.
app/page.tsx(23,1151): error TS7026: JSX element implicitly has type 'any' because no interface 'JSX.IntrinsicElements' exists.
app/page.tsx(23,1156): error TS7026: JSX element implicitly has type 'any' because no interface 'JSX.IntrinsicElements' exists.
app/page.tsx(23,1238): error TS7026: JSX element implicitly has type 'any' because no interface 'JSX.IntrinsicElements' exists.
app/page.tsx(23,1245): error TS7026: JSX element implicitly has type 'any' because no interface 'JSX.IntrinsicElements' exists.
app/page.tsx(23,1353): error TS7026: JSX element implicitly has type 'any' because no interface 'JSX.IntrinsicElements' exists.
app/page.tsx(23,1358): error TS7026: JSX element implicitly has type 'any' because no interface 'JSX.IntrinsicElements' exists.
app/page.tsx(23,1496): error TS7026: JSX element implicitly has type 'any' because no interface 'JSX.IntrinsicElements' exists.
app/page.tsx(23,1500): error TS7026: JSX element implicitly has type 'any' because no interface 'JSX.IntrinsicElements' exists.
app/page.tsx(23,1506): error TS7026: JSX element implicitly has type 'any' because no interface 'JSX.IntrinsicElements' exists.
app/page.tsx(23,1516): error TS7026: JSX element implicitly has type 'any' because no interface 'JSX.IntrinsicElements' exists.
app/page.tsx(23,1653): error TS7026: JSX element implicitly has type 'any' because no interface 'JSX.IntrinsicElements' exists.
app/page.tsx(23,1658): error TS7026: JSX element implicitly has type 'any' because no interface 'JSX.IntrinsicElements' exists.
app/page.tsx(23,1730): error TS7026: JSX element implicitly has type 'any' because no interface 'JSX.IntrinsicElements' exists.
app/page.tsx(23,1737): error TS7026: JSX element implicitly has type 'any' because no interface 'JSX.IntrinsicElements' exists.
app/page.tsx(23,1829): error TS7026: JSX element implicitly has type 'any' because no interface 'JSX.IntrinsicElements' exists.
app/page.tsx(23,1834): error TS7026: JSX element implicitly has type 'any' because no interface 'JSX.IntrinsicElements' exists.
app/page.tsx(23,1980): error TS7026: JSX element implicitly has type 'any' because no interface 'JSX.IntrinsicElements' exists.
app/page.tsx(23,1984): error TS7026: JSX element implicitly has type 'any' because no interface 'JSX.IntrinsicElements' exists.
app/page.tsx(23,1990): error TS7026: JSX element implicitly has type 'any' because no interface 'JSX.IntrinsicElements' exists.
app/page.tsx(23,2000): error TS7026: JSX element implicitly has type 'any' because no interface 'JSX.IntrinsicElements' exists.
app/page.tsx(23,2006): error TS7026: JSX element implicitly has type 'any' because no interface 'JSX.IntrinsicElements' exists.
app/page.tsx(23,2016): error TS7026: JSX element implicitly has type 'any' because no interface 'JSX.IntrinsicElements' exists.
app/page.tsx(23,2053): error TS7026: JSX element implicitly has type 'any' because no interface 'JSX.IntrinsicElements' exists.
app/page.tsx(23,2058): error TS7026: JSX element implicitly has type 'any' because no interface 'JSX.IntrinsicElements' exists.
app/page.tsx(23,2138): error TS7026: JSX element implicitly has type 'any' because no interface 'JSX.IntrinsicElements' exists.
app/page.tsx(23,2145): error TS7026: JSX element implicitly has type 'any' because no interface 'JSX.IntrinsicElements' exists.
app/page.tsx(23,2306): error TS7026: JSX element implicitly has type 'any' because no interface 'JSX.IntrinsicElements' exists.
app/page.tsx(23,2311): error TS7026: JSX element implicitly has type 'any' because no interface 'JSX.IntrinsicElements' exists.
app/page.tsx(23,2317): error TS7026: JSX element implicitly has type 'any' because no interface 'JSX.IntrinsicElements' exists.
app/page.tsx(23,2481): error TS7026: JSX element implicitly has type 'any' because no interface 'JSX.IntrinsicElements' exists.
app/page.tsx(23,2565): error TS7026: JSX element implicitly has type 'any' because no interface 'JSX.IntrinsicElements' exists.
app/page.tsx(23,2569): error TS7026: JSX element implicitly has type 'any' because no interface 'JSX.IntrinsicElements' exists.
app/page.tsx(23,2711): error TS7026: JSX element implicitly has type 'any' because no interface 'JSX.IntrinsicElements' exists.
app/page.tsx(23,2715): error TS7026: JSX element implicitly has type 'any' because no interface 'JSX.IntrinsicElements' exists.
app/page.tsx(23,2814): error TS7026: JSX element implicitly has type 'any' because no interface 'JSX.IntrinsicElements' exists.
app/page.tsx(23,2818): error TS7026: JSX element implicitly has type 'any' because no interface 'JSX.IntrinsicElements' exists.
app/page.tsx(23,2824): error TS7026: JSX element implicitly has type 'any' because no interface 'JSX.IntrinsicElements' exists.
app/page.tsx(24,1): error TS7026: JSX element implicitly has type 'any' because no interface 'JSX.IntrinsicElements' exists.
app/page.tsx(24,43): error TS7026: JSX element implicitly has type 'any' because no interface 'JSX.IntrinsicElements' exists.
app/page.tsx(24,72): error TS7026: JSX element implicitly has type 'any' because no interface 'JSX.IntrinsicElements' exists.
app/page.tsx(24,77): error TS7026: JSX element implicitly has type 'any' because no interface 'JSX.IntrinsicElements' exists.
app/page.tsx(24,155): error TS7026: JSX element implicitly has type 'any' because no interface 'JSX.IntrinsicElements' exists.
app/page.tsx(24,162): error TS7026: JSX element implicitly has type 'any' because no interface 'JSX.IntrinsicElements' exists.
app/page.tsx(24,242): error TS7026: JSX element implicitly has type 'any' because no interface 'JSX.IntrinsicElements' exists.
app/page.tsx(24,247): error TS7026: JSX element implicitly has type 'any' because no interface 'JSX.IntrinsicElements' exists.
app/page.tsx(24,253): error TS7026: JSX element implicitly has type 'any' because no interface 'JSX.IntrinsicElements' exists.
app/page.tsx(24,399): error TS7026: JSX element implicitly has type 'any' because no interface 'JSX.IntrinsicElements' exists.
app/page.tsx(24,403): error TS7026: JSX element implicitly has type 'any' because no interface 'JSX.IntrinsicElements' exists.
app/page.tsx(24,409): error TS7026: JSX element implicitly has type 'any' because no interface 'JSX.IntrinsicElements' exists.
app/page.tsx(24,480): error TS7026: JSX element implicitly has type 'any' because no interface 'JSX.IntrinsicElements' exists.
app/page.tsx(24,551): error TS7026: JSX element implicitly has type 'any' because no interface 'JSX.IntrinsicElements' exists.
app/page.tsx(24,635): error TS7026: JSX element implicitly has type 'any' because no interface 'JSX.IntrinsicElements' exists.
app/page.tsx(24,700): error TS7026: JSX element implicitly has type 'any' because no interface 'JSX.IntrinsicElements' exists.
app/page.tsx(24,706): error TS7026: JSX element implicitly has type 'any' because no interface 'JSX.IntrinsicElements' exists.
app/page.tsx(24,718): error TS7026: JSX element implicitly has type 'any' because no interface 'JSX.IntrinsicElements' exists.
app/page.tsx(24,723): error TS7026: JSX element implicitly has type 'any' because no interface 'JSX.IntrinsicElements' exists.
app/page.tsx(24,734): error TS7026: JSX element implicitly has type 'any' because no interface 'JSX.IntrinsicElements' exists.
app/page.tsx(24,738): error TS7026: JSX element implicitly has type 'any' because no interface 'JSX.IntrinsicElements' exists.
app/page.tsx(24,797): error TS7026: JSX element implicitly has type 'any' because no interface 'JSX.IntrinsicElements' exists.
app/page.tsx(24,804): error TS7026: JSX element implicitly has type 'any' because no interface 'JSX.IntrinsicElements' exists.
app/page.tsx(24,815): error TS7026: JSX element implicitly has type 'any' because no interface 'JSX.IntrinsicElements' exists.
app/page.tsx(24,821): error TS7026: JSX element implicitly has type 'any' because no interface 'JSX.IntrinsicElements' exists.
app/page.tsx(24,827): error TS7026: JSX element implicitly has type 'any' because no interface 'JSX.IntrinsicElements' exists.
app/page.tsx(24,885): error TS7026: JSX element implicitly has type 'any' because no interface 'JSX.IntrinsicElements' exists.
app/page.tsx(24,993): error TS7026: JSX element implicitly has type 'any' because no interface 'JSX.IntrinsicElements' exists.
app/page.tsx(24,1078): error TS7026: JSX element implicitly has type 'any' because no interface 'JSX.IntrinsicElements' exists.
app/page.tsx(24,1143): error TS7026: JSX element implicitly has type 'any' because no interface 'JSX.IntrinsicElements' exists.
app/page.tsx(24,1149): error TS7026: JSX element implicitly has type 'any' because no interface 'JSX.IntrinsicElements' exists.
app/page.tsx(24,1161): error TS7026: JSX element implicitly has type 'any' because no interface 'JSX.IntrinsicElements' exists.
app/page.tsx(24,1166): error TS7026: JSX element implicitly has type 'any' because no interface 'JSX.IntrinsicElements' exists.
app/page.tsx(24,1177): error TS7026: JSX element implicitly has type 'any' because no interface 'JSX.IntrinsicElements' exists.
app/page.tsx(24,1181): error TS7026: JSX element implicitly has type 'any' because no interface 'JSX.IntrinsicElements' exists.
app/page.tsx(24,1240): error TS7026: JSX element implicitly has type 'any' because no interface 'JSX.IntrinsicElements' exists.
app/page.tsx(24,1247): error TS7026: JSX element implicitly has type 'any' because no interface 'JSX.IntrinsicElements' exists.
app/page.tsx(24,1258): error TS7026: JSX element implicitly has type 'any' because no interface 'JSX.IntrinsicElements' exists.
app/page.tsx(24,1264): error TS7026: JSX element implicitly has type 'any' because no interface 'JSX.IntrinsicElements' exists.
app/page.tsx(24,1270): error TS7026: JSX element implicitly has type 'any' because no interface 'JSX.IntrinsicElements' exists.
app/page.tsx(24,1307): error TS7026: JSX element implicitly has type 'any' because no interface 'JSX.IntrinsicElements' exists.
app/page.tsx(24,1443): error TS7026: JSX element implicitly has type 'any' because no interface 'JSX.IntrinsicElements' exists.
app/page.tsx(24,1447): error TS7026: JSX element implicitly has type 'any' because no interface 'JSX.IntrinsicElements' exists.
app/page.tsx(24,1544): error TS7026: JSX element implicitly has type 'any' because no interface 'JSX.IntrinsicElements' exists.
app/page.tsx(24,1548): error TS7026: JSX element implicitly has type 'any' because no interface 'JSX.IntrinsicElements' exists.
app/page.tsx(24,1554): error TS7026: JSX element implicitly has type 'any' because no interface 'JSX.IntrinsicElements' exists.
app/page.tsx(25,10): error TS7026: JSX element implicitly has type 'any' because no interface 'JSX.IntrinsicElements' exists.
app/page.tsx(25,71): error TS7026: JSX element implicitly has type 'any' because no interface 'JSX.IntrinsicElements' exists.
app/page.tsx(25,113): error TS7006: Parameter 'e' implicitly has an 'any' type.
app/page.tsx(25,215): error TS7026: JSX element implicitly has type 'any' because no interface 'JSX.IntrinsicElements' exists.
app/page.tsx(25,277): error TS7026: JSX element implicitly has type 'any' because no interface 'JSX.IntrinsicElements' exists.
app/page.tsx(25,286): error TS7026: JSX element implicitly has type 'any' because no interface 'JSX.IntrinsicElements' exists.
app/page.tsx(25,362): error TS7026: JSX element implicitly has type 'any' because no interface 'JSX.IntrinsicElements' exists.
app/page.tsx(25,369): error TS7026: JSX element implicitly has type 'any' because no interface 'JSX.IntrinsicElements' exists.
app/page.tsx(25,386): error TS7026: JSX element implicitly has type 'any' because no interface 'JSX.IntrinsicElements' exists.
app/page.tsx(25,391): error TS7026: JSX element implicitly has type 'any' because no interface 'JSX.IntrinsicElements' exists.
app/page.tsx(25,412): error TS7026: JSX element implicitly has type 'any' because no interface 'JSX.IntrinsicElements' exists.
app/page.tsx(25,421): error TS7026: JSX element implicitly has type 'any' because no interface 'JSX.IntrinsicElements' exists.
app/page.tsx(25,436): error TS7026: JSX element implicitly has type 'any' because no interface 'JSX.IntrinsicElements' exists.
app/page.tsx(25,440): error TS7026: JSX element implicitly has type 'any' because no interface 'JSX.IntrinsicElements' exists.
app/page.tsx(25,541): error TS7026: JSX element implicitly has type 'any' because no interface 'JSX.IntrinsicElements' exists.
app/page.tsx(25,545): error TS7026: JSX element implicitly has type 'any' because no interface 'JSX.IntrinsicElements' exists.
app/page.tsx(25,555): error TS7026: JSX element implicitly has type 'any' because no interface 'JSX.IntrinsicElements' exists.
app/page.tsx(26,1): error TS7026: JSX element implicitly has type 'any' because no interface 'JSX.IntrinsicElements' exists.
app/page.tsx(26,40): error TS7026: JSX element implicitly has type 'any' because no interface 'JSX.IntrinsicElements' exists.
app/page.tsx(26,69): error TS7026: JSX element implicitly has type 'any' because no interface 'JSX.IntrinsicElements' exists.
app/page.tsx(26,74): error TS7026: JSX element implicitly has type 'any' because no interface 'JSX.IntrinsicElements' exists.
app/page.tsx(26,153): error TS7026: JSX element implicitly has type 'any' because no interface 'JSX.IntrinsicElements' exists.
app/page.tsx(26,160): error TS7026: JSX element implicitly has type 'any' because no interface 'JSX.IntrinsicElements' exists.
app/page.tsx(26,231): error TS7026: JSX element implicitly has type 'any' because no interface 'JSX.IntrinsicElements' exists.
app/page.tsx(26,236): error TS7026: JSX element implicitly has type 'any' because no interface 'JSX.IntrinsicElements' exists.
app/page.tsx(26,242): error TS7026: JSX element implicitly has type 'any' because no interface 'JSX.IntrinsicElements' exists.
app/page.tsx(26,248): error TS7026: JSX element implicitly has type 'any' because no interface 'JSX.IntrinsicElements' exists.
app/page.tsx(26,324): error TS7026: JSX element implicitly has type 'any' because no interface 'JSX.IntrinsicElements' exists.
app/page.tsx(26,348): error TS7026: JSX element implicitly has type 'any' because no interface 'JSX.IntrinsicElements' exists.
app/page.tsx(26,455): error TS7026: JSX element implicitly has type 'any' because no interface 'JSX.IntrinsicElements' exists.
app/page.tsx(26,497): error TS7026: JSX element implicitly has type 'any' because no interface 'JSX.IntrinsicElements' exists.
app/page.tsx(26,504): error TS7026: JSX element implicitly has type 'any' because no interface 'JSX.IntrinsicElements' exists.
app/page.tsx(26,510): error TS7026: JSX element implicitly has type 'any' because no interface 'JSX.IntrinsicElements' exists.
app/page.tsx(26,526): error TS7026: JSX element implicitly has type 'any' because no interface 'JSX.IntrinsicElements' exists.
app/page.tsx(26,530): error TS7026: JSX element implicitly has type 'any' because no interface 'JSX.IntrinsicElements' exists.
app/page.tsx(26,571): error TS7026: JSX element implicitly has type 'any' because no interface 'JSX.IntrinsicElements' exists.
app/page.tsx(26,580): error TS7026: JSX element implicitly has type 'any' because no interface 'JSX.IntrinsicElements' exists.
app/page.tsx(26,595): error TS7026: JSX element implicitly has type 'any' because no interface 'JSX.IntrinsicElements' exists.
app/page.tsx(26,623): error TS7026: JSX element implicitly has type 'any' because no interface 'JSX.IntrinsicElements' exists.
app/page.tsx(26,698): error TS7026: JSX element implicitly has type 'any' because no interface 'JSX.IntrinsicElements' exists.
app/page.tsx(26,702): error TS7026: JSX element implicitly has type 'any' because no interface 'JSX.IntrinsicElements' exists.
app/page.tsx(26,807): error TS7026: JSX element implicitly has type 'any' because no interface 'JSX.IntrinsicElements' exists.
app/page.tsx(26,811): error TS7026: JSX element implicitly has type 'any' because no interface 'JSX.IntrinsicElements' exists.
app/page.tsx(26,818): error TS7026: JSX element implicitly has type 'any' because no interface 'JSX.IntrinsicElements' exists.
app/page.tsx(26,824): error TS7026: JSX element implicitly has type 'any' because no interface 'JSX.IntrinsicElements' exists.
app/page.tsx(26,855): error TS7026: JSX element implicitly has type 'any' because no interface 'JSX.IntrinsicElements' exists.
app/page.tsx(26,966): error TS7026: JSX element implicitly has type 'any' because no interface 'JSX.IntrinsicElements' exists.
app/page.tsx(26,970): error TS7026: JSX element implicitly has type 'any' because no interface 'JSX.IntrinsicElements' exists.
app/page.tsx(26,976): error TS7026: JSX element implicitly has type 'any' because no interface 'JSX.IntrinsicElements' exists.
app/page.tsx(28,1): error TS7026: JSX element implicitly has type 'any' because no interface 'JSX.IntrinsicElements' exists.
app/page.tsx(28,43): error TS7026: JSX element implicitly has type 'any' because no interface 'JSX.IntrinsicElements' exists.
app/page.tsx(28,72): error TS7026: JSX element implicitly has type 'any' because no interface 'JSX.IntrinsicElements' exists.
app/page.tsx(28,77): error TS7026: JSX element implicitly has type 'any' because no interface 'JSX.IntrinsicElements' exists.
app/page.tsx(28,166): error TS7026: JSX element implicitly has type 'any' because no interface 'JSX.IntrinsicElements' exists.
app/page.tsx(28,173): error TS7026: JSX element implicitly has type 'any' because no interface 'JSX.IntrinsicElements' exists.
app/page.tsx(28,275): error TS7026: JSX element implicitly has type 'any' because no interface 'JSX.IntrinsicElements' exists.
app/page.tsx(28,280): error TS7026: JSX element implicitly has type 'any' because no interface 'JSX.IntrinsicElements' exists.
app/page.tsx(28,286): error TS7026: JSX element implicitly has type 'any' because no interface 'JSX.IntrinsicElements' exists.
app/page.tsx(28,431): error TS7026: JSX element implicitly has type 'any' because no interface 'JSX.IntrinsicElements' exists.
app/page.tsx(28,435): error TS7026: JSX element implicitly has type 'any' because no interface 'JSX.IntrinsicElements' exists.
app/page.tsx(28,441): error TS7026: JSX element implicitly has type 'any' because no interface 'JSX.IntrinsicElements' exists.
app/page.tsx(28,864): error TS7026: JSX element implicitly has type 'any' because no interface 'JSX.IntrinsicElements' exists.
app/page.tsx(28,870): error TS7026: JSX element implicitly has type 'any' because no interface 'JSX.IntrinsicElements' exists.
app/page.tsx(30,1): error TS7026: JSX element implicitly has type 'any' because no interface 'JSX.IntrinsicElements' exists.
app/page.tsx(31,3): error TS7026: JSX element implicitly has type 'any' because no interface 'JSX.IntrinsicElements' exists.
app/page.tsx(31,32): error TS7026: JSX element implicitly has type 'any' because no interface 'JSX.IntrinsicElements' exists.
app/page.tsx(31,37): error TS7026: JSX element implicitly has type 'any' because no interface 'JSX.IntrinsicElements' exists.
app/page.tsx(31,118): error TS7026: JSX element implicitly has type 'any' because no interface 'JSX.IntrinsicElements' exists.
app/page.tsx(31,125): error TS7026: JSX element implicitly has type 'any' because no interface 'JSX.IntrinsicElements' exists.
app/page.tsx(31,226): error TS7026: JSX element implicitly has type 'any' because no interface 'JSX.IntrinsicElements' exists.
app/page.tsx(31,231): error TS7026: JSX element implicitly has type 'any' because no interface 'JSX.IntrinsicElements' exists.
app/page.tsx(31,237): error TS7026: JSX element implicitly has type 'any' because no interface 'JSX.IntrinsicElements' exists.
app/page.tsx(31,406): error TS7026: JSX element implicitly has type 'any' because no interface 'JSX.IntrinsicElements' exists.
app/page.tsx(31,410): error TS7026: JSX element implicitly has type 'any' because no interface 'JSX.IntrinsicElements' exists.
app/page.tsx(32,3): error TS7026: JSX element implicitly has type 'any' because no interface 'JSX.IntrinsicElements' exists.
app/page.tsx(33,730): error TS7026: JSX element implicitly has type 'any' because no interface 'JSX.IntrinsicElements' exists.
app/page.tsx(33,774): error TS7026: JSX element implicitly has type 'any' because no interface 'JSX.IntrinsicElements' exists.
app/page.tsx(33,786): error TS7026: JSX element implicitly has type 'any' because no interface 'JSX.IntrinsicElements' exists.
app/page.tsx(33,793): error TS7026: JSX element implicitly has type 'any' because no interface 'JSX.IntrinsicElements' exists.
app/page.tsx(33,803): error TS7026: JSX element implicitly has type 'any' because no interface 'JSX.IntrinsicElements' exists.
app/page.tsx(33,808): error TS7026: JSX element implicitly has type 'any' because no interface 'JSX.IntrinsicElements' exists.
app/page.tsx(33,817): error TS7026: JSX element implicitly has type 'any' because no interface 'JSX.IntrinsicElements' exists.
app/page.tsx(33,821): error TS7026: JSX element implicitly has type 'any' because no interface 'JSX.IntrinsicElements' exists.
app/page.tsx(34,3): error TS7026: JSX element implicitly has type 'any' because no interface 'JSX.IntrinsicElements' exists.
app/page.tsx(35,1): error TS7026: JSX element implicitly has type 'any' because no interface 'JSX.IntrinsicElements' exists.
app/page.tsx(38,1): error TS7026: JSX element implicitly has type 'any' because no interface 'JSX.IntrinsicElements' exists.
app/page.tsx(39,3): error TS7026: JSX element implicitly has type 'any' because no interface 'JSX.IntrinsicElements' exists.
app/page.tsx(39,33): error TS7026: JSX element implicitly has type 'any' because no interface 'JSX.IntrinsicElements' exists.
app/page.tsx(39,123): error TS7026: JSX element implicitly has type 'any' because no interface 'JSX.IntrinsicElements' exists.
app/page.tsx(39,130): error TS7026: JSX element implicitly has type 'any' because no interface 'JSX.IntrinsicElements' exists.
app/page.tsx(39,213): error TS7026: JSX element implicitly has type 'any' because no interface 'JSX.IntrinsicElements' exists.
app/page.tsx(39,218): error TS7026: JSX element implicitly has type 'any' because no interface 'JSX.IntrinsicElements' exists.
app/page.tsx(39,382): error TS7026: JSX element implicitly has type 'any' because no interface 'JSX.IntrinsicElements' exists.
app/page.tsx(39,386): error TS7026: JSX element implicitly has type 'any' because no interface 'JSX.IntrinsicElements' exists.
app/page.tsx(40,3): error TS7026: JSX element implicitly has type 'any' because no interface 'JSX.IntrinsicElements' exists.
app/page.tsx(41,691): error TS7026: JSX element implicitly has type 'any' because no interface 'JSX.IntrinsicElements' exists.
app/page.tsx(41,731): error TS7026: JSX element implicitly has type 'any' because no interface 'JSX.IntrinsicElements' exists.
app/page.tsx(41,740): error TS7026: JSX element implicitly has type 'any' because no interface 'JSX.IntrinsicElements' exists.
app/page.tsx(41,744): error TS7026: JSX element implicitly has type 'any' because no interface 'JSX.IntrinsicElements' exists.
app/page.tsx(41,754): error TS7026: JSX element implicitly has type 'any' because no interface 'JSX.IntrinsicElements' exists.
app/page.tsx(41,759): error TS7026: JSX element implicitly has type 'any' because no interface 'JSX.IntrinsicElements' exists.
app/page.tsx(41,768): error TS7026: JSX element implicitly has type 'any' because no interface 'JSX.IntrinsicElements' exists.
app/page.tsx(41,772): error TS7026: JSX element implicitly has type 'any' because no interface 'JSX.IntrinsicElements' exists.
app/page.tsx(42,3): error TS7026: JSX element implicitly has type 'any' because no interface 'JSX.IntrinsicElements' exists.
app/page.tsx(43,1): error TS7026: JSX element implicitly has type 'any' because no interface 'JSX.IntrinsicElements' exists.
app/page.tsx(46,1): error TS7026: JSX element implicitly has type 'any' because no interface 'JSX.IntrinsicElements' exists.
app/page.tsx(47,3): error TS7026: JSX element implicitly has type 'any' because no interface 'JSX.IntrinsicElements' exists.
app/page.tsx(47,36): error TS7026: JSX element implicitly has type 'any' because no interface 'JSX.IntrinsicElements' exists.
app/page.tsx(47,41): error TS7026: JSX element implicitly has type 'any' because no interface 'JSX.IntrinsicElements' exists.
app/page.tsx(47,122): error TS7026: JSX element implicitly has type 'any' because no interface 'JSX.IntrinsicElements' exists.
app/page.tsx(47,129): error TS7026: JSX element implicitly has type 'any' because no interface 'JSX.IntrinsicElements' exists.
app/page.tsx(47,224): error TS7026: JSX element implicitly has type 'any' because no interface 'JSX.IntrinsicElements' exists.
app/page.tsx(47,229): error TS7026: JSX element implicitly has type 'any' because no interface 'JSX.IntrinsicElements' exists.
app/page.tsx(47,354): error TS7026: JSX element implicitly has type 'any' because no interface 'JSX.IntrinsicElements' exists.
app/page.tsx(47,358): error TS7026: JSX element implicitly has type 'any' because no interface 'JSX.IntrinsicElements' exists.
app/page.tsx(47,466): error TS7026: JSX element implicitly has type 'any' because no interface 'JSX.IntrinsicElements' exists.
app/page.tsx(47,470): error TS7026: JSX element implicitly has type 'any' because no interface 'JSX.IntrinsicElements' exists.
app/page.tsx(47,476): error TS7026: JSX element implicitly has type 'any' because no interface 'JSX.IntrinsicElements' exists.
app/page.tsx(47,620): error TS7026: JSX element implicitly has type 'any' because no interface 'JSX.IntrinsicElements' exists.
app/page.tsx(47,690): error TS7026: JSX element implicitly has type 'any' because no interface 'JSX.IntrinsicElements' exists.
app/page.tsx(47,697): error TS7026: JSX element implicitly has type 'any' because no interface 'JSX.IntrinsicElements' exists.
app/page.tsx(47,757): error TS7026: JSX element implicitly has type 'any' because no interface 'JSX.IntrinsicElements' exists.
app/page.tsx(47,766): error TS7026: JSX element implicitly has type 'any' because no interface 'JSX.IntrinsicElements' exists.
app/page.tsx(47,837): error TS7026: JSX element implicitly has type 'any' because no interface 'JSX.IntrinsicElements' exists.
app/page.tsx(47,841): error TS7026: JSX element implicitly has type 'any' because no interface 'JSX.IntrinsicElements' exists.
app/page.tsx(47,875): error TS7026: JSX element implicitly has type 'any' because no interface 'JSX.IntrinsicElements' exists.
app/page.tsx(47,881): error TS7026: JSX element implicitly has type 'any' because no interface 'JSX.IntrinsicElements' exists.
app/page.tsx(48,3): error TS7026: JSX element implicitly has type 'any' because no interface 'JSX.IntrinsicElements' exists.
app/page.tsx(48,29): error TS7026: JSX element implicitly has type 'any' because no interface 'JSX.IntrinsicElements' exists.
app/page.tsx(48,123): error TS7026: JSX element implicitly has type 'any' because no interface 'JSX.IntrinsicElements' exists.
app/page.tsx(48,130): error TS7026: JSX element implicitly has type 'any' because no interface 'JSX.IntrinsicElements' exists.
app/page.tsx(48,210): error TS7026: JSX element implicitly has type 'any' because no interface 'JSX.IntrinsicElements' exists.
app/page.tsx(48,215): error TS7026: JSX element implicitly has type 'any' because no interface 'JSX.IntrinsicElements' exists.
app/page.tsx(48,377): error TS7026: JSX element implicitly has type 'any' because no interface 'JSX.IntrinsicElements' exists.
app/page.tsx(48,381): error TS7026: JSX element implicitly has type 'any' because no interface 'JSX.IntrinsicElements' exists.
app/page.tsx(48,408): error TS7026: JSX element implicitly has type 'any' because no interface 'JSX.IntrinsicElements' exists.
app/page.tsx(48,482): error TS7026: JSX element implicitly has type 'any' because no interface 'JSX.IntrinsicElements' exists.
app/page.tsx(48,486): error TS7026: JSX element implicitly has type 'any' because no interface 'JSX.IntrinsicElements' exists.
app/page.tsx(48,492): error TS7026: JSX element implicitly has type 'any' because no interface 'JSX.IntrinsicElements' exists.
app/page.tsx(49,1): error TS7026: JSX element implicitly has type 'any' because no interface 'JSX.IntrinsicElements' exists.
app/page.tsx(52,1): error TS7026: JSX element implicitly has type 'any' because no interface 'JSX.IntrinsicElements' exists.
app/page.tsx(53,3): error TS7026: JSX element implicitly has type 'any' because no interface 'JSX.IntrinsicElements' exists.
app/page.tsx(53,32): error TS7026: JSX element implicitly has type 'any' because no interface 'JSX.IntrinsicElements' exists.
app/page.tsx(53,37): error TS7026: JSX element implicitly has type 'any' because no interface 'JSX.IntrinsicElements' exists.
app/page.tsx(53,113): error TS7026: JSX element implicitly has type 'any' because no interface 'JSX.IntrinsicElements' exists.
app/page.tsx(53,120): error TS7026: JSX element implicitly has type 'any' because no interface 'JSX.IntrinsicElements' exists.
app/page.tsx(53,208): error TS7026: JSX element implicitly has type 'any' because no interface 'JSX.IntrinsicElements' exists.
app/page.tsx(53,213): error TS7026: JSX element implicitly has type 'any' because no interface 'JSX.IntrinsicElements' exists.
app/page.tsx(53,219): error TS7026: JSX element implicitly has type 'any' because no interface 'JSX.IntrinsicElements' exists.
app/page.tsx(53,355): error TS7026: JSX element implicitly has type 'any' because no interface 'JSX.IntrinsicElements' exists.
app/page.tsx(53,359): error TS7026: JSX element implicitly has type 'any' because no interface 'JSX.IntrinsicElements' exists.
app/page.tsx(54,3): error TS7026: JSX element implicitly has type 'any' because no interface 'JSX.IntrinsicElements' exists.
app/page.tsx(55,5): error TS7026: JSX element implicitly has type 'any' because no interface 'JSX.IntrinsicElements' exists.
app/page.tsx(55,61): error TS7026: JSX element implicitly has type 'any' because no interface 'JSX.IntrinsicElements' exists.
app/page.tsx(55,112): error TS7026: JSX element implicitly has type 'any' because no interface 'JSX.IntrinsicElements' exists.
app/page.tsx(55,119): error TS7026: JSX element implicitly has type 'any' because no interface 'JSX.IntrinsicElements' exists.
app/page.tsx(55,200): error TS7026: JSX element implicitly has type 'any' because no interface 'JSX.IntrinsicElements' exists.
app/page.tsx(55,205): error TS7026: JSX element implicitly has type 'any' because no interface 'JSX.IntrinsicElements' exists.
app/page.tsx(55,315): error TS7026: JSX element implicitly has type 'any' because no interface 'JSX.IntrinsicElements' exists.
app/page.tsx(55,319): error TS7026: JSX element implicitly has type 'any' because no interface 'JSX.IntrinsicElements' exists.
app/page.tsx(55,374): error TS7026: JSX element implicitly has type 'any' because no interface 'JSX.IntrinsicElements' exists.
app/page.tsx(55,378): error TS7026: JSX element implicitly has type 'any' because no interface 'JSX.IntrinsicElements' exists.
app/page.tsx(57,5): error TS7026: JSX element implicitly has type 'any' because no interface 'JSX.IntrinsicElements' exists.
app/page.tsx(57,59): error TS7026: JSX element implicitly has type 'any' because no interface 'JSX.IntrinsicElements' exists.
app/page.tsx(57,120): error TS7026: JSX element implicitly has type 'any' because no interface 'JSX.IntrinsicElements' exists.
app/page.tsx(57,127): error TS7026: JSX element implicitly has type 'any' because no interface 'JSX.IntrinsicElements' exists.
app/page.tsx(57,216): error TS7026: JSX element implicitly has type 'any' because no interface 'JSX.IntrinsicElements' exists.
app/page.tsx(57,221): error TS7026: JSX element implicitly has type 'any' because no interface 'JSX.IntrinsicElements' exists.
app/page.tsx(57,326): error TS7026: JSX element implicitly has type 'any' because no interface 'JSX.IntrinsicElements' exists.
app/page.tsx(57,330): error TS7026: JSX element implicitly has type 'any' because no interface 'JSX.IntrinsicElements' exists.
app/page.tsx(57,387): error TS7026: JSX element implicitly has type 'any' because no interface 'JSX.IntrinsicElements' exists.
app/page.tsx(57,391): error TS7026: JSX element implicitly has type 'any' because no interface 'JSX.IntrinsicElements' exists.
app/page.tsx(58,3): error TS7026: JSX element implicitly has type 'any' because no interface 'JSX.IntrinsicElements' exists.
app/page.tsx(59,1): error TS7026: JSX element implicitly has type 'any' because no interface 'JSX.IntrinsicElements' exists.
app/page.tsx(61,1): error TS7026: JSX element implicitly has type 'any' because no interface 'JSX.IntrinsicElements' exists.
app/page.tsx(61,51): error TS7026: JSX element implicitly has type 'any' because no interface 'JSX.IntrinsicElements' exists.
app/page.tsx(61,135): error TS7026: JSX element implicitly has type 'any' because no interface 'JSX.IntrinsicElements' exists.
app/page.tsx(61,142): error TS7026: JSX element implicitly has type 'any' because no interface 'JSX.IntrinsicElements' exists.
app/page.tsx(61,228): error TS7026: JSX element implicitly has type 'any' because no interface 'JSX.IntrinsicElements' exists.
app/page.tsx(61,233): error TS7026: JSX element implicitly has type 'any' because no interface 'JSX.IntrinsicElements' exists.
app/page.tsx(61,261): error TS7026: JSX element implicitly has type 'any' because no interface 'JSX.IntrinsicElements' exists.
app/page.tsx(61,270): error TS7026: JSX element implicitly has type 'any' because no interface 'JSX.IntrinsicElements' exists.
app/page.tsx(61,325): error TS7026: JSX element implicitly has type 'any' because no interface 'JSX.IntrinsicElements' exists.
app/page.tsx(61,332): error TS7026: JSX element implicitly has type 'any' because no interface 'JSX.IntrinsicElements' exists.
app/page.tsx(61,390): error TS7026: JSX element implicitly has type 'any' because no interface 'JSX.IntrinsicElements' exists.
app/page.tsx(61,395): error TS7026: JSX element implicitly has type 'any' because no interface 'JSX.IntrinsicElements' exists.
app/page.tsx(61,495): error TS7026: JSX element implicitly has type 'any' because no interface 'JSX.IntrinsicElements' exists.
app/page.tsx(61,499): error TS7026: JSX element implicitly has type 'any' because no interface 'JSX.IntrinsicElements' exists.
app/page.tsx(61,599): error TS7026: JSX element implicitly has type 'any' because no interface 'JSX.IntrinsicElements' exists.
app/page.tsx(61,603): error TS7026: JSX element implicitly has type 'any' because no interface 'JSX.IntrinsicElements' exists.
app/page.tsx(61,613): error TS7026: JSX element implicitly has type 'any' because no interface 'JSX.IntrinsicElements' exists.
app/page.tsx(61,643): error TS7026: JSX element implicitly has type 'any' because no interface 'JSX.IntrinsicElements' exists.
app/page.tsx(61,700): error TS7026: JSX element implicitly has type 'any' because no interface 'JSX.IntrinsicElements' exists.
app/page.tsx(61,707): error TS7026: JSX element implicitly has type 'any' because no interface 'JSX.IntrinsicElements' exists.
app/page.tsx(61,765): error TS7026: JSX element implicitly has type 'any' because no interface 'JSX.IntrinsicElements' exists.
app/page.tsx(61,770): error TS7026: JSX element implicitly has type 'any' because no interface 'JSX.IntrinsicElements' exists.
app/page.tsx(61,897): error TS7026: JSX element implicitly has type 'any' because no interface 'JSX.IntrinsicElements' exists.
app/page.tsx(61,901): error TS7026: JSX element implicitly has type 'any' because no interface 'JSX.IntrinsicElements' exists.
app/page.tsx(61,995): error TS7026: JSX element implicitly has type 'any' because no interface 'JSX.IntrinsicElements' exists.
app/page.tsx(61,999): error TS7026: JSX element implicitly has type 'any' because no interface 'JSX.IntrinsicElements' exists.
app/page.tsx(61,1009): error TS7026: JSX element implicitly has type 'any' because no interface 'JSX.IntrinsicElements' exists.
app/page.tsx(61,1015): error TS7026: JSX element implicitly has type 'any' because no interface 'JSX.IntrinsicElements' exists.
app/page.tsx(64,1): error TS7026: JSX element implicitly has type 'any' because no interface 'JSX.IntrinsicElements' exists.
app/page.tsx(65,3): error TS7026: JSX element implicitly has type 'any' because no interface 'JSX.IntrinsicElements' exists.
app/page.tsx(65,29): error TS7026: JSX element implicitly has type 'any' because no interface 'JSX.IntrinsicElements' exists.
app/page.tsx(65,119): error TS7026: JSX element implicitly has type 'any' because no interface 'JSX.IntrinsicElements' exists.
app/page.tsx(65,126): error TS7026: JSX element implicitly has type 'any' because no interface 'JSX.IntrinsicElements' exists.
app/page.tsx(65,206): error TS7026: JSX element implicitly has type 'any' because no interface 'JSX.IntrinsicElements' exists.
app/page.tsx(65,211): error TS7026: JSX element implicitly has type 'any' because no interface 'JSX.IntrinsicElements' exists.
app/page.tsx(65,321): error TS7026: JSX element implicitly has type 'any' because no interface 'JSX.IntrinsicElements' exists.
app/page.tsx(65,325): error TS7026: JSX element implicitly has type 'any' because no interface 'JSX.IntrinsicElements' exists.
app/page.tsx(66,3): error TS7026: JSX element implicitly has type 'any' because no interface 'JSX.IntrinsicElements' exists.
app/page.tsx(67,1078): error TS7026: JSX element implicitly has type 'any' because no interface 'JSX.IntrinsicElements' exists.
app/page.tsx(67,1111): error TS7026: JSX element implicitly has type 'any' because no interface 'JSX.IntrinsicElements' exists.
app/page.tsx(67,1126): error TS7026: JSX element implicitly has type 'any' because no interface 'JSX.IntrinsicElements' exists.
app/page.tsx(67,1133): error TS7026: JSX element implicitly has type 'any' because no interface 'JSX.IntrinsicElements' exists.
app/page.tsx(67,1140): error TS7026: JSX element implicitly has type 'any' because no interface 'JSX.IntrinsicElements' exists.
app/page.tsx(67,1150): error TS7026: JSX element implicitly has type 'any' because no interface 'JSX.IntrinsicElements' exists.
app/page.tsx(67,1159): error TS7026: JSX element implicitly has type 'any' because no interface 'JSX.IntrinsicElements' exists.
app/page.tsx(67,1163): error TS7026: JSX element implicitly has type 'any' because no interface 'JSX.IntrinsicElements' exists.
app/page.tsx(68,3): error TS7026: JSX element implicitly has type 'any' because no interface 'JSX.IntrinsicElements' exists.
app/page.tsx(69,1): error TS7026: JSX element implicitly has type 'any' because no interface 'JSX.IntrinsicElements' exists.
app/page.tsx(71,1): error TS7026: JSX element implicitly has type 'any' because no interface 'JSX.IntrinsicElements' exists.
app/page.tsx(71,28): error TS7026: JSX element implicitly has type 'any' because no interface 'JSX.IntrinsicElements' exists.
app/page.tsx(71,120): error TS7026: JSX element implicitly has type 'any' because no interface 'JSX.IntrinsicElements' exists.
app/page.tsx(71,127): error TS7026: JSX element implicitly has type 'any' because no interface 'JSX.IntrinsicElements' exists.
app/page.tsx(71,220): error TS7026: JSX element implicitly has type 'any' because no interface 'JSX.IntrinsicElements' exists.
app/page.tsx(71,225): error TS7026: JSX element implicitly has type 'any' because no interface 'JSX.IntrinsicElements' exists.
app/page.tsx(71,350): error TS7026: JSX element implicitly has type 'any' because no interface 'JSX.IntrinsicElements' exists.
app/page.tsx(71,354): error TS7026: JSX element implicitly has type 'any' because no interface 'JSX.IntrinsicElements' exists.
app/page.tsx(71,453): error TS7026: JSX element implicitly has type 'any' because no interface 'JSX.IntrinsicElements' exists.
app/page.tsx(71,457): error TS7026: JSX element implicitly has type 'any' because no interface 'JSX.IntrinsicElements' exists.
app/page.tsx(73,1): error TS7026: JSX element implicitly has type 'any' because no interface 'JSX.IntrinsicElements' exists.
app/register/page.tsx(3,18): error TS2307: Cannot find module 'next/link' or its corresponding type declarations.
app/register/page.tsx(3,73): error TS2307: Cannot find module 'react' or its corresponding type declarations.
app/register/page.tsx(3,105): error TS2307: Cannot find module 'next/navigation' or its corresponding type declarations.
app/register/page.tsx(4,760): error TS7026: JSX element implicitly has type 'any' because no interface 'JSX.IntrinsicElements' exists.
app/register/page.tsx(4,799): error TS7026: JSX element implicitly has type 'any' because no interface 'JSX.IntrinsicElements' exists.
app/register/page.tsx(4,826): error TS7026: JSX element implicitly has type 'any' because no interface 'JSX.IntrinsicElements' exists.
app/register/page.tsx(4,981): error TS7026: JSX element implicitly has type 'any' because no interface 'JSX.IntrinsicElements' exists.
app/register/page.tsx(4,997): error TS7026: JSX element implicitly has type 'any' because no interface 'JSX.IntrinsicElements' exists.
app/register/page.tsx(4,1008): error TS7026: JSX element implicitly has type 'any' because no interface 'JSX.IntrinsicElements' exists.
app/register/page.tsx(4,1013): error TS7026: JSX element implicitly has type 'any' because no interface 'JSX.IntrinsicElements' exists.
app/register/page.tsx(4,1035): error TS7026: JSX element implicitly has type 'any' because no interface 'JSX.IntrinsicElements' exists.
app/register/page.tsx(4,1042): error TS7026: JSX element implicitly has type 'any' because no interface 'JSX.IntrinsicElements' exists.
app/register/page.tsx(4,1089): error TS7026: JSX element implicitly has type 'any' because no interface 'JSX.IntrinsicElements' exists.
app/register/page.tsx(4,1094): error TS7026: JSX element implicitly has type 'any' because no interface 'JSX.IntrinsicElements' exists.
app/register/page.tsx(4,1162): error TS7026: JSX element implicitly has type 'any' because no interface 'JSX.IntrinsicElements' exists.
app/register/page.tsx(4,1166): error TS7026: JSX element implicitly has type 'any' because no interface 'JSX.IntrinsicElements' exists.
app/register/page.tsx(4,1172): error TS7026: JSX element implicitly has type 'any' because no interface 'JSX.IntrinsicElements' exists.
app/register/page.tsx(4,1182): error TS7026: JSX element implicitly has type 'any' because no interface 'JSX.IntrinsicElements' exists.
app/register/page.tsx(4,1213): error TS7026: JSX element implicitly has type 'any' because no interface 'JSX.IntrinsicElements' exists.
app/register/page.tsx(4,1297): error TS7026: JSX element implicitly has type 'any' because no interface 'JSX.IntrinsicElements' exists.
app/register/page.tsx(4,1340): error TS7026: JSX element implicitly has type 'any' because no interface 'JSX.IntrinsicElements' exists.
app/register/page.tsx(4,1347): error TS7026: JSX element implicitly has type 'any' because no interface 'JSX.IntrinsicElements' exists.
app/register/page.tsx(4,1359): error TS7026: JSX element implicitly has type 'any' because no interface 'JSX.IntrinsicElements' exists.
app/register/page.tsx(4,1364): error TS7026: JSX element implicitly has type 'any' because no interface 'JSX.IntrinsicElements' exists.
app/register/page.tsx(4,1380): error TS7026: JSX element implicitly has type 'any' because no interface 'JSX.IntrinsicElements' exists.
app/register/page.tsx(4,1463): error TS7026: JSX element implicitly has type 'any' because no interface 'JSX.IntrinsicElements' exists.
app/register/page.tsx(4,1471): error TS7026: JSX element implicitly has type 'any' because no interface 'JSX.IntrinsicElements' exists.
app/register/page.tsx(4,1483): error TS7026: JSX element implicitly has type 'any' because no interface 'JSX.IntrinsicElements' exists.
app/register/page.tsx(4,1556): error TS7026: JSX element implicitly has type 'any' because no interface 'JSX.IntrinsicElements' exists.
app/register/page.tsx(4,1668): error TS7026: JSX element implicitly has type 'any' because no interface 'JSX.IntrinsicElements' exists.
app/register/page.tsx(4,1698): error TS7026: JSX element implicitly has type 'any' because no interface 'JSX.IntrinsicElements' exists.
app/register/page.tsx(4,1711): error TS7026: JSX element implicitly has type 'any' because no interface 'JSX.IntrinsicElements' exists.
app/register/page.tsx(4,1745): error TS7026: JSX element implicitly has type 'any' because no interface 'JSX.IntrinsicElements' exists.
app/register/page.tsx(4,1752): error TS7026: JSX element implicitly has type 'any' because no interface 'JSX.IntrinsicElements' exists.
app/register/page.tsx(4,1842): error TS7026: JSX element implicitly has type 'any' because no interface 'JSX.IntrinsicElements' exists.
app/register/page.tsx(4,1851): error TS7026: JSX element implicitly has type 'any' because no interface 'JSX.IntrinsicElements' exists.
app/register/page.tsx(4,1931): error TS7026: JSX element implicitly has type 'any' because no interface 'JSX.IntrinsicElements' exists.
app/register/page.tsx(4,1935): error TS7026: JSX element implicitly has type 'any' because no interface 'JSX.IntrinsicElements' exists.
app/register/page.tsx(4,1942): error TS7026: JSX element implicitly has type 'any' because no interface 'JSX.IntrinsicElements' exists.
app/register/page.tsx(4,1952): error TS7026: JSX element implicitly has type 'any' because no interface 'JSX.IntrinsicElements' exists.
app/reset-password/page.tsx(3,18): error TS2307: Cannot find module 'next/link' or its corresponding type declarations.
app/reset-password/page.tsx(3,73): error TS2307: Cannot find module 'react' or its corresponding type declarations.
app/reset-password/page.tsx(3,121): error TS2307: Cannot find module 'next/navigation' or its corresponding type declarations.
app/reset-password/page.tsx(4,757): error TS7026: JSX element implicitly has type 'any' because no interface 'JSX.IntrinsicElements' exists.
app/reset-password/page.tsx(4,795): error TS7026: JSX element implicitly has type 'any' because no interface 'JSX.IntrinsicElements' exists.
app/reset-password/page.tsx(4,826): error TS7026: JSX element implicitly has type 'any' because no interface 'JSX.IntrinsicElements' exists.
app/reset-password/page.tsx(4,1017): error TS7026: JSX element implicitly has type 'any' because no interface 'JSX.IntrinsicElements' exists.
app/reset-password/page.tsx(4,1067): error TS7026: JSX element implicitly has type 'any' because no interface 'JSX.IntrinsicElements' exists.
app/reset-password/page.tsx(4,1074): error TS7026: JSX element implicitly has type 'any' because no interface 'JSX.IntrinsicElements' exists.
app/reset-password/page.tsx(4,1099): error TS7026: JSX element implicitly has type 'any' because no interface 'JSX.IntrinsicElements' exists.
app/reset-password/page.tsx(4,1113): error TS7026: JSX element implicitly has type 'any' because no interface 'JSX.IntrinsicElements' exists.
app/reset-password/page.tsx(4,1192): error TS7026: JSX element implicitly has type 'any' because no interface 'JSX.IntrinsicElements' exists.
app/reset-password/page.tsx(4,1346): error TS7026: JSX element implicitly has type 'any' because no interface 'JSX.IntrinsicElements' exists.
app/reset-password/page.tsx(4,1380): error TS7026: JSX element implicitly has type 'any' because no interface 'JSX.IntrinsicElements' exists.
app/reset-password/page.tsx(4,1387): error TS7026: JSX element implicitly has type 'any' because no interface 'JSX.IntrinsicElements' exists.
app/reset-password/page.tsx(4,1486): error TS7026: JSX element implicitly has type 'any' because no interface 'JSX.IntrinsicElements' exists.
app/reset-password/page.tsx(4,1495): error TS7026: JSX element implicitly has type 'any' because no interface 'JSX.IntrinsicElements' exists.
app/reset-password/page.tsx(4,1565): error TS7026: JSX element implicitly has type 'any' because no interface 'JSX.IntrinsicElements' exists.
app/reset-password/page.tsx(4,1569): error TS7026: JSX element implicitly has type 'any' because no interface 'JSX.IntrinsicElements' exists.
app/reset-password/page.tsx(4,1576): error TS7026: JSX element implicitly has type 'any' because no interface 'JSX.IntrinsicElements' exists.
app/reset-password/page.tsx(4,1586): error TS7026: JSX element implicitly has type 'any' because no interface 'JSX.IntrinsicElements' exists.
app/resources/page.tsx(1,24): error TS2307: Cannot find module 'next/navigation' or its corresponding type declarations.
app/reviews/page.tsx(4,52): error TS2307: Cannot find module 'react' or its corresponding type declarations.
app/reviews/page.tsx(8,18): error TS2307: Cannot find module 'next/link' or its corresponding type declarations.
app/reviews/page.tsx(17,10): error TS2741: Property 'children' is missing in type '{ kicker: string; title: string; intro: string; backLabel: string; }' but required in type '{ kicker: string; title: string; intro: string; children: React.ReactNode; backLabel?: string | undefined; }'.
app/reviews/page.tsx(18,3): error TS7026: JSX element implicitly has type 'any' because no interface 'JSX.IntrinsicElements' exists.
app/reviews/page.tsx(18,58): error TS7026: JSX element implicitly has type 'any' because no interface 'JSX.IntrinsicElements' exists.
app/reviews/page.tsx(18,109): error TS7026: JSX element implicitly has type 'any' because no interface 'JSX.IntrinsicElements' exists.
app/reviews/page.tsx(19,4): error TS7026: JSX element implicitly has type 'any' because no interface 'JSX.IntrinsicElements' exists.
app/reviews/page.tsx(19,35): error TS7026: JSX element implicitly has type 'any' because no interface 'JSX.IntrinsicElements' exists.
app/reviews/page.tsx(19,115): error TS7026: JSX element implicitly has type 'any' because no interface 'JSX.IntrinsicElements' exists.
app/reviews/page.tsx(19,122): error TS7026: JSX element implicitly has type 'any' because no interface 'JSX.IntrinsicElements' exists.
app/reviews/page.tsx(19,127): error TS7026: JSX element implicitly has type 'any' because no interface 'JSX.IntrinsicElements' exists.
app/reviews/page.tsx(19,144): error TS7026: JSX element implicitly has type 'any' because no interface 'JSX.IntrinsicElements' exists.
app/reviews/page.tsx(19,153): error TS7026: JSX element implicitly has type 'any' because no interface 'JSX.IntrinsicElements' exists.
app/reviews/page.tsx(19,162): error TS7026: JSX element implicitly has type 'any' because no interface 'JSX.IntrinsicElements' exists.
app/reviews/page.tsx(19,169): error TS7026: JSX element implicitly has type 'any' because no interface 'JSX.IntrinsicElements' exists.
app/reviews/page.tsx(19,175): error TS7026: JSX element implicitly has type 'any' because no interface 'JSX.IntrinsicElements' exists.
app/reviews/page.tsx(19,345): error TS7026: JSX element implicitly has type 'any' because no interface 'JSX.IntrinsicElements' exists.
app/reviews/page.tsx(19,351): error TS7026: JSX element implicitly has type 'any' because no interface 'JSX.IntrinsicElements' exists.
app/reviews/page.tsx(19,469): error TS7026: JSX element implicitly has type 'any' because no interface 'JSX.IntrinsicElements' exists.
app/reviews/page.tsx(19,473): error TS7026: JSX element implicitly has type 'any' because no interface 'JSX.IntrinsicElements' exists.
app/reviews/page.tsx(20,4): error TS7026: JSX element implicitly has type 'any' because no interface 'JSX.IntrinsicElements' exists.
app/reviews/page.tsx(20,38): error TS7026: JSX element implicitly has type 'any' because no interface 'JSX.IntrinsicElements' exists.
app/reviews/page.tsx(20,75): error TS7026: JSX element implicitly has type 'any' because no interface 'JSX.IntrinsicElements' exists.
app/reviews/page.tsx(20,80): error TS7026: JSX element implicitly has type 'any' because no interface 'JSX.IntrinsicElements' exists.
app/reviews/page.tsx(20,157): error TS7026: JSX element implicitly has type 'any' because no interface 'JSX.IntrinsicElements' exists.
app/reviews/page.tsx(20,164): error TS7026: JSX element implicitly has type 'any' because no interface 'JSX.IntrinsicElements' exists.
app/reviews/page.tsx(20,242): error TS7026: JSX element implicitly has type 'any' because no interface 'JSX.IntrinsicElements' exists.
app/reviews/page.tsx(20,247): error TS7026: JSX element implicitly has type 'any' because no interface 'JSX.IntrinsicElements' exists.
app/reviews/page.tsx(20,253): error TS7026: JSX element implicitly has type 'any' because no interface 'JSX.IntrinsicElements' exists.
app/reviews/page.tsx(21,11): error TS7026: JSX element implicitly has type 'any' because no interface 'JSX.IntrinsicElements' exists.
app/reviews/page.tsx(21,58): error TS7026: JSX element implicitly has type 'any' because no interface 'JSX.IntrinsicElements' exists.
app/reviews/page.tsx(21,115): error TS7026: JSX element implicitly has type 'any' because no interface 'JSX.IntrinsicElements' exists.
app/reviews/page.tsx(21,213): error TS7026: JSX element implicitly has type 'any' because no interface 'JSX.IntrinsicElements' exists.
app/reviews/page.tsx(21,370): error TS7026: JSX element implicitly has type 'any' because no interface 'JSX.IntrinsicElements' exists.
app/reviews/page.tsx(21,381): error TS7026: JSX element implicitly has type 'any' because no interface 'JSX.IntrinsicElements' exists.
app/reviews/page.tsx(21,387): error TS7026: JSX element implicitly has type 'any' because no interface 'JSX.IntrinsicElements' exists.
app/reviews/page.tsx(21,395): error TS7026: JSX element implicitly has type 'any' because no interface 'JSX.IntrinsicElements' exists.
app/reviews/page.tsx(21,447): error TS7026: JSX element implicitly has type 'any' because no interface 'JSX.IntrinsicElements' exists.
app/reviews/page.tsx(21,483): error TS7006: Parameter 'e' implicitly has an 'any' type.
app/reviews/page.tsx(21,610): error TS7026: JSX element implicitly has type 'any' because no interface 'JSX.IntrinsicElements' exists.
app/reviews/page.tsx(21,618): error TS7026: JSX element implicitly has type 'any' because no interface 'JSX.IntrinsicElements' exists.
app/reviews/page.tsx(21,729): error TS7026: JSX element implicitly has type 'any' because no interface 'JSX.IntrinsicElements' exists.
app/reviews/page.tsx(21,747): error TS7026: JSX element implicitly has type 'any' because no interface 'JSX.IntrinsicElements' exists.
app/reviews/page.tsx(21,807): error TS7026: JSX element implicitly has type 'any' because no interface 'JSX.IntrinsicElements' exists.
app/reviews/page.tsx(21,829): error TS7026: JSX element implicitly has type 'any' because no interface 'JSX.IntrinsicElements' exists.
app/reviews/page.tsx(21,836): error TS7026: JSX element implicitly has type 'any' because no interface 'JSX.IntrinsicElements' exists.
app/reviews/page.tsx(21,841): error TS7026: JSX element implicitly has type 'any' because no interface 'JSX.IntrinsicElements' exists.
app/reviews/page.tsx(21,894): error TS7026: JSX element implicitly has type 'any' because no interface 'JSX.IntrinsicElements' exists.
app/reviews/page.tsx(21,898): error TS7026: JSX element implicitly has type 'any' because no interface 'JSX.IntrinsicElements' exists.
app/reviews/page.tsx(21,913): error TS7026: JSX element implicitly has type 'any' because no interface 'JSX.IntrinsicElements' exists.
app/reviews/page.tsx(21,921): error TS7026: JSX element implicitly has type 'any' because no interface 'JSX.IntrinsicElements' exists.
app/reviews/page.tsx(21,927): error TS7026: JSX element implicitly has type 'any' because no interface 'JSX.IntrinsicElements' exists.
app/reviews/page.tsx(21,934): error TS7026: JSX element implicitly has type 'any' because no interface 'JSX.IntrinsicElements' exists.
app/reviews/page.tsx(21,1034): error TS7026: JSX element implicitly has type 'any' because no interface 'JSX.IntrinsicElements' exists.
app/reviews/page.tsx(21,1042): error TS7026: JSX element implicitly has type 'any' because no interface 'JSX.IntrinsicElements' exists.
app/reviews/page.tsx(21,1050): error TS7026: JSX element implicitly has type 'any' because no interface 'JSX.IntrinsicElements' exists.
app/reviews/page.tsx(21,1078): error TS7026: JSX element implicitly has type 'any' because no interface 'JSX.IntrinsicElements' exists.
app/reviews/page.tsx(21,1162): error TS7026: JSX element implicitly has type 'any' because no interface 'JSX.IntrinsicElements' exists.
app/reviews/page.tsx(21,1284): error TS7026: JSX element implicitly has type 'any' because no interface 'JSX.IntrinsicElements' exists.
app/reviews/page.tsx(22,4): error TS7026: JSX element implicitly has type 'any' because no interface 'JSX.IntrinsicElements' exists.
app/reviews/page.tsx(23,3): error TS7026: JSX element implicitly has type 'any' because no interface 'JSX.IntrinsicElements' exists.
app/reviews/page.tsx(24,3): error TS7026: JSX element implicitly has type 'any' because no interface 'JSX.IntrinsicElements' exists.
app/reviews/page.tsx(24,63): error TS7006: Parameter 'i' implicitly has an 'any' type.
app/reviews/page.tsx(24,67): error TS7026: JSX element implicitly has type 'any' because no interface 'JSX.IntrinsicElements' exists.
app/reviews/page.tsx(24,109): error TS7026: JSX element implicitly has type 'any' because no interface 'JSX.IntrinsicElements' exists.
app/reviews/page.tsx(24,171): error TS7026: JSX element implicitly has type 'any' because no interface 'JSX.IntrinsicElements' exists.
app/reviews/page.tsx(24,190): error TS7026: JSX element implicitly has type 'any' because no interface 'JSX.IntrinsicElements' exists.
app/reviews/page.tsx(24,206): error TS7026: JSX element implicitly has type 'any' because no interface 'JSX.IntrinsicElements' exists.
app/reviews/page.tsx(24,215): error TS7026: JSX element implicitly has type 'any' because no interface 'JSX.IntrinsicElements' exists.
app/reviews/page.tsx(24,230): error TS7026: JSX element implicitly has type 'any' because no interface 'JSX.IntrinsicElements' exists.
app/team/page.tsx(6,42): error TS2307: Cannot find module 'react' or its corresponding type declarations.
app/team/page.tsx(10,54): error TS7006: Parameter 'x' implicitly has an 'any' type.
app/team/page.tsx(11,9): error TS2741: Property 'children' is missing in type '{ kicker: string; title: string; intro: string; }' but required in type '{ kicker: string; title: string; intro: string; children: React.ReactNode; backLabel?: string | undefined; }'.
app/team/page.tsx(12,1): error TS7026: JSX element implicitly has type 'any' because no interface 'JSX.IntrinsicElements' exists.
app/team/page.tsx(12,62): error TS7026: JSX element implicitly has type 'any' because no interface 'JSX.IntrinsicElements' exists.
app/team/page.tsx(12,152): error TS7026: JSX element implicitly has type 'any' because no interface 'JSX.IntrinsicElements' exists.
app/team/page.tsx(12,163): error TS7026: JSX element implicitly has type 'any' because no interface 'JSX.IntrinsicElements' exists.
app/team/page.tsx(13,1): error TS7026: JSX element implicitly has type 'any' because no interface 'JSX.IntrinsicElements' exists.
app/team/page.tsx(13,54): error TS7026: JSX element implicitly has type 'any' because no interface 'JSX.IntrinsicElements' exists.
app/team/page.tsx(13,82): error TS7026: JSX element implicitly has type 'any' because no interface 'JSX.IntrinsicElements' exists.
app/team/page.tsx(13,134): error TS7026: JSX element implicitly has type 'any' because no interface 'JSX.IntrinsicElements' exists.
app/team/page.tsx(13,138): error TS7026: JSX element implicitly has type 'any' because no interface 'JSX.IntrinsicElements' exists.
app/team/page.tsx(13,168): error TS7006: Parameter 'm' implicitly has an 'any' type.
app/team/page.tsx(13,171): error TS7026: JSX element implicitly has type 'any' because no interface 'JSX.IntrinsicElements' exists.
app/team/page.tsx(13,301): error TS7006: Parameter 'e' implicitly has an 'any' type.
app/team/page.tsx(13,402): error TS7026: JSX element implicitly has type 'any' because no interface 'JSX.IntrinsicElements' exists.
app/team/page.tsx(13,439): error TS7026: JSX element implicitly has type 'any' because no interface 'JSX.IntrinsicElements' exists.
app/team/page.tsx(13,446): error TS7026: JSX element implicitly has type 'any' because no interface 'JSX.IntrinsicElements' exists.
app/team/page.tsx(13,458): error TS7026: JSX element implicitly has type 'any' because no interface 'JSX.IntrinsicElements' exists.
app/team/page.tsx(13,463): error TS7026: JSX element implicitly has type 'any' because no interface 'JSX.IntrinsicElements' exists.
app/team/page.tsx(13,466): error TS7026: JSX element implicitly has type 'any' because no interface 'JSX.IntrinsicElements' exists.
app/team/page.tsx(13,477): error TS7026: JSX element implicitly has type 'any' because no interface 'JSX.IntrinsicElements' exists.
app/team/page.tsx(13,513): error TS7026: JSX element implicitly has type 'any' because no interface 'JSX.IntrinsicElements' exists.
app/team/page.tsx(13,517): error TS7026: JSX element implicitly has type 'any' because no interface 'JSX.IntrinsicElements' exists.
app/team/page.tsx(13,527): error TS7026: JSX element implicitly has type 'any' because no interface 'JSX.IntrinsicElements' exists.
app/team/page.tsx(13,531): error TS7026: JSX element implicitly has type 'any' because no interface 'JSX.IntrinsicElements' exists.
app/team/page.tsx(13,543): error TS7026: JSX element implicitly has type 'any' because no interface 'JSX.IntrinsicElements' exists.
app/team/page.tsx(13,571): error TS7026: JSX element implicitly has type 'any' because no interface 'JSX.IntrinsicElements' exists.
app/team/page.tsx(13,647): error TS7026: JSX element implicitly has type 'any' because no interface 'JSX.IntrinsicElements' exists.
app/team/page.tsx(13,651): error TS7026: JSX element implicitly has type 'any' because no interface 'JSX.IntrinsicElements' exists.
app/team/page.tsx(13,755): error TS7026: JSX element implicitly has type 'any' because no interface 'JSX.IntrinsicElements' exists.
app/team/page.tsx(13,759): error TS7026: JSX element implicitly has type 'any' because no interface 'JSX.IntrinsicElements' exists.
app/team/page.tsx(13,766): error TS7026: JSX element implicitly has type 'any' because no interface 'JSX.IntrinsicElements' exists.
app/verify-email/page.tsx(4,41): error TS2307: Cannot find module 'react' or its corresponding type declarations.
app/verify-email/page.tsx(5,18): error TS2307: Cannot find module 'next/link' or its corresponding type declarations.
app/verify-email/page.tsx(6,31): error TS2307: Cannot find module 'next/navigation' or its corresponding type declarations.
app/verify-email/page.tsx(14,24): error TS7006: Parameter 'd' implicitly has an 'any' type.
app/verify-email/page.tsx(16,9): error TS7026: JSX element implicitly has type 'any' because no interface 'JSX.IntrinsicElements' exists.
app/verify-email/page.tsx(16,47): error TS7026: JSX element implicitly has type 'any' because no interface 'JSX.IntrinsicElements' exists.
app/verify-email/page.tsx(16,78): error TS7026: JSX element implicitly has type 'any' because no interface 'JSX.IntrinsicElements' exists.
app/verify-email/page.tsx(16,196): error TS7026: JSX element implicitly has type 'any' because no interface 'JSX.IntrinsicElements' exists.
app/verify-email/page.tsx(16,243): error TS7026: JSX element implicitly has type 'any' because no interface 'JSX.IntrinsicElements' exists.
app/verify-email/page.tsx(16,250): error TS7026: JSX element implicitly has type 'any' because no interface 'JSX.IntrinsicElements' exists.
app/verify-email/page.tsx(16,361): error TS7026: JSX element implicitly has type 'any' because no interface 'JSX.IntrinsicElements' exists.
app/verify-email/page.tsx(16,366): error TS7026: JSX element implicitly has type 'any' because no interface 'JSX.IntrinsicElements' exists.
app/verify-email/page.tsx(16,495): error TS7026: JSX element implicitly has type 'any' because no interface 'JSX.IntrinsicElements' exists.
app/verify-email/page.tsx(16,501): error TS7026: JSX element implicitly has type 'any' because no interface 'JSX.IntrinsicElements' exists.
app/verify-email/page.tsx(16,581): error TS7026: JSX element implicitly has type 'any' because no interface 'JSX.IntrinsicElements' exists.
app/verify-email/page.tsx(16,585): error TS7026: JSX element implicitly has type 'any' because no interface 'JSX.IntrinsicElements' exists.
app/verify-email/page.tsx(16,591): error TS7026: JSX element implicitly has type 'any' because no interface 'JSX.IntrinsicElements' exists.
app/verify-email/page.tsx(16,601): error TS7026: JSX element implicitly has type 'any' because no interface 'JSX.IntrinsicElements' exists.
app/verify-otp/page.tsx(4,34): error TS2307: Cannot find module 'react' or its corresponding type declarations.
app/verify-otp/page.tsx(4,82): error TS2307: Cannot find module 'next/navigation' or its corresponding type declarations.
app/verify-otp/page.tsx(5,568): error TS7026: JSX element implicitly has type 'any' because no interface 'JSX.IntrinsicElements' exists.
app/verify-otp/page.tsx(5,606): error TS7026: JSX element implicitly has type 'any' because no interface 'JSX.IntrinsicElements' exists.
app/verify-otp/page.tsx(5,637): error TS7026: JSX element implicitly has type 'any' because no interface 'JSX.IntrinsicElements' exists.
app/verify-otp/page.tsx(5,828): error TS7026: JSX element implicitly has type 'any' because no interface 'JSX.IntrinsicElements' exists.
app/verify-otp/page.tsx(5,873): error TS7026: JSX element implicitly has type 'any' because no interface 'JSX.IntrinsicElements' exists.
app/verify-otp/page.tsx(5,880): error TS7026: JSX element implicitly has type 'any' because no interface 'JSX.IntrinsicElements' exists.
app/verify-otp/page.tsx(5,900): error TS7026: JSX element implicitly has type 'any' because no interface 'JSX.IntrinsicElements' exists.
app/verify-otp/page.tsx(5,905): error TS7026: JSX element implicitly has type 'any' because no interface 'JSX.IntrinsicElements' exists.
app/verify-otp/page.tsx(5,976): error TS7026: JSX element implicitly has type 'any' because no interface 'JSX.IntrinsicElements' exists.
app/verify-otp/page.tsx(5,980): error TS7026: JSX element implicitly has type 'any' because no interface 'JSX.IntrinsicElements' exists.
app/verify-otp/page.tsx(5,992): error TS7026: JSX element implicitly has type 'any' because no interface 'JSX.IntrinsicElements' exists.
app/verify-otp/page.tsx(5,1023): error TS7006: Parameter 'e' implicitly has an 'any' type.
app/verify-otp/page.tsx(5,1075): error TS7026: JSX element implicitly has type 'any' because no interface 'JSX.IntrinsicElements' exists.
app/verify-otp/page.tsx(5,1083): error TS7026: JSX element implicitly has type 'any' because no interface 'JSX.IntrinsicElements' exists.
app/verify-otp/page.tsx(5,1101): error TS7026: JSX element implicitly has type 'any' because no interface 'JSX.IntrinsicElements' exists.
app/verify-otp/page.tsx(5,1130): error TS7006: Parameter 'e' implicitly has an 'any' type.
app/verify-otp/page.tsx(5,1256): error TS7026: JSX element implicitly has type 'any' because no interface 'JSX.IntrinsicElements' exists.
app/verify-otp/page.tsx(5,1272): error TS7026: JSX element implicitly has type 'any' because no interface 'JSX.IntrinsicElements' exists.
app/verify-otp/page.tsx(5,1306): error TS7026: JSX element implicitly has type 'any' because no interface 'JSX.IntrinsicElements' exists.
app/verify-otp/page.tsx(5,1313): error TS7026: JSX element implicitly has type 'any' because no interface 'JSX.IntrinsicElements' exists.
app/verify-otp/page.tsx(5,1416): error TS7026: JSX element implicitly has type 'any' because no interface 'JSX.IntrinsicElements' exists.
app/verify-otp/page.tsx(5,1425): error TS7026: JSX element implicitly has type 'any' because no interface 'JSX.IntrinsicElements' exists.
app/verify-otp/page.tsx(5,1432): error TS7026: JSX element implicitly has type 'any' because no interface 'JSX.IntrinsicElements' exists.
app/verify-otp/page.tsx(5,1442): error TS7026: JSX element implicitly has type 'any' because no interface 'JSX.IntrinsicElements' exists.
components/AcademyImage.tsx(2,57): error TS2307: Cannot find module 'react' or its corresponding type declarations.
components/AcademyImage.tsx(12,119): error TS7006: Parameter 'i' implicitly has an 'any' type.
components/AcademyImage.tsx(17,9): error TS7026: JSX element implicitly has type 'any' because no interface 'JSX.IntrinsicElements' exists.
components/AcademyImage.tsx(22,12): error TS7006: Parameter 'event' implicitly has an 'any' type.
components/CertificateStatus.tsx(2,24): error TS2307: Cannot find module 'react' or its corresponding type declarations.
components/CertificateStatus.tsx(4,9): error TS7026: JSX element implicitly has type 'any' because no interface 'JSX.IntrinsicElements' exists.
components/CertificateStatus.tsx(4,135): error TS7026: JSX element implicitly has type 'any' because no interface 'JSX.IntrinsicElements' exists.
components/CertificateStatus.tsx(4,216): error TS7026: JSX element implicitly has type 'any' because no interface 'JSX.IntrinsicElements' exists.
components/CertificateStatus.tsx(4,223): error TS7026: JSX element implicitly has type 'any' because no interface 'JSX.IntrinsicElements' exists.
components/CertificateStatus.tsx(4,228): error TS7026: JSX element implicitly has type 'any' because no interface 'JSX.IntrinsicElements' exists.
components/CertificateStatus.tsx(4,369): error TS7026: JSX element implicitly has type 'any' because no interface 'JSX.IntrinsicElements' exists.
components/CertificateStatus.tsx(4,374): error TS7026: JSX element implicitly has type 'any' because no interface 'JSX.IntrinsicElements' exists.
components/CertificateStatus.tsx(4,778): error TS7026: JSX element implicitly has type 'any' because no interface 'JSX.IntrinsicElements' exists.
components/CertificateStatus.tsx(4,790): error TS7026: JSX element implicitly has type 'any' because no interface 'JSX.IntrinsicElements' exists.
components/CertificateStatus.tsx(4,916): error TS7026: JSX element implicitly has type 'any' because no interface 'JSX.IntrinsicElements' exists.
components/CertificateStatus.tsx(4,932): error TS7026: JSX element implicitly has type 'any' because no interface 'JSX.IntrinsicElements' exists.
components/CertificateStatus.tsx(4,969): error TS7026: JSX element implicitly has type 'any' because no interface 'JSX.IntrinsicElements' exists.
components/CertificateStatus.tsx(4,977): error TS7026: JSX element implicitly has type 'any' because no interface 'JSX.IntrinsicElements' exists.
components/CertificateStatus.tsx(4,1091): error TS7026: JSX element implicitly has type 'any' because no interface 'JSX.IntrinsicElements' exists.
components/CertificateStatus.tsx(4,1112): error TS7026: JSX element implicitly has type 'any' because no interface 'JSX.IntrinsicElements' exists.
components/CertificateStatus.tsx(4,1139): error TS7026: JSX element implicitly has type 'any' because no interface 'JSX.IntrinsicElements' exists.
components/CertificateStatus.tsx(4,1148): error TS7026: JSX element implicitly has type 'any' because no interface 'JSX.IntrinsicElements' exists.
components/CertificateStatus.tsx(4,1154): error TS7026: JSX element implicitly has type 'any' because no interface 'JSX.IntrinsicElements' exists.
components/SiteHeader.tsx(4,18): error TS2307: Cannot find module 'next/link' or its corresponding type declarations.
components/SiteHeader.tsx(5,37): error TS2307: Cannot find module 'next/navigation' or its corresponding type declarations.
components/SiteHeader.tsx(6,35): error TS2307: Cannot find module 'react' or its corresponding type declarations.
components/SiteHeader.tsx(27,10): error TS7026: JSX element implicitly has type 'any' because no interface 'JSX.IntrinsicElements' exists.
components/SiteHeader.tsx(28,60): error TS7026: JSX element implicitly has type 'any' because no interface 'JSX.IntrinsicElements' exists.
components/SiteHeader.tsx(28,159): error TS7026: JSX element implicitly has type 'any' because no interface 'JSX.IntrinsicElements' exists.
components/SiteHeader.tsx(28,166): error TS7026: JSX element implicitly has type 'any' because no interface 'JSX.IntrinsicElements' exists.
components/SiteHeader.tsx(28,185): error TS7026: JSX element implicitly has type 'any' because no interface 'JSX.IntrinsicElements' exists.
components/SiteHeader.tsx(29,5): error TS7026: JSX element implicitly has type 'any' because no interface 'JSX.IntrinsicElements' exists.
components/SiteHeader.tsx(31,140): error TS7006: Parameter 'e' implicitly has an 'any' type.
components/SiteHeader.tsx(32,366): error TS7026: JSX element implicitly has type 'any' because no interface 'JSX.IntrinsicElements' exists.
components/SiteHeader.tsx(33,5): error TS7026: JSX element implicitly has type 'any' because no interface 'JSX.IntrinsicElements' exists.
components/SiteHeader.tsx(33,45): error TS7026: JSX element implicitly has type 'any' because no interface 'JSX.IntrinsicElements' exists.
components/SiteHeader.tsx(33,125): error TS7026: JSX element implicitly has type 'any' because no interface 'JSX.IntrinsicElements' exists.
components/SiteHeader.tsx(33,152): error TS7026: JSX element implicitly has type 'any' because no interface 'JSX.IntrinsicElements' exists.
components/SiteHeader.tsx(33,212): error TS7026: JSX element implicitly has type 'any' because no interface 'JSX.IntrinsicElements' exists.
components/SiteHeader.tsx(33,259): error TS7026: JSX element implicitly has type 'any' because no interface 'JSX.IntrinsicElements' exists.
components/SiteHeader.tsx(33,266): error TS7026: JSX element implicitly has type 'any' because no interface 'JSX.IntrinsicElements' exists.
components/SiteHeader.tsx(33,328): error TS7026: JSX element implicitly has type 'any' because no interface 'JSX.IntrinsicElements' exists.
components/SiteHeader.tsx(34,7): error TS7026: JSX element implicitly has type 'any' because no interface 'JSX.IntrinsicElements' exists.
components/SiteHeader.tsx(34,133): error TS7026: JSX element implicitly has type 'any' because no interface 'JSX.IntrinsicElements' exists.
components/SiteHeader.tsx(35,5): error TS7026: JSX element implicitly has type 'any' because no interface 'JSX.IntrinsicElements' exists.
components/SiteHeader.tsx(36,3): error TS7026: JSX element implicitly has type 'any' because no interface 'JSX.IntrinsicElements' exists.
components/WebsiteContent.tsx(2,74): error TS2307: Cannot find module 'react' or its corresponding type declarations.
components/admin/AdminLogin.tsx(4,18): error TS2307: Cannot find module 'next/link' or its corresponding type declarations.
components/admin/AdminLogin.tsx(5,44): error TS2307: Cannot find module 'react' or its corresponding type declarations.
components/admin/AdminLogin.tsx(6,25): error TS2307: Cannot find module 'next/navigation' or its corresponding type declarations.
components/admin/AdminLogin.tsx(19,19): error TS7026: JSX element implicitly has type 'any' because no interface 'JSX.IntrinsicElements' exists.
components/admin/AdminLogin.tsx(19,94): error TS7026: JSX element implicitly has type 'any' because no interface 'JSX.IntrinsicElements' exists.
components/admin/AdminLogin.tsx(20,9): error TS7026: JSX element implicitly has type 'any' because no interface 'JSX.IntrinsicElements' exists.
components/admin/AdminLogin.tsx(20,36): error TS7026: JSX element implicitly has type 'any' because no interface 'JSX.IntrinsicElements' exists.
components/admin/AdminLogin.tsx(20,176): error TS7026: JSX element implicitly has type 'any' because no interface 'JSX.IntrinsicElements' exists.
components/admin/AdminLogin.tsx(20,192): error TS7026: JSX element implicitly has type 'any' because no interface 'JSX.IntrinsicElements' exists.
components/admin/AdminLogin.tsx(20,203): error TS7026: JSX element implicitly has type 'any' because no interface 'JSX.IntrinsicElements' exists.
components/admin/AdminLogin.tsx(20,208): error TS7026: JSX element implicitly has type 'any' because no interface 'JSX.IntrinsicElements' exists.
components/admin/AdminLogin.tsx(20,278): error TS7026: JSX element implicitly has type 'any' because no interface 'JSX.IntrinsicElements' exists.
components/admin/AdminLogin.tsx(20,285): error TS7026: JSX element implicitly has type 'any' because no interface 'JSX.IntrinsicElements' exists.
components/admin/AdminLogin.tsx(20,382): error TS7026: JSX element implicitly has type 'any' because no interface 'JSX.IntrinsicElements' exists.
components/admin/AdminLogin.tsx(20,387): error TS7026: JSX element implicitly has type 'any' because no interface 'JSX.IntrinsicElements' exists.
components/admin/AdminLogin.tsx(20,620): error TS7026: JSX element implicitly has type 'any' because no interface 'JSX.IntrinsicElements' exists.
components/admin/AdminLogin.tsx(20,624): error TS7026: JSX element implicitly has type 'any' because no interface 'JSX.IntrinsicElements' exists.
components/admin/AdminLogin.tsx(20,630): error TS7026: JSX element implicitly has type 'any' because no interface 'JSX.IntrinsicElements' exists.
components/admin/AdminLogin.tsx(20,640): error TS7026: JSX element implicitly has type 'any' because no interface 'JSX.IntrinsicElements' exists.
components/admin/AdminLogin.tsx(20,671): error TS7026: JSX element implicitly has type 'any' because no interface 'JSX.IntrinsicElements' exists.
components/admin/AdminLogin.tsx(20,778): error TS7026: JSX element implicitly has type 'any' because no interface 'JSX.IntrinsicElements' exists.
components/admin/AdminLogin.tsx(20,863): error TS7026: JSX element implicitly has type 'any' because no interface 'JSX.IntrinsicElements' exists.
components/admin/AdminLogin.tsx(20,870): error TS7026: JSX element implicitly has type 'any' because no interface 'JSX.IntrinsicElements' exists.
components/admin/AdminLogin.tsx(20,933): error TS7026: JSX element implicitly has type 'any' because no interface 'JSX.IntrinsicElements' exists.
components/admin/AdminLogin.tsx(20,938): error TS7026: JSX element implicitly has type 'any' because no interface 'JSX.IntrinsicElements' exists.
components/admin/AdminLogin.tsx(20,991): error TS7026: JSX element implicitly has type 'any' because no interface 'JSX.IntrinsicElements' exists.
components/admin/AdminLogin.tsx(20,995): error TS7026: JSX element implicitly has type 'any' because no interface 'JSX.IntrinsicElements' exists.
components/admin/AdminLogin.tsx(20,1007): error TS7026: JSX element implicitly has type 'any' because no interface 'JSX.IntrinsicElements' exists.
components/admin/AdminLogin.tsx(20,1169): error TS7026: JSX element implicitly has type 'any' because no interface 'JSX.IntrinsicElements' exists.
components/admin/AdminLogin.tsx(20,1232): error TS7026: JSX element implicitly has type 'any' because no interface 'JSX.IntrinsicElements' exists.
components/admin/AdminLogin.tsx(20,1269): error TS7026: JSX element implicitly has type 'any' because no interface 'JSX.IntrinsicElements' exists.
components/admin/AdminLogin.tsx(20,1412): error TS7026: JSX element implicitly has type 'any' because no interface 'JSX.IntrinsicElements' exists.
components/admin/AdminLogin.tsx(20,1429): error TS7026: JSX element implicitly has type 'any' because no interface 'JSX.IntrinsicElements' exists.
components/admin/AdminLogin.tsx(20,1476): error TS7026: JSX element implicitly has type 'any' because no interface 'JSX.IntrinsicElements' exists.
components/admin/AdminLogin.tsx(20,1483): error TS7026: JSX element implicitly has type 'any' because no interface 'JSX.IntrinsicElements' exists.
components/admin/AdminLogin.tsx(20,1592): error TS7026: JSX element implicitly has type 'any' because no interface 'JSX.IntrinsicElements' exists.
components/admin/AdminLogin.tsx(20,1601): error TS7026: JSX element implicitly has type 'any' because no interface 'JSX.IntrinsicElements' exists.
components/admin/AdminLogin.tsx(20,1669): error TS7026: JSX element implicitly has type 'any' because no interface 'JSX.IntrinsicElements' exists.
components/admin/AdminLogin.tsx(20,1673): error TS7026: JSX element implicitly has type 'any' because no interface 'JSX.IntrinsicElements' exists.
components/admin/AdminLogin.tsx(20,1789): error TS7026: JSX element implicitly has type 'any' because no interface 'JSX.IntrinsicElements' exists.
components/admin/AdminLogin.tsx(20,1797): error TS7026: JSX element implicitly has type 'any' because no interface 'JSX.IntrinsicElements' exists.
components/admin/AdminLogin.tsx(20,1804): error TS7026: JSX element implicitly has type 'any' because no interface 'JSX.IntrinsicElements' exists.
components/admin/AdminLogin.tsx(20,1814): error TS7026: JSX element implicitly has type 'any' because no interface 'JSX.IntrinsicElements' exists.
components/auth/AuthProvider.tsx(2,86): error TS2307: Cannot find module 'react' or its corresponding type declarations.
components/auth/AuthProvider.tsx(3,27): error TS2307: Cannot find module 'next/navigation' or its corresponding type declarations.
components/auth/AuthProvider.tsx(7,51): error TS2503: Cannot find namespace 'React'.
components/auth/LandingAuthGate.tsx(2,25): error TS2307: Cannot find module 'react' or its corresponding type declarations.
components/auth/LandingAuthGate.tsx(2,69): error TS2307: Cannot find module 'next/navigation' or its corresponding type declarations.
components/auth/PasswordField.tsx(2,24): error TS2307: Cannot find module 'react' or its corresponding type declarations.
components/auth/PasswordField.tsx(4,46): error TS7026: JSX element implicitly has type 'any' because no interface 'JSX.IntrinsicElements' exists.
components/auth/PasswordField.tsx(4,60): error TS7026: JSX element implicitly has type 'any' because no interface 'JSX.IntrinsicElements' exists.
components/auth/PasswordField.tsx(4,116): error TS7026: JSX element implicitly has type 'any' because no interface 'JSX.IntrinsicElements' exists.
components/auth/PasswordField.tsx(4,310): error TS7026: JSX element implicitly has type 'any' because no interface 'JSX.IntrinsicElements' exists.
components/auth/PasswordField.tsx(4,454): error TS7026: JSX element implicitly has type 'any' because no interface 'JSX.IntrinsicElements' exists.
components/auth/PasswordField.tsx(4,463): error TS7026: JSX element implicitly has type 'any' because no interface 'JSX.IntrinsicElements' exists.
components/auth/PasswordField.tsx(4,469): error TS7026: JSX element implicitly has type 'any' because no interface 'JSX.IntrinsicElements' exists.
components/business/AcademyNotifications.tsx(2,34): error TS2307: Cannot find module 'react' or its corresponding type declarations.
components/business/AcademyNotifications.tsx(6,98): error TS7006: Parameter 'n' implicitly has an 'any' type.
components/business/AcademyNotifications.tsx(7,125): error TS7006: Parameter 'n' implicitly has an 'any' type.
components/business/AcademyNotifications.tsx(8,20): error TS2741: Property 'children' is missing in type '{ error: true; }' but required in type '{ children: React.ReactNode; error?: boolean | undefined; }'.
components/business/AcademyNotifications.tsx(8,50): error TS7026: JSX element implicitly has type 'any' because no interface 'JSX.IntrinsicElements' exists.
components/business/AcademyNotifications.tsx(8,76): error TS7026: JSX element implicitly has type 'any' because no interface 'JSX.IntrinsicElements' exists.
components/business/AcademyNotifications.tsx(8,104): error TS7026: JSX element implicitly has type 'any' because no interface 'JSX.IntrinsicElements' exists.
components/business/AcademyNotifications.tsx(8,145): error TS7026: JSX element implicitly has type 'any' because no interface 'JSX.IntrinsicElements' exists.
components/business/AcademyNotifications.tsx(8,149): error TS7026: JSX element implicitly has type 'any' because no interface 'JSX.IntrinsicElements' exists.
components/business/AcademyNotifications.tsx(8,204): error TS7006: Parameter 'n' implicitly has an 'any' type.
components/business/AcademyNotifications.tsx(8,220): error TS7026: JSX element implicitly has type 'any' because no interface 'JSX.IntrinsicElements' exists.
components/business/AcademyNotifications.tsx(8,229): error TS7026: JSX element implicitly has type 'any' because no interface 'JSX.IntrinsicElements' exists.
components/business/AcademyNotifications.tsx(8,249): error TS7026: JSX element implicitly has type 'any' because no interface 'JSX.IntrinsicElements' exists.
components/business/AcademyNotifications.tsx(8,304): error TS7006: Parameter 'n' implicitly has an 'any' type.
components/business/AcademyNotifications.tsx(8,340): error TS7026: JSX element implicitly has type 'any' because no interface 'JSX.IntrinsicElements' exists.
components/business/AcademyNotifications.tsx(8,517): error TS7026: JSX element implicitly has type 'any' because no interface 'JSX.IntrinsicElements' exists.
components/business/AcademyNotifications.tsx(8,547): error TS7026: JSX element implicitly has type 'any' because no interface 'JSX.IntrinsicElements' exists.
components/business/AcademyNotifications.tsx(8,575): error TS7026: JSX element implicitly has type 'any' because no interface 'JSX.IntrinsicElements' exists.
components/business/AcademyNotifications.tsx(8,582): error TS7026: JSX element implicitly has type 'any' because no interface 'JSX.IntrinsicElements' exists.
components/business/AcademyNotifications.tsx(8,586): error TS7026: JSX element implicitly has type 'any' because no interface 'JSX.IntrinsicElements' exists.
components/business/AcademyNotifications.tsx(8,602): error TS7026: JSX element implicitly has type 'any' because no interface 'JSX.IntrinsicElements' exists.
components/business/AcademyNotifications.tsx(8,607): error TS7026: JSX element implicitly has type 'any' because no interface 'JSX.IntrinsicElements' exists.
components/business/AcademyNotifications.tsx(8,615): error TS7026: JSX element implicitly has type 'any' because no interface 'JSX.IntrinsicElements' exists.
components/business/AcademyNotifications.tsx(8,620): error TS7026: JSX element implicitly has type 'any' because no interface 'JSX.IntrinsicElements' exists.
components/business/AcademyNotifications.tsx(8,630): error TS7026: JSX element implicitly has type 'any' because no interface 'JSX.IntrinsicElements' exists.
components/business/AcademyNotifications.tsx(8,635): error TS7026: JSX element implicitly has type 'any' because no interface 'JSX.IntrinsicElements' exists.
components/business/AcademyNotifications.tsx(8,640): error TS7026: JSX element implicitly has type 'any' because no interface 'JSX.IntrinsicElements' exists.
components/business/AcademyNotifications.tsx(8,648): error TS7026: JSX element implicitly has type 'any' because no interface 'JSX.IntrinsicElements' exists.
components/business/AcademyNotifications.tsx(8,680): error TS7026: JSX element implicitly has type 'any' because no interface 'JSX.IntrinsicElements' exists.
components/business/AcademyNotifications.tsx(8,696): error TS7026: JSX element implicitly has type 'any' because no interface 'JSX.IntrinsicElements' exists.
components/business/AcademyNotifications.tsx(8,700): error TS7026: JSX element implicitly has type 'any' because no interface 'JSX.IntrinsicElements' exists.
components/business/AcademyNotifications.tsx(8,729): error TS7026: JSX element implicitly has type 'any' because no interface 'JSX.IntrinsicElements' exists.
components/business/AcademyNotifications.tsx(8,733): error TS7026: JSX element implicitly has type 'any' because no interface 'JSX.IntrinsicElements' exists.
components/business/AcademyNotifications.tsx(8,751): error TS7026: JSX element implicitly has type 'any' because no interface 'JSX.IntrinsicElements' exists.
components/business/AcademyNotifications.tsx(8,759): error TS7026: JSX element implicitly has type 'any' because no interface 'JSX.IntrinsicElements' exists.
components/business/AcademyNotifications.tsx(8,764): error TS7026: JSX element implicitly has type 'any' because no interface 'JSX.IntrinsicElements' exists.
components/business/AcademyNotifications.tsx(8,788): error TS7026: JSX element implicitly has type 'any' because no interface 'JSX.IntrinsicElements' exists.
components/business/AcademyNotifications.tsx(8,793): error TS7026: JSX element implicitly has type 'any' because no interface 'JSX.IntrinsicElements' exists.
components/business/AcademyNotifications.tsx(8,797): error TS7026: JSX element implicitly has type 'any' because no interface 'JSX.IntrinsicElements' exists.
components/business/AcademyNotifications.tsx(8,825): error TS7026: JSX element implicitly has type 'any' because no interface 'JSX.IntrinsicElements' exists.
components/business/AcademyNotifications.tsx(8,908): error TS7026: JSX element implicitly has type 'any' because no interface 'JSX.IntrinsicElements' exists.
components/business/AcademyNotifications.tsx(8,927): error TS7026: JSX element implicitly has type 'any' because no interface 'JSX.IntrinsicElements' exists.
components/business/AcademyNotifications.tsx(8,1007): error TS7026: JSX element implicitly has type 'any' because no interface 'JSX.IntrinsicElements' exists.
components/business/AcademyNotifications.tsx(8,1017): error TS7026: JSX element implicitly has type 'any' because no interface 'JSX.IntrinsicElements' exists.
components/business/AcademyNotifications.tsx(8,1023): error TS7026: JSX element implicitly has type 'any' because no interface 'JSX.IntrinsicElements' exists.
components/business/AcademyNotifications.tsx(8,1028): error TS7026: JSX element implicitly has type 'any' because no interface 'JSX.IntrinsicElements' exists.
components/business/AcademyNotifications.tsx(8,1035): error TS7026: JSX element implicitly has type 'any' because no interface 'JSX.IntrinsicElements' exists.
components/business/AcademyNotifications.tsx(8,1043): error TS7026: JSX element implicitly has type 'any' because no interface 'JSX.IntrinsicElements' exists.
components/business/AcademyNotifications.tsx(8,1051): error TS7026: JSX element implicitly has type 'any' because no interface 'JSX.IntrinsicElements' exists.
components/business/AcademyNotifications.tsx(8,1058): error TS7026: JSX element implicitly has type 'any' because no interface 'JSX.IntrinsicElements' exists.
components/business/AcademyNotifications.tsx(8,1089): error TS7026: JSX element implicitly has type 'any' because no interface 'JSX.IntrinsicElements' exists.
components/business/AcademyNotifications.tsx(8,1125): error TS7026: JSX element implicitly has type 'any' because no interface 'JSX.IntrinsicElements' exists.
components/business/AcademyNotifications.tsx(8,1132): error TS7026: JSX element implicitly has type 'any' because no interface 'JSX.IntrinsicElements' exists.
components/business/AcademyNotifications.tsx(8,1160): error TS7026: JSX element implicitly has type 'any' because no interface 'JSX.IntrinsicElements' exists.
components/business/AcademyNotifications.tsx(8,1231): error TS7006: Parameter 'n' implicitly has an 'any' type.
components/business/AcademyNotifications.tsx(8,1248): error TS7026: JSX element implicitly has type 'any' because no interface 'JSX.IntrinsicElements' exists.
components/business/AcademyNotifications.tsx(8,1257): error TS7026: JSX element implicitly has type 'any' because no interface 'JSX.IntrinsicElements' exists.
components/business/AcademyNotifications.tsx(8,1274): error TS7026: JSX element implicitly has type 'any' because no interface 'JSX.IntrinsicElements' exists.
components/business/AcademyNotifications.tsx(8,1281): error TS7026: JSX element implicitly has type 'any' because no interface 'JSX.IntrinsicElements' exists.
components/business/AcademyNotifications.tsx(8,1381): error TS7006: Parameter 'n' implicitly has an 'any' type.
components/business/AcademyNotifications.tsx(8,1394): error TS7026: JSX element implicitly has type 'any' because no interface 'JSX.IntrinsicElements' exists.
components/business/AcademyNotifications.tsx(8,1403): error TS7026: JSX element implicitly has type 'any' because no interface 'JSX.IntrinsicElements' exists.
components/business/AcademyNotifications.tsx(8,1409): error TS7026: JSX element implicitly has type 'any' because no interface 'JSX.IntrinsicElements' exists.
components/business/AcademyNotifications.tsx(8,1415): error TS7026: JSX element implicitly has type 'any' because no interface 'JSX.IntrinsicElements' exists.
components/business/ActionDialog.tsx(2,34): error TS2307: Cannot find module 'react' or its corresponding type declarations.
components/business/ActionDialog.tsx(12,46): error TS7006: Parameter 'f' implicitly has an 'any' type.
components/business/ActionDialog.tsx(13,317): error TS7006: Parameter 'f' implicitly has an 'any' type.
components/business/ActionDialog.tsx(14,128): error TS7006: Parameter 'f' implicitly has an 'any' type.
components/business/ActionDialog.tsx(16,185): error TS7006: Parameter 'f' implicitly has an 'any' type.
components/business/ActionDialog.tsx(17,30): error TS2503: Cannot find namespace 'React'.
components/business/ActionDialog.tsx(30,75): error TS7026: JSX element implicitly has type 'any' because no interface 'JSX.IntrinsicElements' exists.
components/business/ActionDialog.tsx(30,136): error TS7026: JSX element implicitly has type 'any' because no interface 'JSX.IntrinsicElements' exists.
components/business/ActionDialog.tsx(30,188): error TS7006: Parameter 'e' implicitly has an 'any' type.
components/business/ActionDialog.tsx(30,463): error TS7026: JSX element implicitly has type 'any' because no interface 'JSX.IntrinsicElements' exists.
components/business/ActionDialog.tsx(30,482): error TS7026: JSX element implicitly has type 'any' because no interface 'JSX.IntrinsicElements' exists.
components/business/ActionDialog.tsx(30,491): error TS7026: JSX element implicitly has type 'any' because no interface 'JSX.IntrinsicElements' exists.
components/business/ActionDialog.tsx(33,10): error TS2741: Property 'children' is missing in type '{ title: string; subtitle: string; onClose: () => void; busy: any; }' but required in type '{ title: string; subtitle?: string | undefined; onClose: () => void; children: React.ReactNode; wide?: boolean | undefined; busy?: boolean | undefined; }'.
components/business/ActionDialog.tsx(34,11): error TS2741: Property 'children' is missing in type '{ error: true; }' but required in type '{ children: React.ReactNode; error?: boolean | undefined; }'.
components/business/ActionDialog.tsx(35,22): error TS7026: JSX element implicitly has type 'any' because no interface 'JSX.IntrinsicElements' exists.
components/business/ActionDialog.tsx(36,10): error TS7026: JSX element implicitly has type 'any' because no interface 'JSX.IntrinsicElements' exists.
components/business/ActionDialog.tsx(36,41): error TS7026: JSX element implicitly has type 'any' because no interface 'JSX.IntrinsicElements' exists.
components/business/ActionDialog.tsx(36,142): error TS7026: JSX element implicitly has type 'any' because no interface 'JSX.IntrinsicElements' exists.
components/business/ActionDialog.tsx(36,174): error TS7026: JSX element implicitly has type 'any' because no interface 'JSX.IntrinsicElements' exists.
components/business/ActionDialog.tsx(36,205): error TS7026: JSX element implicitly has type 'any' because no interface 'JSX.IntrinsicElements' exists.
components/business/ActionDialog.tsx(36,219): error TS7026: JSX element implicitly has type 'any' because no interface 'JSX.IntrinsicElements' exists.
components/business/ActionDialog.tsx(36,226): error TS7026: JSX element implicitly has type 'any' because no interface 'JSX.IntrinsicElements' exists.
components/business/ActionDialog.tsx(36,253): error TS7026: JSX element implicitly has type 'any' because no interface 'JSX.IntrinsicElements' exists.
components/business/ActionDialog.tsx(36,257): error TS7026: JSX element implicitly has type 'any' because no interface 'JSX.IntrinsicElements' exists.
components/business/ActionDialog.tsx(36,274): error TS7026: JSX element implicitly has type 'any' because no interface 'JSX.IntrinsicElements' exists.
components/business/ActionDialog.tsx(36,305): error TS7026: JSX element implicitly has type 'any' because no interface 'JSX.IntrinsicElements' exists.
components/business/ActionDialog.tsx(36,318): error TS7026: JSX element implicitly has type 'any' because no interface 'JSX.IntrinsicElements' exists.
components/business/ActionDialog.tsx(36,325): error TS7026: JSX element implicitly has type 'any' because no interface 'JSX.IntrinsicElements' exists.
components/business/ActionDialog.tsx(36,337): error TS7026: JSX element implicitly has type 'any' because no interface 'JSX.IntrinsicElements' exists.
components/business/ActionDialog.tsx(36,341): error TS7026: JSX element implicitly has type 'any' because no interface 'JSX.IntrinsicElements' exists.
components/business/ActionDialog.tsx(36,367): error TS7026: JSX element implicitly has type 'any' because no interface 'JSX.IntrinsicElements' exists.
components/business/ActionDialog.tsx(36,398): error TS7026: JSX element implicitly has type 'any' because no interface 'JSX.IntrinsicElements' exists.
components/business/ActionDialog.tsx(36,429): error TS7026: JSX element implicitly has type 'any' because no interface 'JSX.IntrinsicElements' exists.
components/business/ActionDialog.tsx(36,436): error TS7026: JSX element implicitly has type 'any' because no interface 'JSX.IntrinsicElements' exists.
components/business/ActionDialog.tsx(36,473): error TS7026: JSX element implicitly has type 'any' because no interface 'JSX.IntrinsicElements' exists.
components/business/ActionDialog.tsx(36,477): error TS7026: JSX element implicitly has type 'any' because no interface 'JSX.IntrinsicElements' exists.
components/business/ActionDialog.tsx(36,502): error TS7026: JSX element implicitly has type 'any' because no interface 'JSX.IntrinsicElements' exists.
components/business/ActionDialog.tsx(36,533): error TS7026: JSX element implicitly has type 'any' because no interface 'JSX.IntrinsicElements' exists.
components/business/ActionDialog.tsx(36,557): error TS7026: JSX element implicitly has type 'any' because no interface 'JSX.IntrinsicElements' exists.
components/business/ActionDialog.tsx(36,564): error TS7026: JSX element implicitly has type 'any' because no interface 'JSX.IntrinsicElements' exists.
components/business/ActionDialog.tsx(36,638): error TS7026: JSX element implicitly has type 'any' because no interface 'JSX.IntrinsicElements' exists.
components/business/ActionDialog.tsx(36,642): error TS7026: JSX element implicitly has type 'any' because no interface 'JSX.IntrinsicElements' exists.
components/business/ActionDialog.tsx(36,660): error TS7026: JSX element implicitly has type 'any' because no interface 'JSX.IntrinsicElements' exists.
components/business/ActionDialog.tsx(36,691): error TS7026: JSX element implicitly has type 'any' because no interface 'JSX.IntrinsicElements' exists.
components/business/ActionDialog.tsx(36,719): error TS7026: JSX element implicitly has type 'any' because no interface 'JSX.IntrinsicElements' exists.
components/business/ActionDialog.tsx(36,726): error TS7026: JSX element implicitly has type 'any' because no interface 'JSX.IntrinsicElements' exists.
components/business/ActionDialog.tsx(36,744): error TS7026: JSX element implicitly has type 'any' because no interface 'JSX.IntrinsicElements' exists.
components/business/ActionDialog.tsx(36,748): error TS7026: JSX element implicitly has type 'any' because no interface 'JSX.IntrinsicElements' exists.
components/business/ActionDialog.tsx(36,755): error TS7026: JSX element implicitly has type 'any' because no interface 'JSX.IntrinsicElements' exists.
components/business/ActionDialog.tsx(37,22): error TS2741: Property 'children' is missing in type '{}' but required in type '{ children: React.ReactNode; error?: boolean | undefined; }'.
components/business/ActionDialog.tsx(38,21): error TS2741: Property 'children' is missing in type '{}' but required in type '{ children: React.ReactNode; error?: boolean | undefined; }'.
components/business/ActionDialog.tsx(39,27): error TS2741: Property 'children' is missing in type '{}' but required in type '{ children: React.ReactNode; error?: boolean | undefined; }'.
components/business/ActionDialog.tsx(40,20): error TS2741: Property 'children' is missing in type '{}' but required in type '{ children: React.ReactNode; error?: boolean | undefined; }'.
components/business/ActionDialog.tsx(41,51): error TS2741: Property 'children' is missing in type '{}' but required in type '{ children: React.ReactNode; error?: boolean | undefined; }'.
components/business/ActionDialog.tsx(42,28): error TS2741: Property 'children' is missing in type '{}' but required in type '{ children: React.ReactNode; error?: boolean | undefined; }'.
components/business/ActionDialog.tsx(43,20): error TS2741: Property 'children' is missing in type '{}' but required in type '{ children: React.ReactNode; error?: boolean | undefined; }'.
components/business/ActionDialog.tsx(44,20): error TS2741: Property 'children' is missing in type '{}' but required in type '{ children: React.ReactNode; error?: boolean | undefined; }'.
components/business/ActionDialog.tsx(45,21): error TS2741: Property 'children' is missing in type '{}' but required in type '{ children: React.ReactNode; error?: boolean | undefined; }'.
components/business/ActionDialog.tsx(46,2): error TS7026: JSX element implicitly has type 'any' because no interface 'JSX.IntrinsicElements' exists.
components/business/ActionDialog.tsx(47,33): error TS7026: JSX element implicitly has type 'any' because no interface 'JSX.IntrinsicElements' exists.
components/business/ActionDialog.tsx(47,81): error TS7026: JSX element implicitly has type 'any' because no interface 'JSX.IntrinsicElements' exists.
components/business/ActionDialog.tsx(47,135): error TS7006: Parameter 'e' implicitly has an 'any' type.
components/business/ActionDialog.tsx(47,233): error TS7026: JSX element implicitly has type 'any' because no interface 'JSX.IntrinsicElements' exists.
components/business/ActionDialog.tsx(47,314): error TS7026: JSX element implicitly has type 'any' because no interface 'JSX.IntrinsicElements' exists.
components/business/ActionDialog.tsx(47,322): error TS7026: JSX element implicitly has type 'any' because no interface 'JSX.IntrinsicElements' exists.
components/business/ActionDialog.tsx(47,330): error TS7026: JSX element implicitly has type 'any' because no interface 'JSX.IntrinsicElements' exists.
components/business/ActionDialog.tsx(47,371): error TS7026: JSX element implicitly has type 'any' because no interface 'JSX.IntrinsicElements' exists.
components/business/ActionDialog.tsx(47,418): error TS7006: Parameter 'e' implicitly has an 'any' type.
components/business/ActionDialog.tsx(47,467): error TS7026: JSX element implicitly has type 'any' because no interface 'JSX.IntrinsicElements' exists.
components/business/ActionDialog.tsx(47,501): error TS7026: JSX element implicitly has type 'any' because no interface 'JSX.IntrinsicElements' exists.
components/business/ActionDialog.tsx(47,528): error TS7026: JSX element implicitly has type 'any' because no interface 'JSX.IntrinsicElements' exists.
components/business/ActionDialog.tsx(47,589): error TS7026: JSX element implicitly has type 'any' because no interface 'JSX.IntrinsicElements' exists.
components/business/ActionDialog.tsx(47,629): error TS7026: JSX element implicitly has type 'any' because no interface 'JSX.IntrinsicElements' exists.
components/business/ActionDialog.tsx(47,683): error TS7026: JSX element implicitly has type 'any' because no interface 'JSX.IntrinsicElements' exists.
components/business/ActionDialog.tsx(47,694): error TS7026: JSX element implicitly has type 'any' because no interface 'JSX.IntrinsicElements' exists.
components/business/ActionDialog.tsx(47,703): error TS7026: JSX element implicitly has type 'any' because no interface 'JSX.IntrinsicElements' exists.
components/business/ActionDialog.tsx(48,30): error TS7026: JSX element implicitly has type 'any' because no interface 'JSX.IntrinsicElements' exists.
components/business/ActionDialog.tsx(48,61): error TS7026: JSX element implicitly has type 'any' because no interface 'JSX.IntrinsicElements' exists.
components/business/ActionDialog.tsx(48,75): error TS7026: JSX element implicitly has type 'any' because no interface 'JSX.IntrinsicElements' exists.
components/business/ActionDialog.tsx(48,82): error TS7026: JSX element implicitly has type 'any' because no interface 'JSX.IntrinsicElements' exists.
components/business/ActionDialog.tsx(48,133): error TS7026: JSX element implicitly has type 'any' because no interface 'JSX.IntrinsicElements' exists.
components/business/ActionDialog.tsx(48,137): error TS7026: JSX element implicitly has type 'any' because no interface 'JSX.IntrinsicElements' exists.
components/business/ActionDialog.tsx(48,191): error TS7026: JSX element implicitly has type 'any' because no interface 'JSX.IntrinsicElements' exists.
components/business/ActionDialog.tsx(48,199): error TS7026: JSX element implicitly has type 'any' because no interface 'JSX.IntrinsicElements' exists.
components/business/ActionDialog.tsx(49,30): error TS7026: JSX element implicitly has type 'any' because no interface 'JSX.IntrinsicElements' exists.
components/business/ActionDialog.tsx(49,70): error TS7026: JSX element implicitly has type 'any' because no interface 'JSX.IntrinsicElements' exists.
components/business/ActionDialog.tsx(49,106): error TS7006: Parameter 'e' implicitly has an 'any' type.
components/business/ActionDialog.tsx(49,118): error TS7006: Parameter 'f' implicitly has an 'any' type.
components/business/ActionDialog.tsx(49,206): error TS7026: JSX element implicitly has type 'any' because no interface 'JSX.IntrinsicElements' exists.
components/business/ActionDialog.tsx(49,242): error TS7026: JSX element implicitly has type 'any' because no interface 'JSX.IntrinsicElements' exists.
components/business/ActionDialog.tsx(49,251): error TS7026: JSX element implicitly has type 'any' because no interface 'JSX.IntrinsicElements' exists.
components/business/ActionDialog.tsx(49,296): error TS7026: JSX element implicitly has type 'any' because no interface 'JSX.IntrinsicElements' exists.
components/business/ActionDialog.tsx(49,305): error TS7026: JSX element implicitly has type 'any' because no interface 'JSX.IntrinsicElements' exists.
components/business/ActionDialog.tsx(49,314): error TS7026: JSX element implicitly has type 'any' because no interface 'JSX.IntrinsicElements' exists.
components/business/ActionDialog.tsx(50,17): error TS7026: JSX element implicitly has type 'any' because no interface 'JSX.IntrinsicElements' exists.
components/business/ActionDialog.tsx(50,114): error TS7026: JSX element implicitly has type 'any' because no interface 'JSX.IntrinsicElements' exists.
components/business/ActionDialog.tsx(50,153): error TS7006: Parameter 'e' implicitly has an 'any' type.
components/business/ActionDialog.tsx(50,212): error TS7026: JSX element implicitly has type 'any' because no interface 'JSX.IntrinsicElements' exists.
components/business/ActionDialog.tsx(50,253): error TS7026: JSX element implicitly has type 'any' because no interface 'JSX.IntrinsicElements' exists.
components/business/ActionDialog.tsx(50,347): error TS7026: JSX element implicitly has type 'any' because no interface 'JSX.IntrinsicElements' exists.
components/business/ActionDialog.tsx(50,470): error TS7026: JSX element implicitly has type 'any' because no interface 'JSX.IntrinsicElements' exists.
components/business/ActionDialog.tsx(50,481): error TS7026: JSX element implicitly has type 'any' because no interface 'JSX.IntrinsicElements' exists.
components/business/ActionDialog.tsx(50,490): error TS7026: JSX element implicitly has type 'any' because no interface 'JSX.IntrinsicElements' exists.
components/business/ActionDialog.tsx(51,195): error TS7026: JSX element implicitly has type 'any' because no interface 'JSX.IntrinsicElements' exists.
components/business/ActionDialog.tsx(51,231): error TS7026: JSX element implicitly has type 'any' because no interface 'JSX.IntrinsicElements' exists.
components/business/ActionDialog.tsx(51,271): error TS7006: Parameter 'e' implicitly has an 'any' type.
components/business/ActionDialog.tsx(51,368): error TS7026: JSX element implicitly has type 'any' because no interface 'JSX.IntrinsicElements' exists.
components/business/ActionDialog.tsx(51,387): error TS7026: JSX element implicitly has type 'any' because no interface 'JSX.IntrinsicElements' exists.
components/business/ActionDialog.tsx(51,398): error TS7026: JSX element implicitly has type 'any' because no interface 'JSX.IntrinsicElements' exists.
components/business/ActionDialog.tsx(51,407): error TS7026: JSX element implicitly has type 'any' because no interface 'JSX.IntrinsicElements' exists.
components/business/ActionDialog.tsx(52,234): error TS7026: JSX element implicitly has type 'any' because no interface 'JSX.IntrinsicElements' exists.
components/business/ActionDialog.tsx(52,276): error TS7026: JSX element implicitly has type 'any' because no interface 'JSX.IntrinsicElements' exists.
components/business/ActionDialog.tsx(52,314): error TS7006: Parameter 'e' implicitly has an 'any' type.
components/business/ActionDialog.tsx(52,413): error TS7026: JSX element implicitly has type 'any' because no interface 'JSX.IntrinsicElements' exists.
components/business/ActionDialog.tsx(52,449): error TS7026: JSX element implicitly has type 'any' because no interface 'JSX.IntrinsicElements' exists.
components/business/ActionDialog.tsx(52,460): error TS7026: JSX element implicitly has type 'any' because no interface 'JSX.IntrinsicElements' exists.
components/business/ActionDialog.tsx(52,469): error TS7026: JSX element implicitly has type 'any' because no interface 'JSX.IntrinsicElements' exists.
components/business/ActionDialog.tsx(53,371): error TS7026: JSX element implicitly has type 'any' because no interface 'JSX.IntrinsicElements' exists.
components/business/ActionDialog.tsx(53,411): error TS7026: JSX element implicitly has type 'any' because no interface 'JSX.IntrinsicElements' exists.
components/business/ActionDialog.tsx(53,472): error TS7006: Parameter 'e' implicitly has an 'any' type.
components/business/ActionDialog.tsx(53,625): error TS7026: JSX element implicitly has type 'any' because no interface 'JSX.IntrinsicElements' exists.
components/business/ActionDialog.tsx(54,219): error TS7026: JSX element implicitly has type 'any' because no interface 'JSX.IntrinsicElements' exists.
components/business/ActionDialog.tsx(54,274): error TS7026: JSX element implicitly has type 'any' because no interface 'JSX.IntrinsicElements' exists.
components/business/ActionDialog.tsx(54,318): error TS7006: Parameter 'e' implicitly has an 'any' type.
components/business/ActionDialog.tsx(54,389): error TS7026: JSX element implicitly has type 'any' because no interface 'JSX.IntrinsicElements' exists.
components/business/ActionDialog.tsx(54,484): error TS7026: JSX element implicitly has type 'any' because no interface 'JSX.IntrinsicElements' exists.
components/business/ActionDialog.tsx(54,492): error TS7026: JSX element implicitly has type 'any' because no interface 'JSX.IntrinsicElements' exists.
components/business/ActionDialog.tsx(58,2): error TS7026: JSX element implicitly has type 'any' because no interface 'JSX.IntrinsicElements' exists.
components/business/ActionDialog.tsx(58,57): error TS7026: JSX element implicitly has type 'any' because no interface 'JSX.IntrinsicElements' exists.
components/business/ActionDialog.tsx(58,97): error TS7006: Parameter 'e' implicitly has an 'any' type.
components/business/ActionDialog.tsx(58,259): error TS7026: JSX element implicitly has type 'any' because no interface 'JSX.IntrinsicElements' exists.
components/business/ActionDialog.tsx(60,2): error TS7026: JSX element implicitly has type 'any' because no interface 'JSX.IntrinsicElements' exists.
components/business/ActionDialog.tsx(61,85): error TS7026: JSX element implicitly has type 'any' because no interface 'JSX.IntrinsicElements' exists.
components/business/ActionDialog.tsx(61,120): error TS7026: JSX element implicitly has type 'any' because no interface 'JSX.IntrinsicElements' exists.
components/business/ActionDialog.tsx(61,181): error TS7006: Parameter 'e' implicitly has an 'any' type.
components/business/ActionDialog.tsx(61,526): error TS7026: JSX element implicitly has type 'any' because no interface 'JSX.IntrinsicElements' exists.
components/business/ActionDialog.tsx(62,2): error TS7026: JSX element implicitly has type 'any' because no interface 'JSX.IntrinsicElements' exists.
components/business/ActionDialog.tsx(62,34): error TS7026: JSX element implicitly has type 'any' because no interface 'JSX.IntrinsicElements' exists.
components/business/ActionDialog.tsx(62,116): error TS7026: JSX element implicitly has type 'any' because no interface 'JSX.IntrinsicElements' exists.
components/business/ActionDialog.tsx(62,125): error TS7026: JSX element implicitly has type 'any' because no interface 'JSX.IntrinsicElements' exists.
components/business/ActionDialog.tsx(62,351): error TS7026: JSX element implicitly has type 'any' because no interface 'JSX.IntrinsicElements' exists.
components/business/ActionDialog.tsx(62,360): error TS7026: JSX element implicitly has type 'any' because no interface 'JSX.IntrinsicElements' exists.
components/business/ActionDialog.tsx(63,2): error TS7026: JSX element implicitly has type 'any' because no interface 'JSX.IntrinsicElements' exists.
components/business/BusinessPortal.tsx(4,34): error TS2307: Cannot find module 'react' or its corresponding type declarations.
components/business/BusinessPortal.tsx(5,21): error TS2307: Cannot find module 'next/dynamic' or its corresponding type declarations.
components/business/BusinessPortal.tsx(6,25): error TS2307: Cannot find module 'next/navigation' or its corresponding type declarations.
components/business/BusinessPortal.tsx(33,29): error TS7026: JSX element implicitly has type 'any' because no interface 'JSX.IntrinsicElements' exists.
components/business/BusinessPortal.tsx(33,86): error TS7026: JSX element implicitly has type 'any' because no interface 'JSX.IntrinsicElements' exists.
components/business/BusinessPortal.tsx(35,9): error TS7026: JSX element implicitly has type 'any' because no interface 'JSX.IntrinsicElements' exists.
components/business/BusinessPortal.tsx(35,35): error TS7026: JSX element implicitly has type 'any' because no interface 'JSX.IntrinsicElements' exists.
components/business/BusinessPortal.tsx(35,186): error TS7026: JSX element implicitly has type 'any' because no interface 'JSX.IntrinsicElements' exists.
components/business/BusinessPortal.tsx(35,274): error TS7026: JSX element implicitly has type 'any' because no interface 'JSX.IntrinsicElements' exists.
components/business/BusinessPortal.tsx(35,406): error TS7026: JSX element implicitly has type 'any' because no interface 'JSX.IntrinsicElements' exists.
components/business/BusinessPortal.tsx(35,411): error TS7026: JSX element implicitly has type 'any' because no interface 'JSX.IntrinsicElements' exists.
components/business/BusinessPortal.tsx(35,432): error TS7026: JSX element implicitly has type 'any' because no interface 'JSX.IntrinsicElements' exists.
components/business/BusinessPortal.tsx(35,441): error TS7026: JSX element implicitly has type 'any' because no interface 'JSX.IntrinsicElements' exists.
components/business/BusinessPortal.tsx(35,494): error TS7026: JSX element implicitly has type 'any' because no interface 'JSX.IntrinsicElements' exists.
components/business/BusinessPortal.tsx(35,502): error TS7026: JSX element implicitly has type 'any' because no interface 'JSX.IntrinsicElements' exists.
components/business/BusinessPortal.tsx(35,508): error TS7026: JSX element implicitly has type 'any' because no interface 'JSX.IntrinsicElements' exists.
components/business/BusinessPortal.tsx(35,512): error TS7026: JSX element implicitly has type 'any' because no interface 'JSX.IntrinsicElements' exists.
components/business/BusinessPortal.tsx(35,547): error TS7026: JSX element implicitly has type 'any' because no interface 'JSX.IntrinsicElements' exists.
components/business/BusinessPortal.tsx(35,625): error TS7026: JSX element implicitly has type 'any' because no interface 'JSX.IntrinsicElements' exists.
components/business/BusinessPortal.tsx(35,646): error TS7026: JSX element implicitly has type 'any' because no interface 'JSX.IntrinsicElements' exists.
components/business/BusinessPortal.tsx(35,710): error TS7026: JSX element implicitly has type 'any' because no interface 'JSX.IntrinsicElements' exists.
components/business/BusinessPortal.tsx(35,725): error TS7026: JSX element implicitly has type 'any' because no interface 'JSX.IntrinsicElements' exists.
components/business/BusinessPortal.tsx(35,751): error TS7026: JSX element implicitly has type 'any' because no interface 'JSX.IntrinsicElements' exists.
components/business/BusinessPortal.tsx(35,997): error TS7026: JSX element implicitly has type 'any' because no interface 'JSX.IntrinsicElements' exists.
components/business/BusinessPortal.tsx(35,1008): error TS7026: JSX element implicitly has type 'any' because no interface 'JSX.IntrinsicElements' exists.
components/business/BusinessPortal.tsx(35,1016): error TS7026: JSX element implicitly has type 'any' because no interface 'JSX.IntrinsicElements' exists.
components/business/BusinessPortal.tsx(35,1045): error TS7026: JSX element implicitly has type 'any' because no interface 'JSX.IntrinsicElements' exists.
components/business/BusinessPortal.tsx(35,1094): error TS7026: JSX element implicitly has type 'any' because no interface 'JSX.IntrinsicElements' exists.
components/business/BusinessPortal.tsx(35,1101): error TS7026: JSX element implicitly has type 'any' because no interface 'JSX.IntrinsicElements' exists.
components/business/BusinessPortal.tsx(35,1106): error TS7026: JSX element implicitly has type 'any' because no interface 'JSX.IntrinsicElements' exists.
components/business/BusinessPortal.tsx(35,1120): error TS7026: JSX element implicitly has type 'any' because no interface 'JSX.IntrinsicElements' exists.
components/business/BusinessPortal.tsx(35,1124): error TS7026: JSX element implicitly has type 'any' because no interface 'JSX.IntrinsicElements' exists.
components/business/BusinessPortal.tsx(35,1143): error TS7026: JSX element implicitly has type 'any' because no interface 'JSX.IntrinsicElements' exists.
components/business/BusinessPortal.tsx(35,1151): error TS7026: JSX element implicitly has type 'any' because no interface 'JSX.IntrinsicElements' exists.
components/business/BusinessPortal.tsx(35,1157): error TS7026: JSX element implicitly has type 'any' because no interface 'JSX.IntrinsicElements' exists.
components/business/BusinessPortal.tsx(35,1262): error TS7026: JSX element implicitly has type 'any' because no interface 'JSX.IntrinsicElements' exists.
components/business/BusinessPortal.tsx(35,1271): error TS7026: JSX element implicitly has type 'any' because no interface 'JSX.IntrinsicElements' exists.
components/business/BusinessPortal.tsx(35,1277): error TS7026: JSX element implicitly has type 'any' because no interface 'JSX.IntrinsicElements' exists.
components/business/BusinessPortal.tsx(35,1285): error TS7026: JSX element implicitly has type 'any' because no interface 'JSX.IntrinsicElements' exists.
components/business/BusinessPortal.tsx(35,1311): error TS7026: JSX element implicitly has type 'any' because no interface 'JSX.IntrinsicElements' exists.
components/business/BusinessPortal.tsx(35,1341): error TS7026: JSX element implicitly has type 'any' because no interface 'JSX.IntrinsicElements' exists.
components/business/BusinessPortal.tsx(35,1372): error TS7026: JSX element implicitly has type 'any' because no interface 'JSX.IntrinsicElements' exists.
components/business/BusinessPortal.tsx(35,1503): error TS7006: Parameter 'v' implicitly has an 'any' type.
components/business/BusinessPortal.tsx(35,1530): error TS7026: JSX element implicitly has type 'any' because no interface 'JSX.IntrinsicElements' exists.
components/business/BusinessPortal.tsx(35,1539): error TS7026: JSX element implicitly has type 'any' because no interface 'JSX.IntrinsicElements' exists.
components/business/BusinessPortal.tsx(35,1596): error TS7026: JSX element implicitly has type 'any' because no interface 'JSX.IntrinsicElements' exists.
components/business/BusinessPortal.tsx(35,1603): error TS7026: JSX element implicitly has type 'any' because no interface 'JSX.IntrinsicElements' exists.
components/business/BusinessPortal.tsx(35,1610): error TS7026: JSX element implicitly has type 'any' because no interface 'JSX.IntrinsicElements' exists.
components/business/BusinessPortal.tsx(35,1617): error TS7026: JSX element implicitly has type 'any' because no interface 'JSX.IntrinsicElements' exists.
components/business/BusinessPortal.tsx(35,1637): error TS7026: JSX element implicitly has type 'any' because no interface 'JSX.IntrinsicElements' exists.
components/business/BusinessPortal.tsx(35,1646): error TS7026: JSX element implicitly has type 'any' because no interface 'JSX.IntrinsicElements' exists.
components/business/BusinessPortal.tsx(35,1652): error TS7026: JSX element implicitly has type 'any' because no interface 'JSX.IntrinsicElements' exists.
components/business/BusinessPortal.tsx(35,1683): error TS7026: JSX element implicitly has type 'any' because no interface 'JSX.IntrinsicElements' exists.
components/business/BusinessPortal.tsx(35,1742): error TS7026: JSX element implicitly has type 'any' because no interface 'JSX.IntrinsicElements' exists.
components/business/BusinessPortal.tsx(35,1749): error TS7026: JSX element implicitly has type 'any' because no interface 'JSX.IntrinsicElements' exists.
components/business/BusinessPortal.tsx(35,1886): error TS7026: JSX element implicitly has type 'any' because no interface 'JSX.IntrinsicElements' exists.
components/business/BusinessPortal.tsx(35,1890): error TS7026: JSX element implicitly has type 'any' because no interface 'JSX.IntrinsicElements' exists.
components/business/BusinessPortal.tsx(35,1896): error TS7026: JSX element implicitly has type 'any' because no interface 'JSX.IntrinsicElements' exists.
components/business/BusinessPortal.tsx(35,1905): error TS7026: JSX element implicitly has type 'any' because no interface 'JSX.IntrinsicElements' exists.
components/business/BusinessPortal.tsx(35,1935): error TS7026: JSX element implicitly has type 'any' because no interface 'JSX.IntrinsicElements' exists.
components/business/BusinessPortal.tsx(35,1964): error TS7026: JSX element implicitly has type 'any' because no interface 'JSX.IntrinsicElements' exists.
components/business/BusinessPortal.tsx(35,1969): error TS7026: JSX element implicitly has type 'any' because no interface 'JSX.IntrinsicElements' exists.
components/business/BusinessPortal.tsx(35,2061): error TS7026: JSX element implicitly has type 'any' because no interface 'JSX.IntrinsicElements' exists.
components/business/BusinessPortal.tsx(35,2067): error TS7026: JSX element implicitly has type 'any' because no interface 'JSX.IntrinsicElements' exists.
components/business/BusinessPortal.tsx(35,2083): error TS7026: JSX element implicitly has type 'any' because no interface 'JSX.IntrinsicElements' exists.
components/business/BusinessPortal.tsx(35,2088): error TS7026: JSX element implicitly has type 'any' because no interface 'JSX.IntrinsicElements' exists.
components/business/BusinessPortal.tsx(35,2109): error TS7026: JSX element implicitly has type 'any' because no interface 'JSX.IntrinsicElements' exists.
components/business/BusinessPortal.tsx(35,2113): error TS7026: JSX element implicitly has type 'any' because no interface 'JSX.IntrinsicElements' exists.
components/business/BusinessPortal.tsx(35,2119): error TS7026: JSX element implicitly has type 'any' because no interface 'JSX.IntrinsicElements' exists.
components/business/BusinessPortal.tsx(36,17): error TS2741: Property 'children' is missing in type '{ error: true; }' but required in type '{ children: React.ReactNode; error?: boolean | undefined; }'.
components/business/BusinessPortal.tsx(37,64): error TS7026: JSX element implicitly has type 'any' because no interface 'JSX.IntrinsicElements' exists.
components/business/BusinessPortal.tsx(37,177): error TS7026: JSX element implicitly has type 'any' because no interface 'JSX.IntrinsicElements' exists.
components/business/BusinessPortal.tsx(37,224): error TS7026: JSX element implicitly has type 'any' because no interface 'JSX.IntrinsicElements' exists.
components/business/BusinessPortal.tsx(37,361): error TS7026: JSX element implicitly has type 'any' because no interface 'JSX.IntrinsicElements' exists.
components/business/BusinessPortal.tsx(38,2): error TS7026: JSX element implicitly has type 'any' because no interface 'JSX.IntrinsicElements' exists.
components/business/BusinessPortal.tsx(38,32): error TS7026: JSX element implicitly has type 'any' because no interface 'JSX.IntrinsicElements' exists.
components/business/BusinessPortal.tsx(38,115): error TS7026: JSX element implicitly has type 'any' because no interface 'JSX.IntrinsicElements' exists.
components/business/BusinessPortal.tsx(38,122): error TS7026: JSX element implicitly has type 'any' because no interface 'JSX.IntrinsicElements' exists.
components/business/BusinessPortal.tsx(38,203): error TS7026: JSX element implicitly has type 'any' because no interface 'JSX.IntrinsicElements' exists.
components/business/BusinessPortal.tsx(38,210): error TS7026: JSX element implicitly has type 'any' because no interface 'JSX.IntrinsicElements' exists.
components/business/BusinessPortal.tsx(38,219): error TS7026: JSX element implicitly has type 'any' because no interface 'JSX.IntrinsicElements' exists.
components/business/BusinessPortal.tsx(38,225): error TS7026: JSX element implicitly has type 'any' because no interface 'JSX.IntrinsicElements' exists.
components/business/BusinessPortal.tsx(39,10): error TS7026: JSX element implicitly has type 'any' because no interface 'JSX.IntrinsicElements' exists.
components/business/BusinessPortal.tsx(39,80): error TS7026: JSX element implicitly has type 'any' because no interface 'JSX.IntrinsicElements' exists.
components/business/BusinessPortal.tsx(39,93): error TS7026: JSX element implicitly has type 'any' because no interface 'JSX.IntrinsicElements' exists.
components/business/BusinessPortal.tsx(39,100): error TS7026: JSX element implicitly has type 'any' because no interface 'JSX.IntrinsicElements' exists.
components/business/BusinessPortal.tsx(39,194): error TS7026: JSX element implicitly has type 'any' because no interface 'JSX.IntrinsicElements' exists.
components/business/BusinessPortal.tsx(39,203): error TS7026: JSX element implicitly has type 'any' because no interface 'JSX.IntrinsicElements' exists.
components/business/BusinessPortal.tsx(40,2): error TS7026: JSX element implicitly has type 'any' because no interface 'JSX.IntrinsicElements' exists.
components/business/BusinessPortal.tsx(42,353): error TS2741: Property 'children' is missing in type '{ error: true; }' but required in type '{ children: React.ReactNode; error?: boolean | undefined; }'.
components/business/BusinessPortal.tsx(42,402): error TS7026: JSX element implicitly has type 'any' because no interface 'JSX.IntrinsicElements' exists.
components/business/BusinessPortal.tsx(42,660): error TS2322: Type '{ key: string; title: string; value: any; note: string; icon: string; }' is not assignable to type '{ title: string; value: React.ReactNode; note: string; icon?: string | undefined; accent?: boolean | undefined; }'.
  Property 'key' does not exist on type '{ title: string; value: React.ReactNode; note: string; icon?: string | undefined; accent?: boolean | undefined; }'.
components/business/BusinessPortal.tsx(42,810): error TS7026: JSX element implicitly has type 'any' because no interface 'JSX.IntrinsicElements' exists.
components/business/BusinessPortal.tsx(42,817): error TS2741: Property 'children' is missing in type '{}' but required in type '{ children: React.ReactNode; error?: boolean | undefined; }'.
components/business/Certificates.tsx(2,34): error TS2307: Cannot find module 'react' or its corresponding type declarations.
components/business/Certificates.tsx(10,109): error TS7006: Parameter 'n' implicitly has an 'any' type.
components/business/Certificates.tsx(18,547): error TS7006: Parameter 'n' implicitly has an 'any' type.
components/business/Certificates.tsx(21,20): error TS2741: Property 'children' is missing in type '{}' but required in type '{ children: React.ReactNode; error?: boolean | undefined; }'.
components/business/Certificates.tsx(21,64): error TS2741: Property 'children' is missing in type '{ error: true; }' but required in type '{ children: React.ReactNode; error?: boolean | undefined; }'.
components/business/Certificates.tsx(21,94): error TS7026: JSX element implicitly has type 'any' because no interface 'JSX.IntrinsicElements' exists.
components/business/Certificates.tsx(21,120): error TS7026: JSX element implicitly has type 'any' because no interface 'JSX.IntrinsicElements' exists.
components/business/Certificates.tsx(21,170): error TS7026: JSX element implicitly has type 'any' because no interface 'JSX.IntrinsicElements' exists.
components/business/Certificates.tsx(21,214): error TS7026: JSX element implicitly has type 'any' because no interface 'JSX.IntrinsicElements' exists.
components/business/Certificates.tsx(21,276): error TS7006: Parameter 'e' implicitly has an 'any' type.
components/business/Certificates.tsx(21,350): error TS7026: JSX element implicitly has type 'any' because no interface 'JSX.IntrinsicElements' exists.
components/business/Certificates.tsx(21,358): error TS7026: JSX element implicitly has type 'any' because no interface 'JSX.IntrinsicElements' exists.
components/business/Certificates.tsx(21,371): error TS7026: JSX element implicitly has type 'any' because no interface 'JSX.IntrinsicElements' exists.
components/business/Certificates.tsx(21,425): error TS7006: Parameter 'e' implicitly has an 'any' type.
components/business/Certificates.tsx(21,469): error TS7026: JSX element implicitly has type 'any' because no interface 'JSX.IntrinsicElements' exists.
components/business/Certificates.tsx(21,516): error TS7026: JSX element implicitly has type 'any' because no interface 'JSX.IntrinsicElements' exists.
components/business/Certificates.tsx(21,525): error TS7026: JSX element implicitly has type 'any' because no interface 'JSX.IntrinsicElements' exists.
components/business/Certificates.tsx(21,576): error TS7026: JSX element implicitly has type 'any' because no interface 'JSX.IntrinsicElements' exists.
components/business/Certificates.tsx(21,585): error TS7026: JSX element implicitly has type 'any' because no interface 'JSX.IntrinsicElements' exists.
components/business/Certificates.tsx(21,614): error TS7026: JSX element implicitly has type 'any' because no interface 'JSX.IntrinsicElements' exists.
components/business/Certificates.tsx(21,623): error TS7026: JSX element implicitly has type 'any' because no interface 'JSX.IntrinsicElements' exists.
components/business/Certificates.tsx(21,654): error TS7026: JSX element implicitly has type 'any' because no interface 'JSX.IntrinsicElements' exists.
components/business/Certificates.tsx(21,663): error TS7026: JSX element implicitly has type 'any' because no interface 'JSX.IntrinsicElements' exists.
components/business/Certificates.tsx(21,692): error TS7026: JSX element implicitly has type 'any' because no interface 'JSX.IntrinsicElements' exists.
components/business/Certificates.tsx(21,701): error TS7026: JSX element implicitly has type 'any' because no interface 'JSX.IntrinsicElements' exists.
components/business/Certificates.tsx(21,710): error TS7026: JSX element implicitly has type 'any' because no interface 'JSX.IntrinsicElements' exists.
components/business/Certificates.tsx(21,718): error TS7026: JSX element implicitly has type 'any' because no interface 'JSX.IntrinsicElements' exists.
components/business/Certificates.tsx(21,773): error TS7006: Parameter 'n' implicitly has an 'any' type.
components/business/Certificates.tsx(21,789): error TS7026: JSX element implicitly has type 'any' because no interface 'JSX.IntrinsicElements' exists.
components/business/Certificates.tsx(21,798): error TS7026: JSX element implicitly has type 'any' because no interface 'JSX.IntrinsicElements' exists.
components/business/Certificates.tsx(21,818): error TS7026: JSX element implicitly has type 'any' because no interface 'JSX.IntrinsicElements' exists.
components/business/Certificates.tsx(21,873): error TS7006: Parameter 'n' implicitly has an 'any' type.
components/business/Certificates.tsx(21,887): error TS7026: JSX element implicitly has type 'any' because no interface 'JSX.IntrinsicElements' exists.
components/business/Certificates.tsx(21,927): error TS7026: JSX element implicitly has type 'any' because no interface 'JSX.IntrinsicElements' exists.
components/business/Certificates.tsx(21,957): error TS7026: JSX element implicitly has type 'any' because no interface 'JSX.IntrinsicElements' exists.
components/business/Certificates.tsx(21,985): error TS7026: JSX element implicitly has type 'any' because no interface 'JSX.IntrinsicElements' exists.
components/business/Certificates.tsx(21,992): error TS7026: JSX element implicitly has type 'any' because no interface 'JSX.IntrinsicElements' exists.
components/business/Certificates.tsx(21,996): error TS7026: JSX element implicitly has type 'any' because no interface 'JSX.IntrinsicElements' exists.
components/business/Certificates.tsx(21,1007): error TS7026: JSX element implicitly has type 'any' because no interface 'JSX.IntrinsicElements' exists.
components/business/Certificates.tsx(21,1012): error TS7026: JSX element implicitly has type 'any' because no interface 'JSX.IntrinsicElements' exists.
components/business/Certificates.tsx(21,1022): error TS7026: JSX element implicitly has type 'any' because no interface 'JSX.IntrinsicElements' exists.
components/business/Certificates.tsx(21,1027): error TS7026: JSX element implicitly has type 'any' because no interface 'JSX.IntrinsicElements' exists.
components/business/Certificates.tsx(21,1040): error TS7026: JSX element implicitly has type 'any' because no interface 'JSX.IntrinsicElements' exists.
components/business/Certificates.tsx(21,1045): error TS7026: JSX element implicitly has type 'any' because no interface 'JSX.IntrinsicElements' exists.
components/business/Certificates.tsx(21,1055): error TS7026: JSX element implicitly has type 'any' because no interface 'JSX.IntrinsicElements' exists.
components/business/Certificates.tsx(21,1060): error TS7026: JSX element implicitly has type 'any' because no interface 'JSX.IntrinsicElements' exists.
components/business/Certificates.tsx(21,1075): error TS7026: JSX element implicitly has type 'any' because no interface 'JSX.IntrinsicElements' exists.
components/business/Certificates.tsx(21,1080): error TS7026: JSX element implicitly has type 'any' because no interface 'JSX.IntrinsicElements' exists.
components/business/Certificates.tsx(21,1090): error TS7026: JSX element implicitly has type 'any' because no interface 'JSX.IntrinsicElements' exists.
components/business/Certificates.tsx(21,1095): error TS7026: JSX element implicitly has type 'any' because no interface 'JSX.IntrinsicElements' exists.
components/business/Certificates.tsx(21,1100): error TS7026: JSX element implicitly has type 'any' because no interface 'JSX.IntrinsicElements' exists.
components/business/Certificates.tsx(21,1108): error TS7026: JSX element implicitly has type 'any' because no interface 'JSX.IntrinsicElements' exists.
components/business/Certificates.tsx(21,1143): error TS7026: JSX element implicitly has type 'any' because no interface 'JSX.IntrinsicElements' exists.
components/business/Certificates.tsx(21,1162): error TS7026: JSX element implicitly has type 'any' because no interface 'JSX.IntrinsicElements' exists.
components/business/Certificates.tsx(21,1166): error TS7026: JSX element implicitly has type 'any' because no interface 'JSX.IntrinsicElements' exists.
components/business/Certificates.tsx(21,1204): error TS7026: JSX element implicitly has type 'any' because no interface 'JSX.IntrinsicElements' exists.
components/business/Certificates.tsx(21,1208): error TS7026: JSX element implicitly has type 'any' because no interface 'JSX.IntrinsicElements' exists.
components/business/Certificates.tsx(21,1263): error TS7026: JSX element implicitly has type 'any' because no interface 'JSX.IntrinsicElements' exists.
components/business/Certificates.tsx(21,1271): error TS7026: JSX element implicitly has type 'any' because no interface 'JSX.IntrinsicElements' exists.
components/business/Certificates.tsx(21,1276): error TS7026: JSX element implicitly has type 'any' because no interface 'JSX.IntrinsicElements' exists.
components/business/Certificates.tsx(21,1298): error TS7026: JSX element implicitly has type 'any' because no interface 'JSX.IntrinsicElements' exists.
components/business/Certificates.tsx(21,1336): error TS7026: JSX element implicitly has type 'any' because no interface 'JSX.IntrinsicElements' exists.
components/business/Certificates.tsx(21,1344): error TS7026: JSX element implicitly has type 'any' because no interface 'JSX.IntrinsicElements' exists.
components/business/Certificates.tsx(21,1349): error TS7026: JSX element implicitly has type 'any' because no interface 'JSX.IntrinsicElements' exists.
components/business/Certificates.tsx(21,1425): error TS7026: JSX element implicitly has type 'any' because no interface 'JSX.IntrinsicElements' exists.
components/business/Certificates.tsx(21,1430): error TS7026: JSX element implicitly has type 'any' because no interface 'JSX.IntrinsicElements' exists.
components/business/Certificates.tsx(21,1574): error TS7026: JSX element implicitly has type 'any' because no interface 'JSX.IntrinsicElements' exists.
components/business/Certificates.tsx(21,1579): error TS7026: JSX element implicitly has type 'any' because no interface 'JSX.IntrinsicElements' exists.
components/business/Certificates.tsx(21,1637): error TS7026: JSX element implicitly has type 'any' because no interface 'JSX.IntrinsicElements' exists.
components/business/Certificates.tsx(21,1671): error TS7026: JSX element implicitly has type 'any' because no interface 'JSX.IntrinsicElements' exists.
components/business/Certificates.tsx(21,1680): error TS7026: JSX element implicitly has type 'any' because no interface 'JSX.IntrinsicElements' exists.
components/business/Certificates.tsx(21,1685): error TS7026: JSX element implicitly has type 'any' because no interface 'JSX.IntrinsicElements' exists.
components/business/Certificates.tsx(21,1689): error TS7026: JSX element implicitly has type 'any' because no interface 'JSX.IntrinsicElements' exists.
components/business/Certificates.tsx(21,1728): error TS7026: JSX element implicitly has type 'any' because no interface 'JSX.IntrinsicElements' exists.
components/business/Certificates.tsx(21,1933): error TS7026: JSX element implicitly has type 'any' because no interface 'JSX.IntrinsicElements' exists.
components/business/Certificates.tsx(21,1967): error TS7026: JSX element implicitly has type 'any' because no interface 'JSX.IntrinsicElements' exists.
components/business/Certificates.tsx(21,2069): error TS7026: JSX element implicitly has type 'any' because no interface 'JSX.IntrinsicElements' exists.
components/business/Certificates.tsx(21,2079): error TS7026: JSX element implicitly has type 'any' because no interface 'JSX.IntrinsicElements' exists.
components/business/Certificates.tsx(21,2085): error TS7026: JSX element implicitly has type 'any' because no interface 'JSX.IntrinsicElements' exists.
components/business/Certificates.tsx(21,2090): error TS7026: JSX element implicitly has type 'any' because no interface 'JSX.IntrinsicElements' exists.
components/business/Certificates.tsx(21,2097): error TS7026: JSX element implicitly has type 'any' because no interface 'JSX.IntrinsicElements' exists.
components/business/Certificates.tsx(21,2105): error TS7026: JSX element implicitly has type 'any' because no interface 'JSX.IntrinsicElements' exists.
components/business/Certificates.tsx(21,2113): error TS7026: JSX element implicitly has type 'any' because no interface 'JSX.IntrinsicElements' exists.
components/business/Certificates.tsx(21,2334): error TS7026: JSX element implicitly has type 'any' because no interface 'JSX.IntrinsicElements' exists.
components/business/Certificates.tsx(21,2365): error TS7026: JSX element implicitly has type 'any' because no interface 'JSX.IntrinsicElements' exists.
components/business/Certificates.tsx(21,2406): error TS7026: JSX element implicitly has type 'any' because no interface 'JSX.IntrinsicElements' exists.
components/business/Certificates.tsx(21,2413): error TS7026: JSX element implicitly has type 'any' because no interface 'JSX.IntrinsicElements' exists.
components/business/Certificates.tsx(21,2441): error TS7026: JSX element implicitly has type 'any' because no interface 'JSX.IntrinsicElements' exists.
components/business/Certificates.tsx(21,2511): error TS7006: Parameter 'n' implicitly has an 'any' type.
components/business/Certificates.tsx(21,2528): error TS7026: JSX element implicitly has type 'any' because no interface 'JSX.IntrinsicElements' exists.
components/business/Certificates.tsx(21,2537): error TS7026: JSX element implicitly has type 'any' because no interface 'JSX.IntrinsicElements' exists.
components/business/Certificates.tsx(21,2554): error TS7026: JSX element implicitly has type 'any' because no interface 'JSX.IntrinsicElements' exists.
components/business/Certificates.tsx(21,2561): error TS7026: JSX element implicitly has type 'any' because no interface 'JSX.IntrinsicElements' exists.
components/business/Certificates.tsx(21,2661): error TS7006: Parameter 'n' implicitly has an 'any' type.
components/business/Certificates.tsx(21,2674): error TS7026: JSX element implicitly has type 'any' because no interface 'JSX.IntrinsicElements' exists.
components/business/Certificates.tsx(21,2683): error TS7026: JSX element implicitly has type 'any' because no interface 'JSX.IntrinsicElements' exists.
components/business/Certificates.tsx(21,2689): error TS7026: JSX element implicitly has type 'any' because no interface 'JSX.IntrinsicElements' exists.
components/business/Certificates.tsx(21,2695): error TS7026: JSX element implicitly has type 'any' because no interface 'JSX.IntrinsicElements' exists.
components/business/Certificates.tsx(21,2702): error TS2741: Property 'children' is missing in type '{}' but required in type '{ children: React.ReactNode; error?: boolean | undefined; }'.
components/business/Certificates.tsx(22,14): error TS2741: Property 'children' is missing in type '{ wide: true; title: string; subtitle: any; onClose: () => void; busy: any; }' but required in type '{ title: string; subtitle?: string | undefined; onClose: () => void; children: React.ReactNode; wide?: boolean | undefined; busy?: boolean | undefined; }'.
components/business/Certificates.tsx(23,2): error TS7026: JSX element implicitly has type 'any' because no interface 'JSX.IntrinsicElements' exists.
components/business/Certificates.tsx(23,5): error TS7026: JSX element implicitly has type 'any' because no interface 'JSX.IntrinsicElements' exists.
components/business/Certificates.tsx(23,35): error TS7026: JSX element implicitly has type 'any' because no interface 'JSX.IntrinsicElements' exists.
components/business/Certificates.tsx(23,39): error TS7026: JSX element implicitly has type 'any' because no interface 'JSX.IntrinsicElements' exists.
components/business/Certificates.tsx(23,247): error TS7026: JSX element implicitly has type 'any' because no interface 'JSX.IntrinsicElements' exists.
components/business/Certificates.tsx(24,2): error TS7026: JSX element implicitly has type 'any' because no interface 'JSX.IntrinsicElements' exists.
components/business/Certificates.tsx(24,55): error TS7026: JSX element implicitly has type 'any' because no interface 'JSX.IntrinsicElements' exists.
components/business/Certificates.tsx(24,143): error TS7006: Parameter 'e' implicitly has an 'any' type.
components/business/Certificates.tsx(24,311): error TS7026: JSX element implicitly has type 'any' because no interface 'JSX.IntrinsicElements' exists.
components/business/Certificates.tsx(24,410): error TS7026: JSX element implicitly has type 'any' because no interface 'JSX.IntrinsicElements' exists.
components/business/Certificates.tsx(24,421): error TS7026: JSX element implicitly has type 'any' because no interface 'JSX.IntrinsicElements' exists.
components/business/Certificates.tsx(24,430): error TS7026: JSX element implicitly has type 'any' because no interface 'JSX.IntrinsicElements' exists.
components/business/Certificates.tsx(25,30): error TS7026: JSX element implicitly has type 'any' because no interface 'JSX.IntrinsicElements' exists.
components/business/Certificates.tsx(25,69): error TS7026: JSX element implicitly has type 'any' because no interface 'JSX.IntrinsicElements' exists.
components/business/Certificates.tsx(25,128): error TS7026: JSX element implicitly has type 'any' because no interface 'JSX.IntrinsicElements' exists.
components/business/Certificates.tsx(25,244): error TS7006: Parameter 'e' implicitly has an 'any' type.
components/business/Certificates.tsx(25,282): error TS7026: JSX element implicitly has type 'any' because no interface 'JSX.IntrinsicElements' exists.
components/business/Certificates.tsx(25,290): error TS7026: JSX element implicitly has type 'any' because no interface 'JSX.IntrinsicElements' exists.
components/business/Certificates.tsx(25,424): error TS7026: JSX element implicitly has type 'any' because no interface 'JSX.IntrinsicElements' exists.
components/business/Certificates.tsx(25,433): error TS7026: JSX element implicitly has type 'any' because no interface 'JSX.IntrinsicElements' exists.
components/business/Certificates.tsx(26,32): error TS2741: Property 'children' is missing in type '{}' but required in type '{ children: React.ReactNode; error?: boolean | undefined; }'.
components/business/Certificates.tsx(27,30): error TS2741: Property 'children' is missing in type '{}' but required in type '{ children: React.ReactNode; error?: boolean | undefined; }'.
components/business/Certificates.tsx(28,11): error TS2741: Property 'children' is missing in type '{ error: true; }' but required in type '{ children: React.ReactNode; error?: boolean | undefined; }'.
components/business/Certificates.tsx(29,35): error TS2741: Property 'children' is missing in type '{ error: true; }' but required in type '{ children: React.ReactNode; error?: boolean | undefined; }'.
components/business/Certificates.tsx(30,49): error TS7026: JSX element implicitly has type 'any' because no interface 'JSX.IntrinsicElements' exists.
components/business/Certificates.tsx(30,98): error TS7026: JSX element implicitly has type 'any' because no interface 'JSX.IntrinsicElements' exists.
components/business/Certificates.tsx(30,117): error TS7026: JSX element implicitly has type 'any' because no interface 'JSX.IntrinsicElements' exists.
components/business/Certificates.tsx(30,132): error TS7026: JSX element implicitly has type 'any' because no interface 'JSX.IntrinsicElements' exists.
components/business/Certificates.tsx(31,2): error TS7026: JSX element implicitly has type 'any' because no interface 'JSX.IntrinsicElements' exists.
components/business/Certificates.tsx(31,88): error TS7026: JSX element implicitly has type 'any' because no interface 'JSX.IntrinsicElements' exists.
components/business/Certificates.tsx(31,144): error TS7026: JSX element implicitly has type 'any' because no interface 'JSX.IntrinsicElements' exists.
components/business/Certificates.tsx(31,186): error TS7026: JSX element implicitly has type 'any' because no interface 'JSX.IntrinsicElements' exists.
components/business/Certificates.tsx(31,382): error TS7026: JSX element implicitly has type 'any' because no interface 'JSX.IntrinsicElements' exists.
components/business/Certificates.tsx(31,430): error TS7026: JSX element implicitly has type 'any' because no interface 'JSX.IntrinsicElements' exists.
components/business/Certificates.tsx(31,486): error TS7026: JSX element implicitly has type 'any' because no interface 'JSX.IntrinsicElements' exists.
components/business/Certificates.tsx(31,495): error TS7026: JSX element implicitly has type 'any' because no interface 'JSX.IntrinsicElements' exists.
components/business/Certificates.tsx(31,515): error TS7026: JSX element implicitly has type 'any' because no interface 'JSX.IntrinsicElements' exists.
components/business/Certificates.tsx(31,519): error TS7026: JSX element implicitly has type 'any' because no interface 'JSX.IntrinsicElements' exists.
components/business/Certificates.tsx(31,687): error TS7026: JSX element implicitly has type 'any' because no interface 'JSX.IntrinsicElements' exists.
components/business/Certificates.tsx(31,695): error TS7026: JSX element implicitly has type 'any' because no interface 'JSX.IntrinsicElements' exists.
components/business/Certificates.tsx(31,725): error TS7026: JSX element implicitly has type 'any' because no interface 'JSX.IntrinsicElements' exists.
components/business/Certificates.tsx(31,768): error TS7026: JSX element implicitly has type 'any' because no interface 'JSX.IntrinsicElements' exists.
components/business/Certificates.tsx(31,806): error TS7026: JSX element implicitly has type 'any' because no interface 'JSX.IntrinsicElements' exists.
components/business/Certificates.tsx(31,851): error TS7026: JSX element implicitly has type 'any' because no interface 'JSX.IntrinsicElements' exists.
components/business/Certificates.tsx(31,872): error TS7026: JSX element implicitly has type 'any' because no interface 'JSX.IntrinsicElements' exists.
components/business/Certificates.tsx(31,877): error TS7026: JSX element implicitly has type 'any' because no interface 'JSX.IntrinsicElements' exists.
components/business/Certificates.tsx(31,929): error TS7026: JSX element implicitly has type 'any' because no interface 'JSX.IntrinsicElements' exists.
components/business/Certificates.tsx(31,964): error TS7026: JSX element implicitly has type 'any' because no interface 'JSX.IntrinsicElements' exists.
components/business/Certificates.tsx(31,1112): error TS7026: JSX element implicitly has type 'any' because no interface 'JSX.IntrinsicElements' exists.
components/business/Certificates.tsx(31,1117): error TS7026: JSX element implicitly has type 'any' because no interface 'JSX.IntrinsicElements' exists.
components/business/Certificates.tsx(31,1135): error TS7026: JSX element implicitly has type 'any' because no interface 'JSX.IntrinsicElements' exists.
components/business/Certificates.tsx(31,1216): error TS7026: JSX element implicitly has type 'any' because no interface 'JSX.IntrinsicElements' exists.
components/business/Certificates.tsx(31,1225): error TS7026: JSX element implicitly has type 'any' because no interface 'JSX.IntrinsicElements' exists.
components/business/Certificates.tsx(31,1271): error TS7026: JSX element implicitly has type 'any' because no interface 'JSX.IntrinsicElements' exists.
components/business/Certificates.tsx(31,1281): error TS7026: JSX element implicitly has type 'any' because no interface 'JSX.IntrinsicElements' exists.
components/business/Certificates.tsx(31,1367): error TS7026: JSX element implicitly has type 'any' because no interface 'JSX.IntrinsicElements' exists.
components/business/Certificates.tsx(31,1371): error TS7026: JSX element implicitly has type 'any' because no interface 'JSX.IntrinsicElements' exists.
components/business/Certificates.tsx(31,1382): error TS7026: JSX element implicitly has type 'any' because no interface 'JSX.IntrinsicElements' exists.
components/business/Certificates.tsx(31,1390): error TS7026: JSX element implicitly has type 'any' because no interface 'JSX.IntrinsicElements' exists.
components/business/Certificates.tsx(31,1402): error TS7026: JSX element implicitly has type 'any' because no interface 'JSX.IntrinsicElements' exists.
components/business/Certificates.tsx(32,16): error TS7026: JSX element implicitly has type 'any' because no interface 'JSX.IntrinsicElements' exists.
components/business/Certificates.tsx(32,82): error TS7026: JSX element implicitly has type 'any' because no interface 'JSX.IntrinsicElements' exists.
components/business/Certificates.tsx(32,133): error TS7006: Parameter 'e' implicitly has an 'any' type.
components/business/Certificates.tsx(32,187): error TS7026: JSX element implicitly has type 'any' because no interface 'JSX.IntrinsicElements' exists.
components/business/Certificates.tsx(32,195): error TS7026: JSX element implicitly has type 'any' because no interface 'JSX.IntrinsicElements' exists.
components/business/Certificates.tsx(32,261): error TS7026: JSX element implicitly has type 'any' because no interface 'JSX.IntrinsicElements' exists.
components/business/Certificates.tsx(32,313): error TS7006: Parameter 'e' implicitly has an 'any' type.
components/business/Certificates.tsx(32,368): error TS7026: JSX element implicitly has type 'any' because no interface 'JSX.IntrinsicElements' exists.
components/business/Certificates.tsx(32,376): error TS7026: JSX element implicitly has type 'any' because no interface 'JSX.IntrinsicElements' exists.
components/business/Certificates.tsx(32,412): error TS7026: JSX element implicitly has type 'any' because no interface 'JSX.IntrinsicElements' exists.
components/business/Certificates.tsx(32,464): error TS7006: Parameter 'e' implicitly has an 'any' type.
components/business/Certificates.tsx(32,558): error TS7026: JSX element implicitly has type 'any' because no interface 'JSX.IntrinsicElements' exists.
components/business/Certificates.tsx(33,62): error TS7026: JSX element implicitly has type 'any' because no interface 'JSX.IntrinsicElements' exists.
components/business/Certificates.tsx(33,174): error TS7026: JSX element implicitly has type 'any' because no interface 'JSX.IntrinsicElements' exists.
components/business/Certificates.tsx(33,230): error TS7006: Parameter 'e' implicitly has an 'any' type.
components/business/Certificates.tsx(33,377): error TS7026: JSX element implicitly has type 'any' because no interface 'JSX.IntrinsicElements' exists.
components/business/Certificates.tsx(33,385): error TS7026: JSX element implicitly has type 'any' because no interface 'JSX.IntrinsicElements' exists.
components/business/Certificates.tsx(33,446): error TS7026: JSX element implicitly has type 'any' because no interface 'JSX.IntrinsicElements' exists.
components/business/Certificates.tsx(33,549): error TS7006: Parameter 'e' implicitly has an 'any' type.
components/business/Certificates.tsx(33,582): error TS7026: JSX element implicitly has type 'any' because no interface 'JSX.IntrinsicElements' exists.
components/business/Certificates.tsx(34,2): error TS7026: JSX element implicitly has type 'any' because no interface 'JSX.IntrinsicElements' exists.
components/business/Certificates.tsx(34,41): error TS7026: JSX element implicitly has type 'any' because no interface 'JSX.IntrinsicElements' exists.
components/business/Certificates.tsx(34,124): error TS7026: JSX element implicitly has type 'any' because no interface 'JSX.IntrinsicElements' exists.
components/business/Certificates.tsx(34,147): error TS7026: JSX element implicitly has type 'any' because no interface 'JSX.IntrinsicElements' exists.
components/business/Certificates.tsx(34,264): error TS7026: JSX element implicitly has type 'any' because no interface 'JSX.IntrinsicElements' exists.
components/business/Certificates.tsx(34,273): error TS7026: JSX element implicitly has type 'any' because no interface 'JSX.IntrinsicElements' exists.
components/business/Certificates.tsx(34,444): error TS7026: JSX element implicitly has type 'any' because no interface 'JSX.IntrinsicElements' exists.
components/business/Certificates.tsx(34,500): error TS7026: JSX element implicitly has type 'any' because no interface 'JSX.IntrinsicElements' exists.
components/business/Certificates.tsx(34,595): error TS7026: JSX element implicitly has type 'any' because no interface 'JSX.IntrinsicElements' exists.
components/business/Certificates.tsx(34,605): error TS7026: JSX element implicitly has type 'any' because no interface 'JSX.IntrinsicElements' exists.
components/business/CustomerDialog.tsx(2,34): error TS2307: Cannot find module 'react' or its corresponding type declarations.
components/business/CustomerDialog.tsx(12,10): error TS2741: Property 'children' is missing in type '{ title: string; subtitle: string; onClose: () => void; wide: true; }' but required in type '{ title: string; subtitle?: string | undefined; onClose: () => void; children: React.ReactNode; wide?: boolean | undefined; busy?: boolean | undefined; }'.
components/business/CustomerDialog.tsx(13,10): error TS2741: Property 'children' is missing in type '{ error: true; }' but required in type '{ children: React.ReactNode; error?: boolean | undefined; }'.
components/business/CustomerDialog.tsx(14,2): error TS7026: JSX element implicitly has type 'any' because no interface 'JSX.IntrinsicElements' exists.
components/business/CustomerDialog.tsx(14,34): error TS7026: JSX element implicitly has type 'any' because no interface 'JSX.IntrinsicElements' exists.
components/business/CustomerDialog.tsx(14,71): error TS7026: JSX element implicitly has type 'any' because no interface 'JSX.IntrinsicElements' exists.
components/business/CustomerDialog.tsx(14,121): error TS7026: JSX element implicitly has type 'any' because no interface 'JSX.IntrinsicElements' exists.
components/business/CustomerDialog.tsx(14,128): error TS7026: JSX element implicitly has type 'any' because no interface 'JSX.IntrinsicElements' exists.
components/business/CustomerDialog.tsx(14,133): error TS7026: JSX element implicitly has type 'any' because no interface 'JSX.IntrinsicElements' exists.
components/business/CustomerDialog.tsx(14,149): error TS7026: JSX element implicitly has type 'any' because no interface 'JSX.IntrinsicElements' exists.
components/business/CustomerDialog.tsx(14,154): error TS7026: JSX element implicitly has type 'any' because no interface 'JSX.IntrinsicElements' exists.
components/business/CustomerDialog.tsx(14,170): error TS7026: JSX element implicitly has type 'any' because no interface 'JSX.IntrinsicElements' exists.
components/business/CustomerDialog.tsx(14,213): error TS7026: JSX element implicitly has type 'any' because no interface 'JSX.IntrinsicElements' exists.
components/business/CustomerDialog.tsx(14,219): error TS7026: JSX element implicitly has type 'any' because no interface 'JSX.IntrinsicElements' exists.
components/business/CustomerDialog.tsx(14,376): error TS7026: JSX element implicitly has type 'any' because no interface 'JSX.IntrinsicElements' exists.
components/business/CustomerDialog.tsx(15,2): error TS7026: JSX element implicitly has type 'any' because no interface 'JSX.IntrinsicElements' exists.
components/business/CustomerDialog.tsx(15,35): error TS7026: JSX element implicitly has type 'any' because no interface 'JSX.IntrinsicElements' exists.
components/business/CustomerDialog.tsx(15,40): error TS7026: JSX element implicitly has type 'any' because no interface 'JSX.IntrinsicElements' exists.
components/business/CustomerDialog.tsx(15,55): error TS7026: JSX element implicitly has type 'any' because no interface 'JSX.IntrinsicElements' exists.
components/business/CustomerDialog.tsx(15,62): error TS7026: JSX element implicitly has type 'any' because no interface 'JSX.IntrinsicElements' exists.
components/business/CustomerDialog.tsx(15,89): error TS7026: JSX element implicitly has type 'any' because no interface 'JSX.IntrinsicElements' exists.
components/business/CustomerDialog.tsx(15,93): error TS7026: JSX element implicitly has type 'any' because no interface 'JSX.IntrinsicElements' exists.
components/business/CustomerDialog.tsx(15,99): error TS7026: JSX element implicitly has type 'any' because no interface 'JSX.IntrinsicElements' exists.
components/business/CustomerDialog.tsx(15,104): error TS7026: JSX element implicitly has type 'any' because no interface 'JSX.IntrinsicElements' exists.
components/business/CustomerDialog.tsx(15,133): error TS7026: JSX element implicitly has type 'any' because no interface 'JSX.IntrinsicElements' exists.
components/business/CustomerDialog.tsx(15,140): error TS7026: JSX element implicitly has type 'any' because no interface 'JSX.IntrinsicElements' exists.
components/business/CustomerDialog.tsx(15,169): error TS7026: JSX element implicitly has type 'any' because no interface 'JSX.IntrinsicElements' exists.
components/business/CustomerDialog.tsx(15,173): error TS7026: JSX element implicitly has type 'any' because no interface 'JSX.IntrinsicElements' exists.
components/business/CustomerDialog.tsx(15,179): error TS7026: JSX element implicitly has type 'any' because no interface 'JSX.IntrinsicElements' exists.
components/business/CustomerDialog.tsx(15,184): error TS7026: JSX element implicitly has type 'any' because no interface 'JSX.IntrinsicElements' exists.
components/business/CustomerDialog.tsx(15,206): error TS7026: JSX element implicitly has type 'any' because no interface 'JSX.IntrinsicElements' exists.
components/business/CustomerDialog.tsx(15,213): error TS7026: JSX element implicitly has type 'any' because no interface 'JSX.IntrinsicElements' exists.
components/business/CustomerDialog.tsx(15,257): error TS7026: JSX element implicitly has type 'any' because no interface 'JSX.IntrinsicElements' exists.
components/business/CustomerDialog.tsx(15,261): error TS7026: JSX element implicitly has type 'any' because no interface 'JSX.IntrinsicElements' exists.
components/business/CustomerDialog.tsx(15,267): error TS7026: JSX element implicitly has type 'any' because no interface 'JSX.IntrinsicElements' exists.
components/business/CustomerDialog.tsx(15,272): error TS7026: JSX element implicitly has type 'any' because no interface 'JSX.IntrinsicElements' exists.
components/business/CustomerDialog.tsx(15,283): error TS7026: JSX element implicitly has type 'any' because no interface 'JSX.IntrinsicElements' exists.
components/business/CustomerDialog.tsx(15,290): error TS7026: JSX element implicitly has type 'any' because no interface 'JSX.IntrinsicElements' exists.
components/business/CustomerDialog.tsx(15,322): error TS7026: JSX element implicitly has type 'any' because no interface 'JSX.IntrinsicElements' exists.
components/business/CustomerDialog.tsx(15,326): error TS7026: JSX element implicitly has type 'any' because no interface 'JSX.IntrinsicElements' exists.
components/business/CustomerDialog.tsx(15,332): error TS7026: JSX element implicitly has type 'any' because no interface 'JSX.IntrinsicElements' exists.
components/business/CustomerDialog.tsx(15,337): error TS7026: JSX element implicitly has type 'any' because no interface 'JSX.IntrinsicElements' exists.
components/business/CustomerDialog.tsx(15,350): error TS7026: JSX element implicitly has type 'any' because no interface 'JSX.IntrinsicElements' exists.
components/business/CustomerDialog.tsx(15,357): error TS7026: JSX element implicitly has type 'any' because no interface 'JSX.IntrinsicElements' exists.
components/business/CustomerDialog.tsx(15,391): error TS7026: JSX element implicitly has type 'any' because no interface 'JSX.IntrinsicElements' exists.
components/business/CustomerDialog.tsx(15,395): error TS7026: JSX element implicitly has type 'any' because no interface 'JSX.IntrinsicElements' exists.
components/business/CustomerDialog.tsx(15,401): error TS7026: JSX element implicitly has type 'any' because no interface 'JSX.IntrinsicElements' exists.
components/business/CustomerDialog.tsx(15,406): error TS7026: JSX element implicitly has type 'any' because no interface 'JSX.IntrinsicElements' exists.
components/business/CustomerDialog.tsx(15,424): error TS7026: JSX element implicitly has type 'any' because no interface 'JSX.IntrinsicElements' exists.
components/business/CustomerDialog.tsx(15,431): error TS7026: JSX element implicitly has type 'any' because no interface 'JSX.IntrinsicElements' exists.
components/business/CustomerDialog.tsx(15,488): error TS7026: JSX element implicitly has type 'any' because no interface 'JSX.IntrinsicElements' exists.
components/business/CustomerDialog.tsx(15,492): error TS7026: JSX element implicitly has type 'any' because no interface 'JSX.IntrinsicElements' exists.
components/business/CustomerDialog.tsx(15,498): error TS7026: JSX element implicitly has type 'any' because no interface 'JSX.IntrinsicElements' exists.
components/business/CustomerDialog.tsx(16,27): error TS2741: Property 'children' is missing in type '{}' but required in type '{ children: React.ReactNode; error?: boolean | undefined; }'.
components/business/CustomerDialog.tsx(17,2): error TS7026: JSX element implicitly has type 'any' because no interface 'JSX.IntrinsicElements' exists.
components/business/CustomerDialog.tsx(17,78): error TS7026: JSX element implicitly has type 'any' because no interface 'JSX.IntrinsicElements' exists.
components/business/CustomerDialog.tsx(17,251): error TS7026: JSX element implicitly has type 'any' because no interface 'JSX.IntrinsicElements' exists.
components/business/CustomerDialog.tsx(17,262): error TS7026: JSX element implicitly has type 'any' because no interface 'JSX.IntrinsicElements' exists.
components/business/CustomerDialog.tsx(18,22): error TS7026: JSX element implicitly has type 'any' because no interface 'JSX.IntrinsicElements' exists.
components/business/CustomerDialog.tsx(18,48): error TS7026: JSX element implicitly has type 'any' because no interface 'JSX.IntrinsicElements' exists.
components/business/CustomerDialog.tsx(18,78): error TS7026: JSX element implicitly has type 'any' because no interface 'JSX.IntrinsicElements' exists.
components/business/CustomerDialog.tsx(18,83): error TS7026: JSX element implicitly has type 'any' because no interface 'JSX.IntrinsicElements' exists.
components/business/CustomerDialog.tsx(18,116): error TS7026: JSX element implicitly has type 'any' because no interface 'JSX.IntrinsicElements' exists.
components/business/CustomerDialog.tsx(18,121): error TS7026: JSX element implicitly has type 'any' because no interface 'JSX.IntrinsicElements' exists.
components/business/CustomerDialog.tsx(18,196): error TS7026: JSX element implicitly has type 'any' because no interface 'JSX.IntrinsicElements' exists.
components/business/CustomerDialog.tsx(18,200): error TS7026: JSX element implicitly has type 'any' because no interface 'JSX.IntrinsicElements' exists.
components/business/CustomerDialog.tsx(18,206): error TS7026: JSX element implicitly has type 'any' because no interface 'JSX.IntrinsicElements' exists.
components/business/CustomerDialog.tsx(18,232): error TS7026: JSX element implicitly has type 'any' because no interface 'JSX.IntrinsicElements' exists.
components/business/CustomerDialog.tsx(18,288): error TS7026: JSX element implicitly has type 'any' because no interface 'JSX.IntrinsicElements' exists.
components/business/CustomerDialog.tsx(18,331): error TS7026: JSX element implicitly has type 'any' because no interface 'JSX.IntrinsicElements' exists.
components/business/CustomerDialog.tsx(18,419): error TS7026: JSX element implicitly has type 'any' because no interface 'JSX.IntrinsicElements' exists.
components/business/CustomerDialog.tsx(18,426): error TS7026: JSX element implicitly has type 'any' because no interface 'JSX.IntrinsicElements' exists.
components/business/CustomerDialog.tsx(18,458): error TS7026: JSX element implicitly has type 'any' because no interface 'JSX.IntrinsicElements' exists.
components/business/CustomerDialog.tsx(18,462): error TS7026: JSX element implicitly has type 'any' because no interface 'JSX.IntrinsicElements' exists.
components/business/CustomerDialog.tsx(18,470): error TS7026: JSX element implicitly has type 'any' because no interface 'JSX.IntrinsicElements' exists.
components/business/CustomerDialog.tsx(18,591): error TS7026: JSX element implicitly has type 'any' because no interface 'JSX.IntrinsicElements' exists.
components/business/CustomerDialog.tsx(18,597): error TS7026: JSX element implicitly has type 'any' because no interface 'JSX.IntrinsicElements' exists.
components/business/CustomerDialog.tsx(18,623): error TS7026: JSX element implicitly has type 'any' because no interface 'JSX.IntrinsicElements' exists.
components/business/CustomerDialog.tsx(18,653): error TS7026: JSX element implicitly has type 'any' because no interface 'JSX.IntrinsicElements' exists.
components/business/CustomerDialog.tsx(18,658): error TS7026: JSX element implicitly has type 'any' because no interface 'JSX.IntrinsicElements' exists.
components/business/CustomerDialog.tsx(18,693): error TS7026: JSX element implicitly has type 'any' because no interface 'JSX.IntrinsicElements' exists.
components/business/CustomerDialog.tsx(18,698): error TS7026: JSX element implicitly has type 'any' because no interface 'JSX.IntrinsicElements' exists.
components/business/CustomerDialog.tsx(18,760): error TS7026: JSX element implicitly has type 'any' because no interface 'JSX.IntrinsicElements' exists.
components/business/CustomerDialog.tsx(18,764): error TS7026: JSX element implicitly has type 'any' because no interface 'JSX.IntrinsicElements' exists.
components/business/CustomerDialog.tsx(18,770): error TS7026: JSX element implicitly has type 'any' because no interface 'JSX.IntrinsicElements' exists.
components/business/CustomerDialog.tsx(18,915): error TS7026: JSX element implicitly has type 'any' because no interface 'JSX.IntrinsicElements' exists.
components/business/CustomerDialog.tsx(18,921): error TS7026: JSX element implicitly has type 'any' because no interface 'JSX.IntrinsicElements' exists.
components/business/CustomerDialog.tsx(18,951): error TS7026: JSX element implicitly has type 'any' because no interface 'JSX.IntrinsicElements' exists.
components/business/CustomerDialog.tsx(18,969): error TS7026: JSX element implicitly has type 'any' because no interface 'JSX.IntrinsicElements' exists.
components/business/CustomerDialog.tsx(18,974): error TS7026: JSX element implicitly has type 'any' because no interface 'JSX.IntrinsicElements' exists.
components/business/CustomerDialog.tsx(18,1058): error TS7026: JSX element implicitly has type 'any' because no interface 'JSX.IntrinsicElements' exists.
components/business/CustomerDialog.tsx(18,1090): error TS2741: Property 'children' is missing in type '{ error: true; }' but required in type '{ children: React.ReactNode; error?: boolean | undefined; }'.
components/business/CustomerDialog.tsx(18,1175): error TS7026: JSX element implicitly has type 'any' because no interface 'JSX.IntrinsicElements' exists.
components/business/CustomerDialog.tsx(18,1181): error TS7026: JSX element implicitly has type 'any' because no interface 'JSX.IntrinsicElements' exists.
components/business/CustomerDialog.tsx(18,1399): error TS7026: JSX element implicitly has type 'any' because no interface 'JSX.IntrinsicElements' exists.
components/business/Messages.tsx(2,34): error TS2307: Cannot find module 'react' or its corresponding type declarations.
components/business/Messages.tsx(5,192): error TS7006: Parameter 'n' implicitly has an 'any' type.
components/business/Messages.tsx(6,12): error TS2741: Property 'children' is missing in type '{}' but required in type '{ children: React.ReactNode; error?: boolean | undefined; }'.
components/business/Messages.tsx(6,181): error TS7026: JSX element implicitly has type 'any' because no interface 'JSX.IntrinsicElements' exists.
components/business/Messages.tsx(6,209): error TS7026: JSX element implicitly has type 'any' because no interface 'JSX.IntrinsicElements' exists.
components/business/Messages.tsx(6,243): error TS7026: JSX element implicitly has type 'any' because no interface 'JSX.IntrinsicElements' exists.
components/business/Messages.tsx(6,276): error TS7006: Parameter 'e' implicitly has an 'any' type.
components/business/Messages.tsx(6,320): error TS7026: JSX element implicitly has type 'any' because no interface 'JSX.IntrinsicElements' exists.
components/business/Messages.tsx(6,349): error TS7026: JSX element implicitly has type 'any' because no interface 'JSX.IntrinsicElements' exists.
components/business/Messages.tsx(6,395): error TS7026: JSX element implicitly has type 'any' because no interface 'JSX.IntrinsicElements' exists.
components/business/Messages.tsx(6,414): error TS7026: JSX element implicitly has type 'any' because no interface 'JSX.IntrinsicElements' exists.
components/business/Messages.tsx(6,425): error TS7026: JSX element implicitly has type 'any' because no interface 'JSX.IntrinsicElements' exists.
components/business/Messages.tsx(6,434): error TS7026: JSX element implicitly has type 'any' because no interface 'JSX.IntrinsicElements' exists.
components/business/Messages.tsx(6,442): error TS7026: JSX element implicitly has type 'any' because no interface 'JSX.IntrinsicElements' exists.
components/business/Messages.tsx(6,457): error TS2741: Property 'children' is missing in type '{ error: true; }' but required in type '{ children: React.ReactNode; error?: boolean | undefined; }'.
components/business/Messages.tsx(6,507): error TS7026: JSX element implicitly has type 'any' because no interface 'JSX.IntrinsicElements' exists.
components/business/Messages.tsx(6,537): error TS7026: JSX element implicitly has type 'any' because no interface 'JSX.IntrinsicElements' exists.
components/business/Messages.tsx(6,565): error TS7026: JSX element implicitly has type 'any' because no interface 'JSX.IntrinsicElements' exists.
components/business/Messages.tsx(6,572): error TS7026: JSX element implicitly has type 'any' because no interface 'JSX.IntrinsicElements' exists.
components/business/Messages.tsx(6,576): error TS7026: JSX element implicitly has type 'any' because no interface 'JSX.IntrinsicElements' exists.
components/business/Messages.tsx(6,586): error TS7026: JSX element implicitly has type 'any' because no interface 'JSX.IntrinsicElements' exists.
components/business/Messages.tsx(6,591): error TS7026: JSX element implicitly has type 'any' because no interface 'JSX.IntrinsicElements' exists.
components/business/Messages.tsx(6,602): error TS7026: JSX element implicitly has type 'any' because no interface 'JSX.IntrinsicElements' exists.
components/business/Messages.tsx(6,607): error TS7026: JSX element implicitly has type 'any' because no interface 'JSX.IntrinsicElements' exists.
components/business/Messages.tsx(6,619): error TS7026: JSX element implicitly has type 'any' because no interface 'JSX.IntrinsicElements' exists.
components/business/Messages.tsx(6,624): error TS7026: JSX element implicitly has type 'any' because no interface 'JSX.IntrinsicElements' exists.
components/business/Messages.tsx(6,635): error TS7026: JSX element implicitly has type 'any' because no interface 'JSX.IntrinsicElements' exists.
components/business/Messages.tsx(6,640): error TS7026: JSX element implicitly has type 'any' because no interface 'JSX.IntrinsicElements' exists.
components/business/Messages.tsx(6,645): error TS7026: JSX element implicitly has type 'any' because no interface 'JSX.IntrinsicElements' exists.
components/business/Messages.tsx(6,653): error TS7026: JSX element implicitly has type 'any' because no interface 'JSX.IntrinsicElements' exists.
components/business/Messages.tsx(6,685): error TS7026: JSX element implicitly has type 'any' because no interface 'JSX.IntrinsicElements' exists.
components/business/Messages.tsx(6,701): error TS7026: JSX element implicitly has type 'any' because no interface 'JSX.IntrinsicElements' exists.
components/business/Messages.tsx(6,705): error TS7026: JSX element implicitly has type 'any' because no interface 'JSX.IntrinsicElements' exists.
components/business/Messages.tsx(6,716): error TS7026: JSX element implicitly has type 'any' because no interface 'JSX.IntrinsicElements' exists.
components/business/Messages.tsx(6,720): error TS7026: JSX element implicitly has type 'any' because no interface 'JSX.IntrinsicElements' exists.
components/business/Messages.tsx(6,777): error TS7026: JSX element implicitly has type 'any' because no interface 'JSX.IntrinsicElements' exists.
components/business/Messages.tsx(6,781): error TS7026: JSX element implicitly has type 'any' because no interface 'JSX.IntrinsicElements' exists.
components/business/Messages.tsx(6,786): error TS7026: JSX element implicitly has type 'any' because no interface 'JSX.IntrinsicElements' exists.
components/business/Messages.tsx(6,859): error TS7026: JSX element implicitly has type 'any' because no interface 'JSX.IntrinsicElements' exists.
components/business/Messages.tsx(6,864): error TS7026: JSX element implicitly has type 'any' because no interface 'JSX.IntrinsicElements' exists.
components/business/Messages.tsx(6,888): error TS7026: JSX element implicitly has type 'any' because no interface 'JSX.IntrinsicElements' exists.
components/business/Messages.tsx(6,905): error TS7026: JSX element implicitly has type 'any' because no interface 'JSX.IntrinsicElements' exists.
components/business/Messages.tsx(6,913): error TS7026: JSX element implicitly has type 'any' because no interface 'JSX.IntrinsicElements' exists.
components/business/Messages.tsx(6,918): error TS7026: JSX element implicitly has type 'any' because no interface 'JSX.IntrinsicElements' exists.
components/business/Messages.tsx(6,922): error TS7026: JSX element implicitly has type 'any' because no interface 'JSX.IntrinsicElements' exists.
components/business/Messages.tsx(6,1112): error TS7026: JSX element implicitly has type 'any' because no interface 'JSX.IntrinsicElements' exists.
components/business/Messages.tsx(6,1121): error TS7026: JSX element implicitly has type 'any' because no interface 'JSX.IntrinsicElements' exists.
components/business/Messages.tsx(6,1126): error TS7026: JSX element implicitly has type 'any' because no interface 'JSX.IntrinsicElements' exists.
components/business/Messages.tsx(6,1154): error TS7026: JSX element implicitly has type 'any' because no interface 'JSX.IntrinsicElements' exists.
components/business/Messages.tsx(6,1158): error TS7026: JSX element implicitly has type 'any' because no interface 'JSX.IntrinsicElements' exists.
components/business/Messages.tsx(6,1199): error TS7026: JSX element implicitly has type 'any' because no interface 'JSX.IntrinsicElements' exists.
components/business/Messages.tsx(6,1204): error TS7026: JSX element implicitly has type 'any' because no interface 'JSX.IntrinsicElements' exists.
components/business/Messages.tsx(6,1210): error TS7026: JSX element implicitly has type 'any' because no interface 'JSX.IntrinsicElements' exists.
components/business/Messages.tsx(6,1218): error TS7026: JSX element implicitly has type 'any' because no interface 'JSX.IntrinsicElements' exists.
components/business/Messages.tsx(6,1226): error TS7026: JSX element implicitly has type 'any' because no interface 'JSX.IntrinsicElements' exists.
components/business/Messages.tsx(6,1232): error TS7026: JSX element implicitly has type 'any' because no interface 'JSX.IntrinsicElements' exists.
components/business/Messages.tsx(6,1264): error TS7026: JSX element implicitly has type 'any' because no interface 'JSX.IntrinsicElements' exists.
components/business/Messages.tsx(6,1334): error TS7006: Parameter 'n' implicitly has an 'any' type.
components/business/Messages.tsx(6,1351): error TS7026: JSX element implicitly has type 'any' because no interface 'JSX.IntrinsicElements' exists.
components/business/Messages.tsx(6,1360): error TS7026: JSX element implicitly has type 'any' because no interface 'JSX.IntrinsicElements' exists.
components/business/Messages.tsx(6,1401): error TS7026: JSX element implicitly has type 'any' because no interface 'JSX.IntrinsicElements' exists.
components/business/Messages.tsx(6,1408): error TS7026: JSX element implicitly has type 'any' because no interface 'JSX.IntrinsicElements' exists.
components/business/Messages.tsx(6,1501): error TS7006: Parameter 'n' implicitly has an 'any' type.
components/business/Messages.tsx(6,1514): error TS7026: JSX element implicitly has type 'any' because no interface 'JSX.IntrinsicElements' exists.
components/business/Messages.tsx(6,1523): error TS7026: JSX element implicitly has type 'any' because no interface 'JSX.IntrinsicElements' exists.
components/business/Overview.tsx(2,34): error TS2307: Cannot find module 'react' or its corresponding type declarations.
components/business/Overview.tsx(13,69): error TS7026: JSX element implicitly has type 'any' because no interface 'JSX.IntrinsicElements' exists.
components/business/Overview.tsx(13,99): error TS7026: JSX element implicitly has type 'any' because no interface 'JSX.IntrinsicElements' exists.
components/business/Overview.tsx(13,104): error TS7026: JSX element implicitly has type 'any' because no interface 'JSX.IntrinsicElements' exists.
components/business/Overview.tsx(13,115): error TS7026: JSX element implicitly has type 'any' because no interface 'JSX.IntrinsicElements' exists.
components/business/Overview.tsx(13,120): error TS7026: JSX element implicitly has type 'any' because no interface 'JSX.IntrinsicElements' exists.
components/business/Overview.tsx(13,136): error TS7026: JSX element implicitly has type 'any' because no interface 'JSX.IntrinsicElements' exists.
components/business/Overview.tsx(13,140): error TS7026: JSX element implicitly has type 'any' because no interface 'JSX.IntrinsicElements' exists.
components/business/Overview.tsx(13,156): error TS7026: JSX element implicitly has type 'any' because no interface 'JSX.IntrinsicElements' exists.
components/business/Overview.tsx(13,234): error TS7026: JSX element implicitly has type 'any' because no interface 'JSX.IntrinsicElements' exists.
components/business/Overview.tsx(13,244): error TS7026: JSX element implicitly has type 'any' because no interface 'JSX.IntrinsicElements' exists.
components/business/Overview.tsx(15,2): error TS7026: JSX element implicitly has type 'any' because no interface 'JSX.IntrinsicElements' exists.
components/business/Overview.tsx(15,30): error TS7026: JSX element implicitly has type 'any' because no interface 'JSX.IntrinsicElements' exists.
components/business/Overview.tsx(15,64): error TS7026: JSX element implicitly has type 'any' because no interface 'JSX.IntrinsicElements' exists.
components/business/Overview.tsx(15,81): error TS7026: JSX element implicitly has type 'any' because no interface 'JSX.IntrinsicElements' exists.
components/business/Overview.tsx(15,144): error TS7006: Parameter 'e' implicitly has an 'any' type.
components/business/Overview.tsx(15,175): error TS7006: Parameter 'v' implicitly has an 'any' type.
components/business/Overview.tsx(15,212): error TS7026: JSX element implicitly has type 'any' because no interface 'JSX.IntrinsicElements' exists.
components/business/Overview.tsx(15,220): error TS7026: JSX element implicitly has type 'any' because no interface 'JSX.IntrinsicElements' exists.
components/business/Overview.tsx(15,240): error TS7026: JSX element implicitly has type 'any' because no interface 'JSX.IntrinsicElements' exists.
components/business/Overview.tsx(15,303): error TS7006: Parameter 'e' implicitly has an 'any' type.
components/business/Overview.tsx(15,334): error TS7006: Parameter 'v' implicitly has an 'any' type.
components/business/Overview.tsx(15,369): error TS7026: JSX element implicitly has type 'any' because no interface 'JSX.IntrinsicElements' exists.
components/business/Overview.tsx(15,377): error TS7026: JSX element implicitly has type 'any' because no interface 'JSX.IntrinsicElements' exists.
components/business/Overview.tsx(15,402): error TS7026: JSX element implicitly has type 'any' because no interface 'JSX.IntrinsicElements' exists.
components/business/Overview.tsx(15,437): error TS7006: Parameter 'e' implicitly has an 'any' type.
components/business/Overview.tsx(15,515): error TS7026: JSX element implicitly has type 'any' because no interface 'JSX.IntrinsicElements' exists.
components/business/Overview.tsx(15,534): error TS7026: JSX element implicitly has type 'any' because no interface 'JSX.IntrinsicElements' exists.
components/business/Overview.tsx(15,545): error TS7026: JSX element implicitly has type 'any' because no interface 'JSX.IntrinsicElements' exists.
components/business/Overview.tsx(15,554): error TS7026: JSX element implicitly has type 'any' because no interface 'JSX.IntrinsicElements' exists.
components/business/Overview.tsx(15,562): error TS7026: JSX element implicitly has type 'any' because no interface 'JSX.IntrinsicElements' exists.
components/business/Overview.tsx(15,613): error TS7026: JSX element implicitly has type 'any' because no interface 'JSX.IntrinsicElements' exists.
components/business/Overview.tsx(15,751): error TS7026: JSX element implicitly has type 'any' because no interface 'JSX.IntrinsicElements' exists.
components/business/Overview.tsx(15,762): error TS7026: JSX element implicitly has type 'any' because no interface 'JSX.IntrinsicElements' exists.
components/business/Overview.tsx(15,768): error TS7026: JSX element implicitly has type 'any' because no interface 'JSX.IntrinsicElements' exists.
components/business/Overview.tsx(15,774): error TS7026: JSX element implicitly has type 'any' because no interface 'JSX.IntrinsicElements' exists.
components/business/Overview.tsx(15,802): error TS7026: JSX element implicitly has type 'any' because no interface 'JSX.IntrinsicElements' exists.
components/business/Overview.tsx(15,890): error TS7006: Parameter 'x' implicitly has an 'any' type.
components/business/Overview.tsx(15,921): error TS7026: JSX element implicitly has type 'any' because no interface 'JSX.IntrinsicElements' exists.
components/business/Overview.tsx(15,930): error TS7026: JSX element implicitly has type 'any' because no interface 'JSX.IntrinsicElements' exists.
components/business/Overview.tsx(15,1092): error TS7026: JSX element implicitly has type 'any' because no interface 'JSX.IntrinsicElements' exists.
components/business/Overview.tsx(15,1101): error TS7026: JSX element implicitly has type 'any' because no interface 'JSX.IntrinsicElements' exists.
components/business/Overview.tsx(15,1107): error TS7026: JSX element implicitly has type 'any' because no interface 'JSX.IntrinsicElements' exists.
components/business/Overview.tsx(16,11): error TS2741: Property 'children' is missing in type '{ error: true; }' but required in type '{ children: React.ReactNode; error?: boolean | undefined; }'.
components/business/Overview.tsx(18,2): error TS7026: JSX element implicitly has type 'any' because no interface 'JSX.IntrinsicElements' exists.
components/business/Overview.tsx(18,649): error TS7026: JSX element implicitly has type 'any' because no interface 'JSX.IntrinsicElements' exists.
components/business/Overview.tsx(19,2): error TS7026: JSX element implicitly has type 'any' because no interface 'JSX.IntrinsicElements' exists.
components/business/Overview.tsx(19,31): error TS7026: JSX element implicitly has type 'any' because no interface 'JSX.IntrinsicElements' exists.
components/business/Overview.tsx(19,59): error TS7026: JSX element implicitly has type 'any' because no interface 'JSX.IntrinsicElements' exists.
components/business/Overview.tsx(19,82): error TS7026: JSX element implicitly has type 'any' because no interface 'JSX.IntrinsicElements' exists.
components/business/Overview.tsx(19,86): error TS7026: JSX element implicitly has type 'any' because no interface 'JSX.IntrinsicElements' exists.
components/business/Overview.tsx(19,91): error TS7026: JSX element implicitly has type 'any' because no interface 'JSX.IntrinsicElements' exists.
components/business/Overview.tsx(19,106): error TS7026: JSX element implicitly has type 'any' because no interface 'JSX.IntrinsicElements' exists.
components/business/Overview.tsx(19,110): error TS7026: JSX element implicitly has type 'any' because no interface 'JSX.IntrinsicElements' exists.
components/business/Overview.tsx(19,167): error TS7026: JSX element implicitly has type 'any' because no interface 'JSX.IntrinsicElements' exists.
components/business/Overview.tsx(19,174): error TS7026: JSX element implicitly has type 'any' because no interface 'JSX.IntrinsicElements' exists.
components/business/Overview.tsx(19,180): error TS7026: JSX element implicitly has type 'any' because no interface 'JSX.IntrinsicElements' exists.
components/business/Overview.tsx(19,186): error TS7026: JSX element implicitly has type 'any' because no interface 'JSX.IntrinsicElements' exists.
components/business/Overview.tsx(19,214): error TS7026: JSX element implicitly has type 'any' because no interface 'JSX.IntrinsicElements' exists.
components/business/Overview.tsx(19,244): error TS7026: JSX element implicitly has type 'any' because no interface 'JSX.IntrinsicElements' exists.
components/business/Overview.tsx(19,248): error TS7026: JSX element implicitly has type 'any' because no interface 'JSX.IntrinsicElements' exists.
components/business/Overview.tsx(19,253): error TS7026: JSX element implicitly has type 'any' because no interface 'JSX.IntrinsicElements' exists.
components/business/Overview.tsx(19,273): error TS7026: JSX element implicitly has type 'any' because no interface 'JSX.IntrinsicElements' exists.
components/business/Overview.tsx(19,277): error TS7026: JSX element implicitly has type 'any' because no interface 'JSX.IntrinsicElements' exists.
components/business/Overview.tsx(19,331): error TS7026: JSX element implicitly has type 'any' because no interface 'JSX.IntrinsicElements' exists.
components/business/Overview.tsx(19,338): error TS7026: JSX element implicitly has type 'any' because no interface 'JSX.IntrinsicElements' exists.
components/business/Overview.tsx(19,344): error TS7026: JSX element implicitly has type 'any' because no interface 'JSX.IntrinsicElements' exists.
components/business/Overview.tsx(19,350): error TS7026: JSX element implicitly has type 'any' because no interface 'JSX.IntrinsicElements' exists.
components/business/Overview.tsx(19,378): error TS7026: JSX element implicitly has type 'any' because no interface 'JSX.IntrinsicElements' exists.
components/business/Overview.tsx(19,401): error TS7026: JSX element implicitly has type 'any' because no interface 'JSX.IntrinsicElements' exists.
components/business/Overview.tsx(19,405): error TS7026: JSX element implicitly has type 'any' because no interface 'JSX.IntrinsicElements' exists.
components/business/Overview.tsx(19,410): error TS7026: JSX element implicitly has type 'any' because no interface 'JSX.IntrinsicElements' exists.
components/business/Overview.tsx(19,430): error TS7026: JSX element implicitly has type 'any' because no interface 'JSX.IntrinsicElements' exists.
components/business/Overview.tsx(19,434): error TS7026: JSX element implicitly has type 'any' because no interface 'JSX.IntrinsicElements' exists.
components/business/Overview.tsx(19,485): error TS7026: JSX element implicitly has type 'any' because no interface 'JSX.IntrinsicElements' exists.
components/business/Overview.tsx(19,492): error TS7026: JSX element implicitly has type 'any' because no interface 'JSX.IntrinsicElements' exists.
components/business/Overview.tsx(19,498): error TS7026: JSX element implicitly has type 'any' because no interface 'JSX.IntrinsicElements' exists.
components/business/Overview.tsx(19,504): error TS7026: JSX element implicitly has type 'any' because no interface 'JSX.IntrinsicElements' exists.
components/business/Overview.tsx(19,532): error TS7026: JSX element implicitly has type 'any' because no interface 'JSX.IntrinsicElements' exists.
components/business/Overview.tsx(19,558): error TS7026: JSX element implicitly has type 'any' because no interface 'JSX.IntrinsicElements' exists.
components/business/Overview.tsx(19,562): error TS7026: JSX element implicitly has type 'any' because no interface 'JSX.IntrinsicElements' exists.
components/business/Overview.tsx(19,567): error TS7026: JSX element implicitly has type 'any' because no interface 'JSX.IntrinsicElements' exists.
components/business/Overview.tsx(19,584): error TS7026: JSX element implicitly has type 'any' because no interface 'JSX.IntrinsicElements' exists.
components/business/Overview.tsx(19,588): error TS7026: JSX element implicitly has type 'any' because no interface 'JSX.IntrinsicElements' exists.
components/business/Overview.tsx(19,639): error TS7026: JSX element implicitly has type 'any' because no interface 'JSX.IntrinsicElements' exists.
components/business/Overview.tsx(19,646): error TS7026: JSX element implicitly has type 'any' because no interface 'JSX.IntrinsicElements' exists.
components/business/Overview.tsx(19,652): error TS7026: JSX element implicitly has type 'any' because no interface 'JSX.IntrinsicElements' exists.
components/business/Overview.tsx(19,658): error TS7026: JSX element implicitly has type 'any' because no interface 'JSX.IntrinsicElements' exists.
components/business/Overview.tsx(20,37): error TS2741: Property 'children' is missing in type '{ error: true; }' but required in type '{ children: React.ReactNode; error?: boolean | undefined; }'.
components/business/Overview.tsx(21,21): error TS2741: Property 'children' is missing in type '{}' but required in type '{ children: React.ReactNode; error?: boolean | undefined; }'.
components/business/Overview.tsx(22,2): error TS7026: JSX element implicitly has type 'any' because no interface 'JSX.IntrinsicElements' exists.
components/business/Overview.tsx(22,27): error TS7026: JSX element implicitly has type 'any' because no interface 'JSX.IntrinsicElements' exists.
components/business/Overview.tsx(22,198): error TS7026: JSX element implicitly has type 'any' because no interface 'JSX.IntrinsicElements' exists.
components/business/Overview.tsx(22,228): error TS7026: JSX element implicitly has type 'any' because no interface 'JSX.IntrinsicElements' exists.
components/business/Overview.tsx(22,367): error TS7026: JSX element implicitly has type 'any' because no interface 'JSX.IntrinsicElements' exists.
components/business/Overview.tsx(22,374): error TS7026: JSX element implicitly has type 'any' because no interface 'JSX.IntrinsicElements' exists.
components/business/Overview.tsx(22,380): error TS7026: JSX element implicitly has type 'any' because no interface 'JSX.IntrinsicElements' exists.
components/business/Overview.tsx(22,390): error TS7026: JSX element implicitly has type 'any' because no interface 'JSX.IntrinsicElements' exists.
components/business/Overview.tsx(22,514): error TS7026: JSX element implicitly has type 'any' because no interface 'JSX.IntrinsicElements' exists.
components/business/Overview.tsx(22,544): error TS7026: JSX element implicitly has type 'any' because no interface 'JSX.IntrinsicElements' exists.
components/business/Overview.tsx(22,574): error TS7026: JSX element implicitly has type 'any' because no interface 'JSX.IntrinsicElements' exists.
components/business/Overview.tsx(22,599): error TS7026: JSX element implicitly has type 'any' because no interface 'JSX.IntrinsicElements' exists.
components/business/Overview.tsx(22,603): error TS7026: JSX element implicitly has type 'any' because no interface 'JSX.IntrinsicElements' exists.
components/business/Overview.tsx(22,608): error TS7026: JSX element implicitly has type 'any' because no interface 'JSX.IntrinsicElements' exists.
components/business/Overview.tsx(22,651): error TS7026: JSX element implicitly has type 'any' because no interface 'JSX.IntrinsicElements' exists.
components/business/Overview.tsx(22,655): error TS7026: JSX element implicitly has type 'any' because no interface 'JSX.IntrinsicElements' exists.
components/business/Overview.tsx(22,719): error TS7026: JSX element implicitly has type 'any' because no interface 'JSX.IntrinsicElements' exists.
components/business/Overview.tsx(22,727): error TS7026: JSX element implicitly has type 'any' because no interface 'JSX.IntrinsicElements' exists.
components/business/Overview.tsx(22,815): error TS7026: JSX element implicitly has type 'any' because no interface 'JSX.IntrinsicElements' exists.
components/business/Overview.tsx(22,824): error TS7026: JSX element implicitly has type 'any' because no interface 'JSX.IntrinsicElements' exists.
components/business/Overview.tsx(22,830): error TS7026: JSX element implicitly has type 'any' because no interface 'JSX.IntrinsicElements' exists.
components/business/Overview.tsx(22,836): error TS7026: JSX element implicitly has type 'any' because no interface 'JSX.IntrinsicElements' exists.
components/business/Overview.tsx(22,866): error TS7026: JSX element implicitly has type 'any' because no interface 'JSX.IntrinsicElements' exists.
components/business/Overview.tsx(22,889): error TS7026: JSX element implicitly has type 'any' because no interface 'JSX.IntrinsicElements' exists.
components/business/Overview.tsx(22,893): error TS7026: JSX element implicitly has type 'any' because no interface 'JSX.IntrinsicElements' exists.
components/business/Overview.tsx(22,898): error TS7026: JSX element implicitly has type 'any' because no interface 'JSX.IntrinsicElements' exists.
components/business/Overview.tsx(22,939): error TS7026: JSX element implicitly has type 'any' because no interface 'JSX.IntrinsicElements' exists.
components/business/Overview.tsx(22,943): error TS7026: JSX element implicitly has type 'any' because no interface 'JSX.IntrinsicElements' exists.
components/business/Overview.tsx(22,1034): error TS7026: JSX element implicitly has type 'any' because no interface 'JSX.IntrinsicElements' exists.
components/business/Overview.tsx(22,1042): error TS7026: JSX element implicitly has type 'any' because no interface 'JSX.IntrinsicElements' exists.
components/business/Overview.tsx(22,1138): error TS7026: JSX element implicitly has type 'any' because no interface 'JSX.IntrinsicElements' exists.
components/business/Overview.tsx(22,1147): error TS7026: JSX element implicitly has type 'any' because no interface 'JSX.IntrinsicElements' exists.
components/business/Overview.tsx(22,1153): error TS7026: JSX element implicitly has type 'any' because no interface 'JSX.IntrinsicElements' exists.
components/business/Overview.tsx(22,1159): error TS7026: JSX element implicitly has type 'any' because no interface 'JSX.IntrinsicElements' exists.
components/business/Overview.tsx(22,1189): error TS7026: JSX element implicitly has type 'any' because no interface 'JSX.IntrinsicElements' exists.
components/business/Overview.tsx(22,1213): error TS7026: JSX element implicitly has type 'any' because no interface 'JSX.IntrinsicElements' exists.
components/business/Overview.tsx(22,1217): error TS7026: JSX element implicitly has type 'any' because no interface 'JSX.IntrinsicElements' exists.
components/business/Overview.tsx(22,1222): error TS7026: JSX element implicitly has type 'any' because no interface 'JSX.IntrinsicElements' exists.
components/business/Overview.tsx(22,1270): error TS7026: JSX element implicitly has type 'any' because no interface 'JSX.IntrinsicElements' exists.
components/business/Overview.tsx(22,1274): error TS7026: JSX element implicitly has type 'any' because no interface 'JSX.IntrinsicElements' exists.
components/business/Overview.tsx(22,1365): error TS7026: JSX element implicitly has type 'any' because no interface 'JSX.IntrinsicElements' exists.
components/business/Overview.tsx(22,1373): error TS7026: JSX element implicitly has type 'any' because no interface 'JSX.IntrinsicElements' exists.
components/business/Overview.tsx(22,1470): error TS7026: JSX element implicitly has type 'any' because no interface 'JSX.IntrinsicElements' exists.
components/business/Overview.tsx(22,1479): error TS7026: JSX element implicitly has type 'any' because no interface 'JSX.IntrinsicElements' exists.
components/business/Overview.tsx(22,1485): error TS7026: JSX element implicitly has type 'any' because no interface 'JSX.IntrinsicElements' exists.
components/business/Overview.tsx(22,1491): error TS7026: JSX element implicitly has type 'any' because no interface 'JSX.IntrinsicElements' exists.
components/business/Overview.tsx(22,1497): error TS7026: JSX element implicitly has type 'any' because no interface 'JSX.IntrinsicElements' exists.
components/business/Overview.tsx(22,1507): error TS7026: JSX element implicitly has type 'any' because no interface 'JSX.IntrinsicElements' exists.
components/business/Overview.tsx(24,2): error TS7026: JSX element implicitly has type 'any' because no interface 'JSX.IntrinsicElements' exists.
components/business/Overview.tsx(24,40): error TS7026: JSX element implicitly has type 'any' because no interface 'JSX.IntrinsicElements' exists.
components/business/Overview.tsx(24,166): error TS7026: JSX element implicitly has type 'any' because no interface 'JSX.IntrinsicElements' exists.
components/business/Overview.tsx(24,245): error TS7026: JSX element implicitly has type 'any' because no interface 'JSX.IntrinsicElements' exists.
components/business/Overview.tsx(24,285): error TS7026: JSX element implicitly has type 'any' because no interface 'JSX.IntrinsicElements' exists.
components/business/Overview.tsx(24,316): error TS7026: JSX element implicitly has type 'any' because no interface 'JSX.IntrinsicElements' exists.
components/business/Overview.tsx(24,331): error TS7026: JSX element implicitly has type 'any' because no interface 'JSX.IntrinsicElements' exists.
components/business/Overview.tsx(24,385): error TS7026: JSX element implicitly has type 'any' because no interface 'JSX.IntrinsicElements' exists.
components/business/Overview.tsx(24,393): error TS7026: JSX element implicitly has type 'any' because no interface 'JSX.IntrinsicElements' exists.
components/business/Overview.tsx(24,400): error TS7026: JSX element implicitly has type 'any' because no interface 'JSX.IntrinsicElements' exists.
components/business/Overview.tsx(24,433): error TS7026: JSX element implicitly has type 'any' because no interface 'JSX.IntrinsicElements' exists.
components/business/Overview.tsx(24,437): error TS7026: JSX element implicitly has type 'any' because no interface 'JSX.IntrinsicElements' exists.
components/business/Overview.tsx(24,443): error TS7026: JSX element implicitly has type 'any' because no interface 'JSX.IntrinsicElements' exists.
components/business/Overview.tsx(24,467): error TS7026: JSX element implicitly has type 'any' because no interface 'JSX.IntrinsicElements' exists.
components/business/Overview.tsx(24,559): error TS7026: JSX element implicitly has type 'any' because no interface 'JSX.IntrinsicElements' exists.
components/business/Overview.tsx(24,565): error TS7026: JSX element implicitly has type 'any' because no interface 'JSX.IntrinsicElements' exists.
components/business/Overview.tsx(24,628): error TS7026: JSX element implicitly has type 'any' because no interface 'JSX.IntrinsicElements' exists.
components/business/Overview.tsx(24,634): error TS7026: JSX element implicitly has type 'any' because no interface 'JSX.IntrinsicElements' exists.
components/business/Overview.tsx(24,644): error TS7026: JSX element implicitly has type 'any' because no interface 'JSX.IntrinsicElements' exists.
components/business/Overview.tsx(24,759): error TS7026: JSX element implicitly has type 'any' because no interface 'JSX.IntrinsicElements' exists.
components/business/Overview.tsx(24,789): error TS7026: JSX element implicitly has type 'any' because no interface 'JSX.IntrinsicElements' exists.
components/business/Overview.tsx(24,820): error TS7026: JSX element implicitly has type 'any' because no interface 'JSX.IntrinsicElements' exists.
components/business/Overview.tsx(24,843): error TS7026: JSX element implicitly has type 'any' because no interface 'JSX.IntrinsicElements' exists.
components/business/Overview.tsx(24,850): error TS7026: JSX element implicitly has type 'any' because no interface 'JSX.IntrinsicElements' exists.
components/business/Overview.tsx(24,891): error TS7026: JSX element implicitly has type 'any' because no interface 'JSX.IntrinsicElements' exists.
components/business/Overview.tsx(24,895): error TS7026: JSX element implicitly has type 'any' because no interface 'JSX.IntrinsicElements' exists.
components/business/Overview.tsx(24,901): error TS7026: JSX element implicitly has type 'any' because no interface 'JSX.IntrinsicElements' exists.
components/business/Overview.tsx(24,932): error TS7026: JSX element implicitly has type 'any' because no interface 'JSX.IntrinsicElements' exists.
components/business/Overview.tsx(24,953): error TS7026: JSX element implicitly has type 'any' because no interface 'JSX.IntrinsicElements' exists.
components/business/Overview.tsx(24,960): error TS7026: JSX element implicitly has type 'any' because no interface 'JSX.IntrinsicElements' exists.
components/business/Overview.tsx(24,991): error TS7026: JSX element implicitly has type 'any' because no interface 'JSX.IntrinsicElements' exists.
components/business/Overview.tsx(24,995): error TS7026: JSX element implicitly has type 'any' because no interface 'JSX.IntrinsicElements' exists.
components/business/Overview.tsx(24,1001): error TS7026: JSX element implicitly has type 'any' because no interface 'JSX.IntrinsicElements' exists.
components/business/Overview.tsx(24,1032): error TS7026: JSX element implicitly has type 'any' because no interface 'JSX.IntrinsicElements' exists.
components/business/Overview.tsx(24,1057): error TS7026: JSX element implicitly has type 'any' because no interface 'JSX.IntrinsicElements' exists.
components/business/Overview.tsx(24,1064): error TS7026: JSX element implicitly has type 'any' because no interface 'JSX.IntrinsicElements' exists.
components/business/Overview.tsx(24,1119): error TS7026: JSX element implicitly has type 'any' because no interface 'JSX.IntrinsicElements' exists.
components/business/Overview.tsx(24,1123): error TS7026: JSX element implicitly has type 'any' because no interface 'JSX.IntrinsicElements' exists.
components/business/Overview.tsx(24,1129): error TS7026: JSX element implicitly has type 'any' because no interface 'JSX.IntrinsicElements' exists.
components/business/Overview.tsx(24,1160): error TS7026: JSX element implicitly has type 'any' because no interface 'JSX.IntrinsicElements' exists.
components/business/Overview.tsx(24,1194): error TS7026: JSX element implicitly has type 'any' because no interface 'JSX.IntrinsicElements' exists.
components/business/Overview.tsx(24,1201): error TS7026: JSX element implicitly has type 'any' because no interface 'JSX.IntrinsicElements' exists.
components/business/Overview.tsx(24,1250): error TS7026: JSX element implicitly has type 'any' because no interface 'JSX.IntrinsicElements' exists.
components/business/Overview.tsx(24,1254): error TS7026: JSX element implicitly has type 'any' because no interface 'JSX.IntrinsicElements' exists.
components/business/Overview.tsx(24,1260): error TS7026: JSX element implicitly has type 'any' because no interface 'JSX.IntrinsicElements' exists.
components/business/Overview.tsx(24,1291): error TS7026: JSX element implicitly has type 'any' because no interface 'JSX.IntrinsicElements' exists.
components/business/Overview.tsx(24,1323): error TS7026: JSX element implicitly has type 'any' because no interface 'JSX.IntrinsicElements' exists.
components/business/Overview.tsx(24,1330): error TS7026: JSX element implicitly has type 'any' because no interface 'JSX.IntrinsicElements' exists.
components/business/Overview.tsx(24,1374): error TS7026: JSX element implicitly has type 'any' because no interface 'JSX.IntrinsicElements' exists.
components/business/Overview.tsx(24,1378): error TS7026: JSX element implicitly has type 'any' because no interface 'JSX.IntrinsicElements' exists.
components/business/Overview.tsx(24,1384): error TS7026: JSX element implicitly has type 'any' because no interface 'JSX.IntrinsicElements' exists.
components/business/Overview.tsx(24,1681): error TS7026: JSX element implicitly has type 'any' because no interface 'JSX.IntrinsicElements' exists.
components/business/Overview.tsx(24,1685): error TS7026: JSX element implicitly has type 'any' because no interface 'JSX.IntrinsicElements' exists.
components/business/Overview.tsx(24,1691): error TS7026: JSX element implicitly has type 'any' because no interface 'JSX.IntrinsicElements' exists.
components/business/Overview.tsx(24,1701): error TS7026: JSX element implicitly has type 'any' because no interface 'JSX.IntrinsicElements' exists.
components/business/Overview.tsx(25,2): error TS7026: JSX element implicitly has type 'any' because no interface 'JSX.IntrinsicElements' exists.
components/business/Overview.tsx(25,117): error TS7026: JSX element implicitly has type 'any' because no interface 'JSX.IntrinsicElements' exists.
components/business/Overview.tsx(25,147): error TS7026: JSX element implicitly has type 'any' because no interface 'JSX.IntrinsicElements' exists.
components/business/Overview.tsx(25,175): error TS7026: JSX element implicitly has type 'any' because no interface 'JSX.IntrinsicElements' exists.
components/business/Overview.tsx(25,182): error TS7026: JSX element implicitly has type 'any' because no interface 'JSX.IntrinsicElements' exists.
components/business/Overview.tsx(25,186): error TS7026: JSX element implicitly has type 'any' because no interface 'JSX.IntrinsicElements' exists.
components/business/Overview.tsx(25,198): error TS7026: JSX element implicitly has type 'any' because no interface 'JSX.IntrinsicElements' exists.
components/business/Overview.tsx(25,203): error TS7026: JSX element implicitly has type 'any' because no interface 'JSX.IntrinsicElements' exists.
components/business/Overview.tsx(25,224): error TS7026: JSX element implicitly has type 'any' because no interface 'JSX.IntrinsicElements' exists.
components/business/Overview.tsx(25,229): error TS7026: JSX element implicitly has type 'any' because no interface 'JSX.IntrinsicElements' exists.
components/business/Overview.tsx(25,249): error TS7026: JSX element implicitly has type 'any' because no interface 'JSX.IntrinsicElements' exists.
components/business/Overview.tsx(25,254): error TS7026: JSX element implicitly has type 'any' because no interface 'JSX.IntrinsicElements' exists.
components/business/Overview.tsx(25,273): error TS7026: JSX element implicitly has type 'any' because no interface 'JSX.IntrinsicElements' exists.
components/business/Overview.tsx(25,278): error TS7026: JSX element implicitly has type 'any' because no interface 'JSX.IntrinsicElements' exists.
components/business/Overview.tsx(25,290): error TS7026: JSX element implicitly has type 'any' because no interface 'JSX.IntrinsicElements' exists.
components/business/Overview.tsx(25,295): error TS7026: JSX element implicitly has type 'any' because no interface 'JSX.IntrinsicElements' exists.
components/business/Overview.tsx(25,300): error TS7026: JSX element implicitly has type 'any' because no interface 'JSX.IntrinsicElements' exists.
components/business/Overview.tsx(25,308): error TS7026: JSX element implicitly has type 'any' because no interface 'JSX.IntrinsicElements' exists.
components/business/Overview.tsx(25,372): error TS7026: JSX element implicitly has type 'any' because no interface 'JSX.IntrinsicElements' exists.
components/business/Overview.tsx(25,389): error TS7026: JSX element implicitly has type 'any' because no interface 'JSX.IntrinsicElements' exists.
components/business/Overview.tsx(25,406): error TS7026: JSX element implicitly has type 'any' because no interface 'JSX.IntrinsicElements' exists.
components/business/Overview.tsx(25,411): error TS7026: JSX element implicitly has type 'any' because no interface 'JSX.IntrinsicElements' exists.
components/business/Overview.tsx(25,445): error TS7026: JSX element implicitly has type 'any' because no interface 'JSX.IntrinsicElements' exists.
components/business/Overview.tsx(25,450): error TS7026: JSX element implicitly has type 'any' because no interface 'JSX.IntrinsicElements' exists.
components/business/Overview.tsx(25,485): error TS7026: JSX element implicitly has type 'any' because no interface 'JSX.IntrinsicElements' exists.
components/business/Overview.tsx(25,490): error TS7026: JSX element implicitly has type 'any' because no interface 'JSX.IntrinsicElements' exists.
components/business/Overview.tsx(25,494): error TS7026: JSX element implicitly has type 'any' because no interface 'JSX.IntrinsicElements' exists.
components/business/Overview.tsx(25,525): error TS7026: JSX element implicitly has type 'any' because no interface 'JSX.IntrinsicElements' exists.
components/business/Overview.tsx(25,529): error TS7026: JSX element implicitly has type 'any' because no interface 'JSX.IntrinsicElements' exists.
components/business/Overview.tsx(25,534): error TS7026: JSX element implicitly has type 'any' because no interface 'JSX.IntrinsicElements' exists.
components/business/Overview.tsx(25,548): error TS7026: JSX element implicitly has type 'any' because no interface 'JSX.IntrinsicElements' exists.
components/business/Overview.tsx(25,553): error TS7026: JSX element implicitly has type 'any' because no interface 'JSX.IntrinsicElements' exists.
components/business/Overview.tsx(25,560): error TS7026: JSX element implicitly has type 'any' because no interface 'JSX.IntrinsicElements' exists.
components/business/Overview.tsx(25,568): error TS7026: JSX element implicitly has type 'any' because no interface 'JSX.IntrinsicElements' exists.
components/business/Overview.tsx(25,576): error TS7026: JSX element implicitly has type 'any' because no interface 'JSX.IntrinsicElements' exists.
components/business/Overview.tsx(25,582): error TS7026: JSX element implicitly has type 'any' because no interface 'JSX.IntrinsicElements' exists.
components/business/Overview.tsx(25,613): error TS7026: JSX element implicitly has type 'any' because no interface 'JSX.IntrinsicElements' exists.
components/business/Overview.tsx(25,664): error TS7026: JSX element implicitly has type 'any' because no interface 'JSX.IntrinsicElements' exists.
components/business/Overview.tsx(25,671): error TS7026: JSX element implicitly has type 'any' because no interface 'JSX.IntrinsicElements' exists.
components/business/Overview.tsx(25,699): error TS7026: JSX element implicitly has type 'any' because no interface 'JSX.IntrinsicElements' exists.
components/business/Overview.tsx(25,795): error TS7006: Parameter 'p' implicitly has an 'any' type.
components/business/Overview.tsx(25,812): error TS7026: JSX element implicitly has type 'any' because no interface 'JSX.IntrinsicElements' exists.
components/business/Overview.tsx(25,821): error TS7026: JSX element implicitly has type 'any' because no interface 'JSX.IntrinsicElements' exists.
components/business/Overview.tsx(25,872): error TS7026: JSX element implicitly has type 'any' because no interface 'JSX.IntrinsicElements' exists.
components/business/Overview.tsx(25,879): error TS7026: JSX element implicitly has type 'any' because no interface 'JSX.IntrinsicElements' exists.
components/business/Overview.tsx(25,988): error TS7006: Parameter 'p' implicitly has an 'any' type.
components/business/Overview.tsx(25,1001): error TS7026: JSX element implicitly has type 'any' because no interface 'JSX.IntrinsicElements' exists.
components/business/Overview.tsx(25,1010): error TS7026: JSX element implicitly has type 'any' because no interface 'JSX.IntrinsicElements' exists.
components/business/Overview.tsx(25,1016): error TS7026: JSX element implicitly has type 'any' because no interface 'JSX.IntrinsicElements' exists.
components/business/Overview.tsx(25,1022): error TS7026: JSX element implicitly has type 'any' because no interface 'JSX.IntrinsicElements' exists.
components/business/Overview.tsx(26,8): error TS7026: JSX element implicitly has type 'any' because no interface 'JSX.IntrinsicElements' exists.
components/business/Overview.tsx(26,237): error TS7026: JSX element implicitly has type 'any' because no interface 'JSX.IntrinsicElements' exists.
components/business/Overview.tsx(26,247): error TS7026: JSX element implicitly has type 'any' because no interface 'JSX.IntrinsicElements' exists.
components/business/Overview.tsx(26,479): error TS7026: JSX element implicitly has type 'any' because no interface 'JSX.IntrinsicElements' exists.
components/business/Overview.tsx(26,489): error TS7026: JSX element implicitly has type 'any' because no interface 'JSX.IntrinsicElements' exists.
components/business/Overview.tsx(26,723): error TS7026: JSX element implicitly has type 'any' because no interface 'JSX.IntrinsicElements' exists.
components/business/Overview.tsx(27,2): error TS7026: JSX element implicitly has type 'any' because no interface 'JSX.IntrinsicElements' exists.
components/business/Overview.tsx(27,382): error TS7026: JSX element implicitly has type 'any' because no interface 'JSX.IntrinsicElements' exists.
components/business/RecordsModule.tsx(2,34): error TS2307: Cannot find module 'react' or its corresponding type declarations.
components/business/RecordsModule.tsx(14,182): error TS7006: Parameter 'x' implicitly has an 'any' type.
components/business/RecordsModule.tsx(16,11): error TS7026: JSX element implicitly has type 'any' because no interface 'JSX.IntrinsicElements' exists.
components/business/RecordsModule.tsx(16,37): error TS7026: JSX element implicitly has type 'any' because no interface 'JSX.IntrinsicElements' exists.
components/business/RecordsModule.tsx(16,65): error TS7026: JSX element implicitly has type 'any' because no interface 'JSX.IntrinsicElements' exists.
components/business/RecordsModule.tsx(16,134): error TS7026: JSX element implicitly has type 'any' because no interface 'JSX.IntrinsicElements' exists.
components/business/RecordsModule.tsx(16,175): error TS7006: Parameter 'e' implicitly has an 'any' type.
components/business/RecordsModule.tsx(16,285): error TS7026: JSX element implicitly has type 'any' because no interface 'JSX.IntrinsicElements' exists.
components/business/RecordsModule.tsx(16,325): error TS7026: JSX element implicitly has type 'any' because no interface 'JSX.IntrinsicElements' exists.
components/business/RecordsModule.tsx(16,338): error TS7026: JSX element implicitly has type 'any' because no interface 'JSX.IntrinsicElements' exists.
components/business/RecordsModule.tsx(16,371): error TS7006: Parameter 'e' implicitly has an 'any' type.
components/business/RecordsModule.tsx(16,413): error TS7026: JSX element implicitly has type 'any' because no interface 'JSX.IntrinsicElements' exists.
components/business/RecordsModule.tsx(16,445): error TS7026: JSX element implicitly has type 'any' because no interface 'JSX.IntrinsicElements' exists.
components/business/RecordsModule.tsx(16,477): error TS7026: JSX element implicitly has type 'any' because no interface 'JSX.IntrinsicElements' exists.
components/business/RecordsModule.tsx(16,513): error TS7026: JSX element implicitly has type 'any' because no interface 'JSX.IntrinsicElements' exists.
components/business/RecordsModule.tsx(16,524): error TS7026: JSX element implicitly has type 'any' because no interface 'JSX.IntrinsicElements' exists.
components/business/RecordsModule.tsx(16,533): error TS7026: JSX element implicitly has type 'any' because no interface 'JSX.IntrinsicElements' exists.
components/business/RecordsModule.tsx(16,554): error TS7026: JSX element implicitly has type 'any' because no interface 'JSX.IntrinsicElements' exists.
components/business/RecordsModule.tsx(16,569): error TS7026: JSX element implicitly has type 'any' because no interface 'JSX.IntrinsicElements' exists.
components/business/RecordsModule.tsx(16,604): error TS7006: Parameter 'e' implicitly has an 'any' type.
components/business/RecordsModule.tsx(16,648): error TS7026: JSX element implicitly has type 'any' because no interface 'JSX.IntrinsicElements' exists.
components/business/RecordsModule.tsx(16,679): error TS7026: JSX element implicitly has type 'any' because no interface 'JSX.IntrinsicElements' exists.
components/business/RecordsModule.tsx(16,734): error TS7026: JSX element implicitly has type 'any' because no interface 'JSX.IntrinsicElements' exists.
components/business/RecordsModule.tsx(16,753): error TS7026: JSX element implicitly has type 'any' because no interface 'JSX.IntrinsicElements' exists.
components/business/RecordsModule.tsx(16,764): error TS7026: JSX element implicitly has type 'any' because no interface 'JSX.IntrinsicElements' exists.
components/business/RecordsModule.tsx(16,773): error TS7026: JSX element implicitly has type 'any' because no interface 'JSX.IntrinsicElements' exists.
components/business/RecordsModule.tsx(16,782): error TS7026: JSX element implicitly has type 'any' because no interface 'JSX.IntrinsicElements' exists.
components/business/RecordsModule.tsx(16,882): error TS7026: JSX element implicitly has type 'any' because no interface 'JSX.IntrinsicElements' exists.
components/business/RecordsModule.tsx(16,924): error TS7006: Parameter 'e' implicitly has an 'any' type.
components/business/RecordsModule.tsx(16,965): error TS7026: JSX element implicitly has type 'any' because no interface 'JSX.IntrinsicElements' exists.
components/business/RecordsModule.tsx(16,973): error TS7026: JSX element implicitly has type 'any' because no interface 'JSX.IntrinsicElements' exists.
components/business/RecordsModule.tsx(16,993): error TS7026: JSX element implicitly has type 'any' because no interface 'JSX.IntrinsicElements' exists.
components/business/RecordsModule.tsx(16,1055): error TS7006: Parameter 'e' implicitly has an 'any' type.
components/business/RecordsModule.tsx(16,1094): error TS7026: JSX element implicitly has type 'any' because no interface 'JSX.IntrinsicElements' exists.
components/business/RecordsModule.tsx(16,1102): error TS7026: JSX element implicitly has type 'any' because no interface 'JSX.IntrinsicElements' exists.
components/business/RecordsModule.tsx(16,1130): error TS7026: JSX element implicitly has type 'any' because no interface 'JSX.IntrinsicElements' exists.
components/business/RecordsModule.tsx(16,1188): error TS7006: Parameter 'x' implicitly has an 'any' type.
components/business/RecordsModule.tsx(16,1248): error TS7026: JSX element implicitly has type 'any' because no interface 'JSX.IntrinsicElements' exists.
components/business/RecordsModule.tsx(16,1281): error TS7026: JSX element implicitly has type 'any' because no interface 'JSX.IntrinsicElements' exists.
components/business/RecordsModule.tsx(16,1423): error TS7026: JSX element implicitly has type 'any' because no interface 'JSX.IntrinsicElements' exists.
components/business/RecordsModule.tsx(16,1433): error TS7026: JSX element implicitly has type 'any' because no interface 'JSX.IntrinsicElements' exists.
components/business/RecordsModule.tsx(16,1502): error TS7026: JSX element implicitly has type 'any' because no interface 'JSX.IntrinsicElements' exists.
components/business/RecordsModule.tsx(16,1512): error TS7026: JSX element implicitly has type 'any' because no interface 'JSX.IntrinsicElements' exists.
components/business/RecordsModule.tsx(16,1518): error TS7026: JSX element implicitly has type 'any' because no interface 'JSX.IntrinsicElements' exists.
components/business/RecordsModule.tsx(16,1532): error TS7026: JSX element implicitly has type 'any' because no interface 'JSX.IntrinsicElements' exists.
components/business/RecordsModule.tsx(16,1563): error TS2741: Property 'children' is missing in type '{ error: true; }' but required in type '{ children: React.ReactNode; error?: boolean | undefined; }'.
components/business/RecordsModule.tsx(16,1592): error TS7026: JSX element implicitly has type 'any' because no interface 'JSX.IntrinsicElements' exists.
components/business/RecordsModule.tsx(16,1698): error TS7026: JSX element implicitly has type 'any' because no interface 'JSX.IntrinsicElements' exists.
components/business/RecordsModule.tsx(16,1747): error TS7026: JSX element implicitly has type 'any' because no interface 'JSX.IntrinsicElements' exists.
components/business/RecordsModule.tsx(16,1752): error TS7026: JSX element implicitly has type 'any' because no interface 'JSX.IntrinsicElements' exists.
components/business/RecordsModule.tsx(16,1765): error TS7026: JSX element implicitly has type 'any' because no interface 'JSX.IntrinsicElements' exists.
components/business/RecordsModule.tsx(16,1770): error TS7026: JSX element implicitly has type 'any' because no interface 'JSX.IntrinsicElements' exists.
components/business/RecordsModule.tsx(16,1784): error TS7026: JSX element implicitly has type 'any' because no interface 'JSX.IntrinsicElements' exists.
components/business/RecordsModule.tsx(16,1788): error TS7026: JSX element implicitly has type 'any' because no interface 'JSX.IntrinsicElements' exists.
components/business/RecordsModule.tsx(16,1858): error TS7026: JSX element implicitly has type 'any' because no interface 'JSX.IntrinsicElements' exists.
components/business/RecordsModule.tsx(16,1931): error TS7026: JSX element implicitly has type 'any' because no interface 'JSX.IntrinsicElements' exists.
components/business/RecordsModule.tsx(16,1997): error TS7026: JSX element implicitly has type 'any' because no interface 'JSX.IntrinsicElements' exists.
components/business/RecordsModule.tsx(16,2002): error TS7026: JSX element implicitly has type 'any' because no interface 'JSX.IntrinsicElements' exists.
components/business/RecordsModule.tsx(16,2016): error TS7026: JSX element implicitly has type 'any' because no interface 'JSX.IntrinsicElements' exists.
components/business/RecordsModule.tsx(16,2027): error TS7026: JSX element implicitly has type 'any' because no interface 'JSX.IntrinsicElements' exists.
components/business/RecordsModule.tsx(16,2036): error TS7026: JSX element implicitly has type 'any' because no interface 'JSX.IntrinsicElements' exists.
components/business/RecordsModule.tsx(16,2116): error TS7026: JSX element implicitly has type 'any' because no interface 'JSX.IntrinsicElements' exists.
components/business/RecordsModule.tsx(16,2126): error TS7026: JSX element implicitly has type 'any' because no interface 'JSX.IntrinsicElements' exists.
components/business/RecordsModule.tsx(16,2270): error TS7026: JSX element implicitly has type 'any' because no interface 'JSX.IntrinsicElements' exists.
components/business/RecordsModule.tsx(16,2301): error TS7026: JSX element implicitly has type 'any' because no interface 'JSX.IntrinsicElements' exists.
components/business/RecordsModule.tsx(16,2424): error TS7026: JSX element implicitly has type 'any' because no interface 'JSX.IntrinsicElements' exists.
components/business/RecordsModule.tsx(16,2431): error TS7026: JSX element implicitly has type 'any' because no interface 'JSX.IntrinsicElements' exists.
components/business/RecordsModule.tsx(16,2469): error TS7026: JSX element implicitly has type 'any' because no interface 'JSX.IntrinsicElements' exists.
components/business/RecordsModule.tsx(16,2481): error TS7026: JSX element implicitly has type 'any' because no interface 'JSX.IntrinsicElements' exists.
components/business/RecordsModule.tsx(16,2512): error TS7006: Parameter 'e' implicitly has an 'any' type.
components/business/RecordsModule.tsx(16,2580): error TS7026: JSX element implicitly has type 'any' because no interface 'JSX.IntrinsicElements' exists.
components/business/RecordsModule.tsx(16,2599): error TS7026: JSX element implicitly has type 'any' because no interface 'JSX.IntrinsicElements' exists.
components/business/RecordsModule.tsx(16,2610): error TS7026: JSX element implicitly has type 'any' because no interface 'JSX.IntrinsicElements' exists.
components/business/RecordsModule.tsx(16,2619): error TS7026: JSX element implicitly has type 'any' because no interface 'JSX.IntrinsicElements' exists.
components/business/RecordsModule.tsx(16,2627): error TS7026: JSX element implicitly has type 'any' because no interface 'JSX.IntrinsicElements' exists.
components/business/RecordsModule.tsx(16,2721): error TS7006: Parameter 'p' implicitly has an 'any' type.
components/business/RecordsModule.tsx(16,2738): error TS7026: JSX element implicitly has type 'any' because no interface 'JSX.IntrinsicElements' exists.
components/business/RecordsModule.tsx(16,2747): error TS7026: JSX element implicitly has type 'any' because no interface 'JSX.IntrinsicElements' exists.
components/business/RecordsModule.tsx(16,2786): error TS7026: JSX element implicitly has type 'any' because no interface 'JSX.IntrinsicElements' exists.
components/business/RecordsModule.tsx(16,2793): error TS7026: JSX element implicitly has type 'any' because no interface 'JSX.IntrinsicElements' exists.
components/business/RecordsModule.tsx(16,2891): error TS7006: Parameter 'p' implicitly has an 'any' type.
components/business/RecordsModule.tsx(16,2904): error TS7026: JSX element implicitly has type 'any' because no interface 'JSX.IntrinsicElements' exists.
components/business/RecordsModule.tsx(16,2913): error TS7026: JSX element implicitly has type 'any' because no interface 'JSX.IntrinsicElements' exists.
components/business/RecordsModule.tsx(16,2919): error TS7026: JSX element implicitly has type 'any' because no interface 'JSX.IntrinsicElements' exists.
components/business/RecordsModule.tsx(16,2925): error TS7026: JSX element implicitly has type 'any' because no interface 'JSX.IntrinsicElements' exists.
components/business/RecordsModule.tsx(16,2957): error TS2741: Property 'children' is missing in type '{}' but required in type '{ children: React.ReactNode; error?: boolean | undefined; }'.
components/business/RecordsModule.tsx(16,3177): error TS2741: Property 'children' is missing in type '{}' but required in type '{ children: React.ReactNode; error?: boolean | undefined; }'.
components/business/RecordsModule.tsx(16,3464): error TS2741: Property 'children' is missing in type '{}' but required in type '{ children: React.ReactNode; error?: boolean | undefined; }'.
components/business/RecordsModule.tsx(16,3738): error TS2741: Property 'children' is missing in type '{}' but required in type '{ children: React.ReactNode; error?: boolean | undefined; }'.
components/business/RecordsModule.tsx(16,4029): error TS7026: JSX element implicitly has type 'any' because no interface 'JSX.IntrinsicElements' exists.
components/business/RecordsModule.tsx(16,4145): error TS7026: JSX element implicitly has type 'any' because no interface 'JSX.IntrinsicElements' exists.
components/business/RecordsTable.tsx(16,9): error TS7026: JSX element implicitly has type 'any' because no interface 'JSX.IntrinsicElements' exists.
components/business/RecordsTable.tsx(16,127): error TS7026: JSX element implicitly has type 'any' because no interface 'JSX.IntrinsicElements' exists.
components/business/RecordsTable.tsx(16,189): error TS7026: JSX element implicitly has type 'any' because no interface 'JSX.IntrinsicElements' exists.
components/business/RecordsTable.tsx(16,196): error TS7026: JSX element implicitly has type 'any' because no interface 'JSX.IntrinsicElements' exists.
components/business/RecordsTable.tsx(16,264): error TS7026: JSX element implicitly has type 'any' because no interface 'JSX.IntrinsicElements' exists.
components/business/RecordsTable.tsx(16,291): error TS7026: JSX element implicitly has type 'any' because no interface 'JSX.IntrinsicElements' exists.
components/business/RecordsTable.tsx(16,298): error TS7026: JSX element implicitly has type 'any' because no interface 'JSX.IntrinsicElements' exists.
components/business/RecordsTable.tsx(16,303): error TS7026: JSX element implicitly has type 'any' because no interface 'JSX.IntrinsicElements' exists.
components/business/RecordsTable.tsx(16,311): error TS7026: JSX element implicitly has type 'any' because no interface 'JSX.IntrinsicElements' exists.
components/business/RecordsTable.tsx(17,30): error TS7026: JSX element implicitly has type 'any' because no interface 'JSX.IntrinsicElements' exists.
components/business/RecordsTable.tsx(17,288): error TS7026: JSX element implicitly has type 'any' because no interface 'JSX.IntrinsicElements' exists.
components/business/RecordsTable.tsx(19,12): error TS2503: Cannot find namespace 'React'.
components/business/RecordsTable.tsx(20,29): error TS7026: JSX element implicitly has type 'any' because no interface 'JSX.IntrinsicElements' exists.
components/business/RecordsTable.tsx(20,41): error TS7026: JSX element implicitly has type 'any' because no interface 'JSX.IntrinsicElements' exists.
components/business/RecordsTable.tsx(20,47): error TS7026: JSX element implicitly has type 'any' because no interface 'JSX.IntrinsicElements' exists.
components/business/RecordsTable.tsx(20,86): error TS7026: JSX element implicitly has type 'any' because no interface 'JSX.IntrinsicElements' exists.
components/business/RecordsTable.tsx(20,155): error TS7026: JSX element implicitly has type 'any' because no interface 'JSX.IntrinsicElements' exists.
components/business/RecordsTable.tsx(20,163): error TS7026: JSX element implicitly has type 'any' because no interface 'JSX.IntrinsicElements' exists.
components/business/RecordsTable.tsx(20,168): error TS7026: JSX element implicitly has type 'any' because no interface 'JSX.IntrinsicElements' exists.
components/business/RecordsTable.tsx(20,190): error TS7026: JSX element implicitly has type 'any' because no interface 'JSX.IntrinsicElements' exists.
components/business/RecordsTable.tsx(20,233): error TS7026: JSX element implicitly has type 'any' because no interface 'JSX.IntrinsicElements' exists.
components/business/RecordsTable.tsx(20,241): error TS7026: JSX element implicitly has type 'any' because no interface 'JSX.IntrinsicElements' exists.
components/business/RecordsTable.tsx(20,246): error TS7026: JSX element implicitly has type 'any' because no interface 'JSX.IntrinsicElements' exists.
components/business/RecordsTable.tsx(20,267): error TS7026: JSX element implicitly has type 'any' because no interface 'JSX.IntrinsicElements' exists.
components/business/RecordsTable.tsx(20,298): error TS7026: JSX element implicitly has type 'any' because no interface 'JSX.IntrinsicElements' exists.
components/business/RecordsTable.tsx(20,306): error TS7026: JSX element implicitly has type 'any' because no interface 'JSX.IntrinsicElements' exists.
components/business/RecordsTable.tsx(21,41): error TS7026: JSX element implicitly has type 'any' because no interface 'JSX.IntrinsicElements' exists.
components/business/RecordsTable.tsx(21,53): error TS7026: JSX element implicitly has type 'any' because no interface 'JSX.IntrinsicElements' exists.
components/business/RecordsTable.tsx(21,58): error TS7026: JSX element implicitly has type 'any' because no interface 'JSX.IntrinsicElements' exists.
components/business/RecordsTable.tsx(21,62): error TS7026: JSX element implicitly has type 'any' because no interface 'JSX.IntrinsicElements' exists.
components/business/RecordsTable.tsx(21,96): error TS7026: JSX element implicitly has type 'any' because no interface 'JSX.IntrinsicElements' exists.
components/business/RecordsTable.tsx(21,100): error TS7026: JSX element implicitly has type 'any' because no interface 'JSX.IntrinsicElements' exists.
components/business/RecordsTable.tsx(21,212): error TS7026: JSX element implicitly has type 'any' because no interface 'JSX.IntrinsicElements' exists.
components/business/RecordsTable.tsx(21,220): error TS7026: JSX element implicitly has type 'any' because no interface 'JSX.IntrinsicElements' exists.
components/business/RecordsTable.tsx(21,225): error TS7026: JSX element implicitly has type 'any' because no interface 'JSX.IntrinsicElements' exists.
components/business/RecordsTable.tsx(21,246): error TS7026: JSX element implicitly has type 'any' because no interface 'JSX.IntrinsicElements' exists.
components/business/RecordsTable.tsx(21,276): error TS7026: JSX element implicitly has type 'any' because no interface 'JSX.IntrinsicElements' exists.
components/business/RecordsTable.tsx(21,284): error TS7026: JSX element implicitly has type 'any' because no interface 'JSX.IntrinsicElements' exists.
components/business/RecordsTable.tsx(21,421): error TS7026: JSX element implicitly has type 'any' because no interface 'JSX.IntrinsicElements' exists.
components/business/RecordsTable.tsx(21,429): error TS7026: JSX element implicitly has type 'any' because no interface 'JSX.IntrinsicElements' exists.
components/business/RecordsTable.tsx(21,434): error TS7026: JSX element implicitly has type 'any' because no interface 'JSX.IntrinsicElements' exists.
components/business/RecordsTable.tsx(21,482): error TS7026: JSX element implicitly has type 'any' because no interface 'JSX.IntrinsicElements' exists.
components/business/RecordsTable.tsx(21,647): error TS7026: JSX element implicitly has type 'any' because no interface 'JSX.IntrinsicElements' exists.
components/business/RecordsTable.tsx(21,665): error TS7026: JSX element implicitly has type 'any' because no interface 'JSX.IntrinsicElements' exists.
components/business/RecordsTable.tsx(21,708): error TS7026: JSX element implicitly has type 'any' because no interface 'JSX.IntrinsicElements' exists.
components/business/RecordsTable.tsx(21,717): error TS7026: JSX element implicitly has type 'any' because no interface 'JSX.IntrinsicElements' exists.
components/business/RecordsTable.tsx(21,722): error TS7026: JSX element implicitly has type 'any' because no interface 'JSX.IntrinsicElements' exists.
components/business/RecordsTable.tsx(21,782): error TS7026: JSX element implicitly has type 'any' because no interface 'JSX.IntrinsicElements' exists.
components/business/RecordsTable.tsx(21,801): error TS7026: JSX element implicitly has type 'any' because no interface 'JSX.IntrinsicElements' exists.
components/business/RecordsTable.tsx(21,810): error TS7026: JSX element implicitly has type 'any' because no interface 'JSX.IntrinsicElements' exists.
components/business/RecordsTable.tsx(22,36): error TS7026: JSX element implicitly has type 'any' because no interface 'JSX.IntrinsicElements' exists.
components/business/RecordsTable.tsx(22,48): error TS7026: JSX element implicitly has type 'any' because no interface 'JSX.IntrinsicElements' exists.
components/business/RecordsTable.tsx(22,85): error TS7026: JSX element implicitly has type 'any' because no interface 'JSX.IntrinsicElements' exists.
components/business/RecordsTable.tsx(22,93): error TS7026: JSX element implicitly has type 'any' because no interface 'JSX.IntrinsicElements' exists.
components/business/RecordsTable.tsx(22,98): error TS7026: JSX element implicitly has type 'any' because no interface 'JSX.IntrinsicElements' exists.
components/business/RecordsTable.tsx(22,102): error TS7026: JSX element implicitly has type 'any' because no interface 'JSX.IntrinsicElements' exists.
components/business/RecordsTable.tsx(22,114): error TS7026: JSX element implicitly has type 'any' because no interface 'JSX.IntrinsicElements' exists.
components/business/RecordsTable.tsx(22,118): error TS7026: JSX element implicitly has type 'any' because no interface 'JSX.IntrinsicElements' exists.
components/business/RecordsTable.tsx(22,169): error TS7026: JSX element implicitly has type 'any' because no interface 'JSX.IntrinsicElements' exists.
components/business/RecordsTable.tsx(22,177): error TS7026: JSX element implicitly has type 'any' because no interface 'JSX.IntrinsicElements' exists.
components/business/RecordsTable.tsx(22,182): error TS7026: JSX element implicitly has type 'any' because no interface 'JSX.IntrinsicElements' exists.
components/business/RecordsTable.tsx(22,218): error TS7026: JSX element implicitly has type 'any' because no interface 'JSX.IntrinsicElements' exists.
components/business/RecordsTable.tsx(22,280): error TS7026: JSX element implicitly has type 'any' because no interface 'JSX.IntrinsicElements' exists.
components/business/RecordsTable.tsx(22,288): error TS7026: JSX element implicitly has type 'any' because no interface 'JSX.IntrinsicElements' exists.
components/business/RecordsTable.tsx(22,293): error TS7026: JSX element implicitly has type 'any' because no interface 'JSX.IntrinsicElements' exists.
components/business/RecordsTable.tsx(22,366): error TS7026: JSX element implicitly has type 'any' because no interface 'JSX.IntrinsicElements' exists.
components/business/RecordsTable.tsx(22,373): error TS7026: JSX element implicitly has type 'any' because no interface 'JSX.IntrinsicElements' exists.
components/business/RecordsTable.tsx(22,415): error TS7026: JSX element implicitly has type 'any' because no interface 'JSX.IntrinsicElements' exists.
components/business/RecordsTable.tsx(22,419): error TS7026: JSX element implicitly has type 'any' because no interface 'JSX.IntrinsicElements' exists.
components/business/RecordsTable.tsx(22,427): error TS7026: JSX element implicitly has type 'any' because no interface 'JSX.IntrinsicElements' exists.
components/business/RecordsTable.tsx(22,432): error TS7026: JSX element implicitly has type 'any' because no interface 'JSX.IntrinsicElements' exists.
components/business/RecordsTable.tsx(22,450): error TS7026: JSX element implicitly has type 'any' because no interface 'JSX.IntrinsicElements' exists.
components/business/RecordsTable.tsx(22,498): error TS7026: JSX element implicitly has type 'any' because no interface 'JSX.IntrinsicElements' exists.
components/business/RecordsTable.tsx(22,506): error TS7026: JSX element implicitly has type 'any' because no interface 'JSX.IntrinsicElements' exists.
components/business/RecordsTable.tsx(22,511): error TS7026: JSX element implicitly has type 'any' because no interface 'JSX.IntrinsicElements' exists.
components/business/RecordsTable.tsx(22,567): error TS7026: JSX element implicitly has type 'any' because no interface 'JSX.IntrinsicElements' exists.
components/business/RecordsTable.tsx(22,587): error TS7026: JSX element implicitly has type 'any' because no interface 'JSX.IntrinsicElements' exists.
components/business/RecordsTable.tsx(22,596): error TS7026: JSX element implicitly has type 'any' because no interface 'JSX.IntrinsicElements' exists.
components/business/RecordsTable.tsx(23,36): error TS7026: JSX element implicitly has type 'any' because no interface 'JSX.IntrinsicElements' exists.
components/business/RecordsTable.tsx(23,48): error TS7026: JSX element implicitly has type 'any' because no interface 'JSX.IntrinsicElements' exists.
components/business/RecordsTable.tsx(23,53): error TS7026: JSX element implicitly has type 'any' because no interface 'JSX.IntrinsicElements' exists.
components/business/RecordsTable.tsx(23,57): error TS7026: JSX element implicitly has type 'any' because no interface 'JSX.IntrinsicElements' exists.
components/business/RecordsTable.tsx(23,118): error TS7026: JSX element implicitly has type 'any' because no interface 'JSX.IntrinsicElements' exists.
components/business/RecordsTable.tsx(23,122): error TS7026: JSX element implicitly has type 'any' because no interface 'JSX.IntrinsicElements' exists.
components/business/RecordsTable.tsx(23,183): error TS7026: JSX element implicitly has type 'any' because no interface 'JSX.IntrinsicElements' exists.
components/business/RecordsTable.tsx(23,191): error TS7026: JSX element implicitly has type 'any' because no interface 'JSX.IntrinsicElements' exists.
components/business/RecordsTable.tsx(23,238): error TS7026: JSX element implicitly has type 'any' because no interface 'JSX.IntrinsicElements' exists.
components/business/RecordsTable.tsx(23,246): error TS7026: JSX element implicitly has type 'any' because no interface 'JSX.IntrinsicElements' exists.
components/business/RecordsTable.tsx(23,251): error TS7026: JSX element implicitly has type 'any' because no interface 'JSX.IntrinsicElements' exists.
components/business/RecordsTable.tsx(23,296): error TS7026: JSX element implicitly has type 'any' because no interface 'JSX.IntrinsicElements' exists.
components/business/RecordsTable.tsx(23,366): error TS7026: JSX element implicitly has type 'any' because no interface 'JSX.IntrinsicElements' exists.
components/business/RecordsTable.tsx(23,374): error TS7026: JSX element implicitly has type 'any' because no interface 'JSX.IntrinsicElements' exists.
components/business/RecordsTable.tsx(23,379): error TS7026: JSX element implicitly has type 'any' because no interface 'JSX.IntrinsicElements' exists.
components/business/RecordsTable.tsx(23,406): error TS7026: JSX element implicitly has type 'any' because no interface 'JSX.IntrinsicElements' exists.
components/business/RecordsTable.tsx(23,439): error TS7026: JSX element implicitly has type 'any' because no interface 'JSX.IntrinsicElements' exists.
components/business/RecordsTable.tsx(23,447): error TS7026: JSX element implicitly has type 'any' because no interface 'JSX.IntrinsicElements' exists.
components/business/RecordsTable.tsx(23,452): error TS7026: JSX element implicitly has type 'any' because no interface 'JSX.IntrinsicElements' exists.
components/business/RecordsTable.tsx(23,494): error TS7026: JSX element implicitly has type 'any' because no interface 'JSX.IntrinsicElements' exists.
components/business/RecordsTable.tsx(23,541): error TS7026: JSX element implicitly has type 'any' because no interface 'JSX.IntrinsicElements' exists.
components/business/RecordsTable.tsx(23,550): error TS7026: JSX element implicitly has type 'any' because no interface 'JSX.IntrinsicElements' exists.
components/business/RecordsTable.tsx(23,706): error TS7026: JSX element implicitly has type 'any' because no interface 'JSX.IntrinsicElements' exists.
components/business/RecordsTable.tsx(23,731): error TS7026: JSX element implicitly has type 'any' because no interface 'JSX.IntrinsicElements' exists.
components/business/RecordsTable.tsx(23,762): error TS7026: JSX element implicitly has type 'any' because no interface 'JSX.IntrinsicElements' exists.
components/business/RecordsTable.tsx(23,771): error TS7026: JSX element implicitly has type 'any' because no interface 'JSX.IntrinsicElements' exists.
components/business/RecordsTable.tsx(24,35): error TS7026: JSX element implicitly has type 'any' because no interface 'JSX.IntrinsicElements' exists.
components/business/RecordsTable.tsx(24,47): error TS7026: JSX element implicitly has type 'any' because no interface 'JSX.IntrinsicElements' exists.
components/business/RecordsTable.tsx(24,52): error TS7026: JSX element implicitly has type 'any' because no interface 'JSX.IntrinsicElements' exists.
components/business/RecordsTable.tsx(24,89): error TS7026: JSX element implicitly has type 'any' because no interface 'JSX.IntrinsicElements' exists.
components/business/RecordsTable.tsx(24,127): error TS7026: JSX element implicitly has type 'any' because no interface 'JSX.IntrinsicElements' exists.
components/business/RecordsTable.tsx(24,135): error TS7026: JSX element implicitly has type 'any' because no interface 'JSX.IntrinsicElements' exists.
components/business/RecordsTable.tsx(24,140): error TS7026: JSX element implicitly has type 'any' because no interface 'JSX.IntrinsicElements' exists.
components/business/RecordsTable.tsx(24,163): error TS7026: JSX element implicitly has type 'any' because no interface 'JSX.IntrinsicElements' exists.
components/business/RecordsTable.tsx(24,197): error TS7026: JSX element implicitly has type 'any' because no interface 'JSX.IntrinsicElements' exists.
components/business/RecordsTable.tsx(24,205): error TS7026: JSX element implicitly has type 'any' because no interface 'JSX.IntrinsicElements' exists.
components/business/RecordsTable.tsx(24,210): error TS7026: JSX element implicitly has type 'any' because no interface 'JSX.IntrinsicElements' exists.
components/business/RecordsTable.tsx(24,227): error TS7026: JSX element implicitly has type 'any' because no interface 'JSX.IntrinsicElements' exists.
components/business/RecordsTable.tsx(24,285): error TS7026: JSX element implicitly has type 'any' because no interface 'JSX.IntrinsicElements' exists.
components/business/RecordsTable.tsx(24,293): error TS7026: JSX element implicitly has type 'any' because no interface 'JSX.IntrinsicElements' exists.
components/business/RecordsTable.tsx(24,298): error TS7026: JSX element implicitly has type 'any' because no interface 'JSX.IntrinsicElements' exists.
components/business/RecordsTable.tsx(24,329): error TS7026: JSX element implicitly has type 'any' because no interface 'JSX.IntrinsicElements' exists.
components/business/RecordsTable.tsx(24,357): error TS7026: JSX element implicitly has type 'any' because no interface 'JSX.IntrinsicElements' exists.
components/business/RecordsTable.tsx(24,366): error TS7026: JSX element implicitly has type 'any' because no interface 'JSX.IntrinsicElements' exists.
components/business/RecordsTable.tsx(25,39): error TS7026: JSX element implicitly has type 'any' because no interface 'JSX.IntrinsicElements' exists.
components/business/RecordsTable.tsx(25,51): error TS7026: JSX element implicitly has type 'any' because no interface 'JSX.IntrinsicElements' exists.
components/business/RecordsTable.tsx(25,56): error TS7026: JSX element implicitly has type 'any' because no interface 'JSX.IntrinsicElements' exists.
components/business/RecordsTable.tsx(25,60): error TS7026: JSX element implicitly has type 'any' because no interface 'JSX.IntrinsicElements' exists.
components/business/RecordsTable.tsx(25,111): error TS7026: JSX element implicitly has type 'any' because no interface 'JSX.IntrinsicElements' exists.
components/business/RecordsTable.tsx(25,115): error TS7026: JSX element implicitly has type 'any' because no interface 'JSX.IntrinsicElements' exists.
components/business/RecordsTable.tsx(25,120): error TS7026: JSX element implicitly has type 'any' because no interface 'JSX.IntrinsicElements' exists.
components/business/RecordsTable.tsx(25,147): error TS7026: JSX element implicitly has type 'any' because no interface 'JSX.IntrinsicElements' exists.
components/business/RecordsTable.tsx(25,207): error TS7026: JSX element implicitly has type 'any' because no interface 'JSX.IntrinsicElements' exists.
components/business/RecordsTable.tsx(25,215): error TS7026: JSX element implicitly has type 'any' because no interface 'JSX.IntrinsicElements' exists.
components/business/RecordsTable.tsx(25,220): error TS7026: JSX element implicitly has type 'any' because no interface 'JSX.IntrinsicElements' exists.
components/business/RecordsTable.tsx(25,258): error TS7026: JSX element implicitly has type 'any' because no interface 'JSX.IntrinsicElements' exists.
components/business/RecordsTable.tsx(25,263): error TS7026: JSX element implicitly has type 'any' because no interface 'JSX.IntrinsicElements' exists.
components/business/RecordsTable.tsx(25,281): error TS7026: JSX element implicitly has type 'any' because no interface 'JSX.IntrinsicElements' exists.
components/business/RecordsTable.tsx(25,385): error TS7026: JSX element implicitly has type 'any' because no interface 'JSX.IntrinsicElements' exists.
components/business/RecordsTable.tsx(25,431): error TS7026: JSX element implicitly has type 'any' because no interface 'JSX.IntrinsicElements' exists.
components/business/RecordsTable.tsx(25,437): error TS7026: JSX element implicitly has type 'any' because no interface 'JSX.IntrinsicElements' exists.
components/business/RecordsTable.tsx(25,509): error TS7026: JSX element implicitly has type 'any' because no interface 'JSX.IntrinsicElements' exists.
components/business/RecordsTable.tsx(25,526): error TS7026: JSX element implicitly has type 'any' because no interface 'JSX.IntrinsicElements' exists.
components/business/RecordsTable.tsx(25,560): error TS7026: JSX element implicitly has type 'any' because no interface 'JSX.IntrinsicElements' exists.
components/business/RecordsTable.tsx(25,568): error TS7026: JSX element implicitly has type 'any' because no interface 'JSX.IntrinsicElements' exists.
components/business/RecordsTable.tsx(26,15): error TS7026: JSX element implicitly has type 'any' because no interface 'JSX.IntrinsicElements' exists.
components/business/RecordsTable.tsx(26,39): error TS7026: JSX element implicitly has type 'any' because no interface 'JSX.IntrinsicElements' exists.
components/business/RecordsTable.tsx(26,44): error TS7026: JSX element implicitly has type 'any' because no interface 'JSX.IntrinsicElements' exists.
components/business/RecordsTable.tsx(26,89): error TS7026: JSX element implicitly has type 'any' because no interface 'JSX.IntrinsicElements' exists.
components/business/RecordsTable.tsx(26,116): error TS7026: JSX element implicitly has type 'any' because no interface 'JSX.IntrinsicElements' exists.
components/business/RecordsTable.tsx(26,124): error TS7026: JSX element implicitly has type 'any' because no interface 'JSX.IntrinsicElements' exists.
components/business/RecordsTable.tsx(26,156): error TS7026: JSX element implicitly has type 'any' because no interface 'JSX.IntrinsicElements' exists.
components/business/RecordsTable.tsx(26,164): error TS7026: JSX element implicitly has type 'any' because no interface 'JSX.IntrinsicElements' exists.
components/business/RecordsTable.tsx(26,169): error TS7026: JSX element implicitly has type 'any' because no interface 'JSX.IntrinsicElements' exists.
components/business/RecordsTable.tsx(26,190): error TS7026: JSX element implicitly has type 'any' because no interface 'JSX.IntrinsicElements' exists.
components/business/RecordsTable.tsx(26,195): error TS7026: JSX element implicitly has type 'any' because no interface 'JSX.IntrinsicElements' exists.
components/business/RecordsTable.tsx(26,225): error TS7026: JSX element implicitly has type 'any' because no interface 'JSX.IntrinsicElements' exists.
components/business/RecordsTable.tsx(26,230): error TS7026: JSX element implicitly has type 'any' because no interface 'JSX.IntrinsicElements' exists.
components/business/RecordsTable.tsx(26,294): error TS7026: JSX element implicitly has type 'any' because no interface 'JSX.IntrinsicElements' exists.
components/business/RecordsTable.tsx(26,329): error TS7026: JSX element implicitly has type 'any' because no interface 'JSX.IntrinsicElements' exists.
components/business/RecordsTable.tsx(26,359): error TS7026: JSX element implicitly has type 'any' because no interface 'JSX.IntrinsicElements' exists.
components/business/RecordsTable.tsx(26,369): error TS7026: JSX element implicitly has type 'any' because no interface 'JSX.IntrinsicElements' exists.
components/business/RecordsTable.tsx(26,408): error TS7026: JSX element implicitly has type 'any' because no interface 'JSX.IntrinsicElements' exists.
components/business/RecordsTable.tsx(26,414): error TS7026: JSX element implicitly has type 'any' because no interface 'JSX.IntrinsicElements' exists.
components/business/RecordsTable.tsx(26,425): error TS7026: JSX element implicitly has type 'any' because no interface 'JSX.IntrinsicElements' exists.
components/business/RecordsTable.tsx(27,9): error TS7026: JSX element implicitly has type 'any' because no interface 'JSX.IntrinsicElements' exists.
components/business/RecordsTable.tsx(27,47): error TS7026: JSX element implicitly has type 'any' because no interface 'JSX.IntrinsicElements' exists.
components/business/RecordsTable.tsx(28,5): error TS7026: JSX element implicitly has type 'any' because no interface 'JSX.IntrinsicElements' exists.
components/business/RecordsTable.tsx(28,13): error TS7026: JSX element implicitly has type 'any' because no interface 'JSX.IntrinsicElements' exists.
components/business/RecordsTable.tsx(28,21): error TS7026: JSX element implicitly has type 'any' because no interface 'JSX.IntrinsicElements' exists.
components/business/Requests.tsx(2,34): error TS2307: Cannot find module 'react' or its corresponding type declarations.
components/business/Requests.tsx(9,24): error TS2503: Cannot find namespace 'React'.
components/business/Requests.tsx(9,315): error TS7006: Parameter 'n' implicitly has an 'any' type.
components/business/Requests.tsx(10,12): error TS2741: Property 'children' is missing in type '{}' but required in type '{ children: React.ReactNode; error?: boolean | undefined; }'.
components/business/Requests.tsx(10,199): error TS7026: JSX element implicitly has type 'any' because no interface 'JSX.IntrinsicElements' exists.
components/business/Requests.tsx(10,227): error TS7026: JSX element implicitly has type 'any' because no interface 'JSX.IntrinsicElements' exists.
components/business/Requests.tsx(10,269): error TS7026: JSX element implicitly has type 'any' because no interface 'JSX.IntrinsicElements' exists.
components/business/Requests.tsx(10,302): error TS7006: Parameter 'e' implicitly has an 'any' type.
components/business/Requests.tsx(10,346): error TS7026: JSX element implicitly has type 'any' because no interface 'JSX.IntrinsicElements' exists.
components/business/Requests.tsx(10,375): error TS7026: JSX element implicitly has type 'any' because no interface 'JSX.IntrinsicElements' exists.
components/business/Requests.tsx(10,432): error TS7026: JSX element implicitly has type 'any' because no interface 'JSX.IntrinsicElements' exists.
components/business/Requests.tsx(10,451): error TS7026: JSX element implicitly has type 'any' because no interface 'JSX.IntrinsicElements' exists.
components/business/Requests.tsx(10,462): error TS7026: JSX element implicitly has type 'any' because no interface 'JSX.IntrinsicElements' exists.
components/business/Requests.tsx(10,471): error TS7026: JSX element implicitly has type 'any' because no interface 'JSX.IntrinsicElements' exists.
components/business/Requests.tsx(10,479): error TS7026: JSX element implicitly has type 'any' because no interface 'JSX.IntrinsicElements' exists.
components/business/Requests.tsx(10,533): error TS7006: Parameter 'n' implicitly has an 'any' type.
components/business/Requests.tsx(10,549): error TS7026: JSX element implicitly has type 'any' because no interface 'JSX.IntrinsicElements' exists.
components/business/Requests.tsx(10,558): error TS7026: JSX element implicitly has type 'any' because no interface 'JSX.IntrinsicElements' exists.
components/business/Requests.tsx(10,573): error TS2741: Property 'children' is missing in type '{ error: true; }' but required in type '{ children: React.ReactNode; error?: boolean | undefined; }'.
components/business/Requests.tsx(10,623): error TS7026: JSX element implicitly has type 'any' because no interface 'JSX.IntrinsicElements' exists.
components/business/Requests.tsx(10,653): error TS7026: JSX element implicitly has type 'any' because no interface 'JSX.IntrinsicElements' exists.
components/business/Requests.tsx(10,681): error TS7026: JSX element implicitly has type 'any' because no interface 'JSX.IntrinsicElements' exists.
components/business/Requests.tsx(10,688): error TS7026: JSX element implicitly has type 'any' because no interface 'JSX.IntrinsicElements' exists.
components/business/Requests.tsx(10,692): error TS7026: JSX element implicitly has type 'any' because no interface 'JSX.IntrinsicElements' exists.
components/business/Requests.tsx(10,703): error TS7026: JSX element implicitly has type 'any' because no interface 'JSX.IntrinsicElements' exists.
components/business/Requests.tsx(10,708): error TS7026: JSX element implicitly has type 'any' because no interface 'JSX.IntrinsicElements' exists.
components/business/Requests.tsx(10,726): error TS7026: JSX element implicitly has type 'any' because no interface 'JSX.IntrinsicElements' exists.
components/business/Requests.tsx(10,731): error TS7026: JSX element implicitly has type 'any' because no interface 'JSX.IntrinsicElements' exists.
components/business/Requests.tsx(10,743): error TS7026: JSX element implicitly has type 'any' because no interface 'JSX.IntrinsicElements' exists.
components/business/Requests.tsx(10,748): error TS7026: JSX element implicitly has type 'any' because no interface 'JSX.IntrinsicElements' exists.
components/business/Requests.tsx(10,758): error TS7026: JSX element implicitly has type 'any' because no interface 'JSX.IntrinsicElements' exists.
components/business/Requests.tsx(10,763): error TS7026: JSX element implicitly has type 'any' because no interface 'JSX.IntrinsicElements' exists.
components/business/Requests.tsx(10,774): error TS7026: JSX element implicitly has type 'any' because no interface 'JSX.IntrinsicElements' exists.
components/business/Requests.tsx(10,779): error TS7026: JSX element implicitly has type 'any' because no interface 'JSX.IntrinsicElements' exists.
components/business/Requests.tsx(10,784): error TS7026: JSX element implicitly has type 'any' because no interface 'JSX.IntrinsicElements' exists.
components/business/Requests.tsx(10,792): error TS7026: JSX element implicitly has type 'any' because no interface 'JSX.IntrinsicElements' exists.
components/business/Requests.tsx(10,824): error TS7026: JSX element implicitly has type 'any' because no interface 'JSX.IntrinsicElements' exists.
components/business/Requests.tsx(10,840): error TS7026: JSX element implicitly has type 'any' because no interface 'JSX.IntrinsicElements' exists.
components/business/Requests.tsx(10,844): error TS7026: JSX element implicitly has type 'any' because no interface 'JSX.IntrinsicElements' exists.
components/business/Requests.tsx(10,872): error TS7026: JSX element implicitly has type 'any' because no interface 'JSX.IntrinsicElements' exists.
components/business/Requests.tsx(10,876): error TS7026: JSX element implicitly has type 'any' because no interface 'JSX.IntrinsicElements' exists.
components/business/Requests.tsx(10,898): error TS7026: JSX element implicitly has type 'any' because no interface 'JSX.IntrinsicElements' exists.
components/business/Requests.tsx(10,906): error TS7026: JSX element implicitly has type 'any' because no interface 'JSX.IntrinsicElements' exists.
components/business/Requests.tsx(10,911): error TS7026: JSX element implicitly has type 'any' because no interface 'JSX.IntrinsicElements' exists.
components/business/Requests.tsx(10,915): error TS7026: JSX element implicitly has type 'any' because no interface 'JSX.IntrinsicElements' exists.
components/business/Requests.tsx(10,927): error TS7026: JSX element implicitly has type 'any' because no interface 'JSX.IntrinsicElements' exists.
components/business/Requests.tsx(10,931): error TS7026: JSX element implicitly has type 'any' because no interface 'JSX.IntrinsicElements' exists.
components/business/Requests.tsx(10,1031): error TS7026: JSX element implicitly has type 'any' because no interface 'JSX.IntrinsicElements' exists.
components/business/Requests.tsx(10,1051): error TS7026: JSX element implicitly has type 'any' because no interface 'JSX.IntrinsicElements' exists.
components/business/Requests.tsx(10,1065): error TS7026: JSX element implicitly has type 'any' because no interface 'JSX.IntrinsicElements' exists.
components/business/Requests.tsx(10,1070): error TS7026: JSX element implicitly has type 'any' because no interface 'JSX.IntrinsicElements' exists.
components/business/Requests.tsx(10,1075): error TS7026: JSX element implicitly has type 'any' because no interface 'JSX.IntrinsicElements' exists.
components/business/Requests.tsx(10,1097): error TS7026: JSX element implicitly has type 'any' because no interface 'JSX.IntrinsicElements' exists.
components/business/Requests.tsx(10,1102): error TS7026: JSX element implicitly has type 'any' because no interface 'JSX.IntrinsicElements' exists.
components/business/Requests.tsx(10,1116): error TS7026: JSX element implicitly has type 'any' because no interface 'JSX.IntrinsicElements' exists.
components/business/Requests.tsx(10,1142): error TS7026: JSX element implicitly has type 'any' because no interface 'JSX.IntrinsicElements' exists.
components/business/Requests.tsx(10,1150): error TS7026: JSX element implicitly has type 'any' because no interface 'JSX.IntrinsicElements' exists.
components/business/Requests.tsx(10,1155): error TS7026: JSX element implicitly has type 'any' because no interface 'JSX.IntrinsicElements' exists.
components/business/Requests.tsx(10,1159): error TS7026: JSX element implicitly has type 'any' because no interface 'JSX.IntrinsicElements' exists.
components/business/Requests.tsx(10,1231): error TS7026: JSX element implicitly has type 'any' because no interface 'JSX.IntrinsicElements' exists.
components/business/Requests.tsx(10,1410): error TS7026: JSX element implicitly has type 'any' because no interface 'JSX.IntrinsicElements' exists.
components/business/Requests.tsx(10,1442): error TS7026: JSX element implicitly has type 'any' because no interface 'JSX.IntrinsicElements' exists.
components/business/Requests.tsx(10,1586): error TS7026: JSX element implicitly has type 'any' because no interface 'JSX.IntrinsicElements' exists.
components/business/Requests.tsx(10,1596): error TS7026: JSX element implicitly has type 'any' because no interface 'JSX.IntrinsicElements' exists.
components/business/Requests.tsx(10,1602): error TS7026: JSX element implicitly has type 'any' because no interface 'JSX.IntrinsicElements' exists.
components/business/Requests.tsx(10,1607): error TS7026: JSX element implicitly has type 'any' because no interface 'JSX.IntrinsicElements' exists.
components/business/Requests.tsx(10,1635): error TS7026: JSX element implicitly has type 'any' because no interface 'JSX.IntrinsicElements' exists.
components/business/Requests.tsx(10,1639): error TS7026: JSX element implicitly has type 'any' because no interface 'JSX.IntrinsicElements' exists.
components/business/Requests.tsx(10,1680): error TS7026: JSX element implicitly has type 'any' because no interface 'JSX.IntrinsicElements' exists.
components/business/Requests.tsx(10,1685): error TS7026: JSX element implicitly has type 'any' because no interface 'JSX.IntrinsicElements' exists.
components/business/Requests.tsx(10,1691): error TS7026: JSX element implicitly has type 'any' because no interface 'JSX.IntrinsicElements' exists.
components/business/Requests.tsx(10,1699): error TS7026: JSX element implicitly has type 'any' because no interface 'JSX.IntrinsicElements' exists.
components/business/Requests.tsx(10,1707): error TS7026: JSX element implicitly has type 'any' because no interface 'JSX.IntrinsicElements' exists.
components/business/Requests.tsx(10,1713): error TS7026: JSX element implicitly has type 'any' because no interface 'JSX.IntrinsicElements' exists.
components/business/Requests.tsx(10,1745): error TS7026: JSX element implicitly has type 'any' because no interface 'JSX.IntrinsicElements' exists.
components/business/Requests.tsx(10,1815): error TS7006: Parameter 'n' implicitly has an 'any' type.
components/business/Requests.tsx(10,1832): error TS7026: JSX element implicitly has type 'any' because no interface 'JSX.IntrinsicElements' exists.
components/business/Requests.tsx(10,1841): error TS7026: JSX element implicitly has type 'any' because no interface 'JSX.IntrinsicElements' exists.
components/business/Requests.tsx(10,1882): error TS7026: JSX element implicitly has type 'any' because no interface 'JSX.IntrinsicElements' exists.
components/business/Requests.tsx(10,1889): error TS7026: JSX element implicitly has type 'any' because no interface 'JSX.IntrinsicElements' exists.
components/business/Requests.tsx(10,1982): error TS7006: Parameter 'n' implicitly has an 'any' type.
components/business/Requests.tsx(10,1995): error TS7026: JSX element implicitly has type 'any' because no interface 'JSX.IntrinsicElements' exists.
components/business/Requests.tsx(10,2004): error TS7026: JSX element implicitly has type 'any' because no interface 'JSX.IntrinsicElements' exists.
components/business/Requests.tsx(10,2026): error TS2741: Property 'children' is missing in type '{ title: string; onClose: () => void; busy: any; }' but required in type '{ title: string; subtitle?: string | undefined; onClose: () => void; children: React.ReactNode; wide?: boolean | undefined; busy?: boolean | undefined; }'.
components/business/Requests.tsx(10,2123): error TS7026: JSX element implicitly has type 'any' because no interface 'JSX.IntrinsicElements' exists.
components/business/Requests.tsx(10,2145): error TS7026: JSX element implicitly has type 'any' because no interface 'JSX.IntrinsicElements' exists.
components/business/Requests.tsx(10,2179): error TS7026: JSX element implicitly has type 'any' because no interface 'JSX.IntrinsicElements' exists.
components/business/Requests.tsx(10,2212): error TS7006: Parameter 'e' implicitly has an 'any' type.
components/business/Requests.tsx(10,2273): error TS7026: JSX element implicitly has type 'any' because no interface 'JSX.IntrinsicElements' exists.
components/business/Requests.tsx(10,2308): error TS7026: JSX element implicitly has type 'any' because no interface 'JSX.IntrinsicElements' exists.
components/business/Requests.tsx(10,2318): error TS7026: JSX element implicitly has type 'any' because no interface 'JSX.IntrinsicElements' exists.
components/business/Requests.tsx(10,2347): error TS7026: JSX element implicitly has type 'any' because no interface 'JSX.IntrinsicElements' exists.
components/business/Requests.tsx(10,2356): error TS7026: JSX element implicitly has type 'any' because no interface 'JSX.IntrinsicElements' exists.
components/business/Requests.tsx(10,2365): error TS7026: JSX element implicitly has type 'any' because no interface 'JSX.IntrinsicElements' exists.
components/business/Requests.tsx(10,2373): error TS7026: JSX element implicitly has type 'any' because no interface 'JSX.IntrinsicElements' exists.
components/business/Requests.tsx(10,2407): error TS7026: JSX element implicitly has type 'any' because no interface 'JSX.IntrinsicElements' exists.
components/business/Requests.tsx(10,2481): error TS7006: Parameter 'e' implicitly has an 'any' type.
components/business/Requests.tsx(10,2512): error TS7026: JSX element implicitly has type 'any' because no interface 'JSX.IntrinsicElements' exists.
components/business/Requests.tsx(10,2520): error TS7026: JSX element implicitly has type 'any' because no interface 'JSX.IntrinsicElements' exists.
components/business/Requests.tsx(10,2567): error TS7026: JSX element implicitly has type 'any' because no interface 'JSX.IntrinsicElements' exists.
components/business/Requests.tsx(10,2658): error TS7006: Parameter 'e' implicitly has an 'any' type.
components/business/Requests.tsx(10,2691): error TS7026: JSX element implicitly has type 'any' because no interface 'JSX.IntrinsicElements' exists.
components/business/Requests.tsx(10,2708): error TS2741: Property 'children' is missing in type '{ error: true; }' but required in type '{ children: React.ReactNode; error?: boolean | undefined; }'.
components/business/Requests.tsx(10,2738): error TS7026: JSX element implicitly has type 'any' because no interface 'JSX.IntrinsicElements' exists.
components/business/Requests.tsx(10,2831): error TS7026: JSX element implicitly has type 'any' because no interface 'JSX.IntrinsicElements' exists.
components/business/Requests.tsx(10,2840): error TS7026: JSX element implicitly has type 'any' because no interface 'JSX.IntrinsicElements' exists.
components/business/SecurityPanel.tsx(2,34): error TS2307: Cannot find module 'react' or its corresponding type declarations.
components/business/SecurityPanel.tsx(11,34): error TS2503: Cannot find namespace 'React'.
components/business/SecurityPanel.tsx(12,25): error TS2503: Cannot find namespace 'React'.
components/business/SecurityPanel.tsx(13,26): error TS2503: Cannot find namespace 'React'.
components/business/SecurityPanel.tsx(14,27): error TS2503: Cannot find namespace 'React'.
components/business/SecurityPanel.tsx(16,9): error TS7026: JSX element implicitly has type 'any' because no interface 'JSX.IntrinsicElements' exists.
components/business/SecurityPanel.tsx(17,11): error TS2741: Property 'children' is missing in type '{ error: true; }' but required in type '{ children: React.ReactNode; error?: boolean | undefined; }'.
components/business/SecurityPanel.tsx(17,52): error TS2741: Property 'children' is missing in type '{}' but required in type '{ children: React.ReactNode; error?: boolean | undefined; }'.
components/business/SecurityPanel.tsx(18,19): error TS2741: Property 'children' is missing in type '{}' but required in type '{ children: React.ReactNode; error?: boolean | undefined; }'.
components/business/SecurityPanel.tsx(19,19): error TS7026: JSX element implicitly has type 'any' because no interface 'JSX.IntrinsicElements' exists.
components/business/SecurityPanel.tsx(19,45): error TS7026: JSX element implicitly has type 'any' because no interface 'JSX.IntrinsicElements' exists.
components/business/SecurityPanel.tsx(19,75): error TS7026: JSX element implicitly has type 'any' because no interface 'JSX.IntrinsicElements' exists.
components/business/SecurityPanel.tsx(19,80): error TS7026: JSX element implicitly has type 'any' because no interface 'JSX.IntrinsicElements' exists.
components/business/SecurityPanel.tsx(19,112): error TS7026: JSX element implicitly has type 'any' because no interface 'JSX.IntrinsicElements' exists.
components/business/SecurityPanel.tsx(19,117): error TS7026: JSX element implicitly has type 'any' because no interface 'JSX.IntrinsicElements' exists.
components/business/SecurityPanel.tsx(19,175): error TS7026: JSX element implicitly has type 'any' because no interface 'JSX.IntrinsicElements' exists.
components/business/SecurityPanel.tsx(19,179): error TS7026: JSX element implicitly has type 'any' because no interface 'JSX.IntrinsicElements' exists.
components/business/SecurityPanel.tsx(19,185): error TS7026: JSX element implicitly has type 'any' because no interface 'JSX.IntrinsicElements' exists.
components/business/SecurityPanel.tsx(19,191): error TS7026: JSX element implicitly has type 'any' because no interface 'JSX.IntrinsicElements' exists.
components/business/SecurityPanel.tsx(19,221): error TS7026: JSX element implicitly has type 'any' because no interface 'JSX.IntrinsicElements' exists.
components/business/SecurityPanel.tsx(19,261): error TS7006: Parameter 'c' implicitly has an 'any' type.
components/business/SecurityPanel.tsx(19,264): error TS7026: JSX element implicitly has type 'any' because no interface 'JSX.IntrinsicElements' exists.
components/business/SecurityPanel.tsx(19,281): error TS7026: JSX element implicitly has type 'any' because no interface 'JSX.IntrinsicElements' exists.
components/business/SecurityPanel.tsx(19,290): error TS7026: JSX element implicitly has type 'any' because no interface 'JSX.IntrinsicElements' exists.
components/business/SecurityPanel.tsx(19,296): error TS7026: JSX element implicitly has type 'any' because no interface 'JSX.IntrinsicElements' exists.
components/business/SecurityPanel.tsx(19,452): error TS7026: JSX element implicitly has type 'any' because no interface 'JSX.IntrinsicElements' exists.
components/business/SecurityPanel.tsx(19,456): error TS7026: JSX element implicitly has type 'any' because no interface 'JSX.IntrinsicElements' exists.
components/business/SecurityPanel.tsx(19,603): error TS7026: JSX element implicitly has type 'any' because no interface 'JSX.IntrinsicElements' exists.
components/business/SecurityPanel.tsx(19,612): error TS7026: JSX element implicitly has type 'any' because no interface 'JSX.IntrinsicElements' exists.
components/business/SecurityPanel.tsx(19,618): error TS7026: JSX element implicitly has type 'any' because no interface 'JSX.IntrinsicElements' exists.
components/business/SecurityPanel.tsx(20,22): error TS7026: JSX element implicitly has type 'any' because no interface 'JSX.IntrinsicElements' exists.
components/business/SecurityPanel.tsx(20,55): error TS7026: JSX element implicitly has type 'any' because no interface 'JSX.IntrinsicElements' exists.
components/business/SecurityPanel.tsx(20,81): error TS7026: JSX element implicitly has type 'any' because no interface 'JSX.IntrinsicElements' exists.
components/business/SecurityPanel.tsx(20,111): error TS7026: JSX element implicitly has type 'any' because no interface 'JSX.IntrinsicElements' exists.
components/business/SecurityPanel.tsx(20,116): error TS7026: JSX element implicitly has type 'any' because no interface 'JSX.IntrinsicElements' exists.
components/business/SecurityPanel.tsx(20,141): error TS7026: JSX element implicitly has type 'any' because no interface 'JSX.IntrinsicElements' exists.
components/business/SecurityPanel.tsx(20,146): error TS7026: JSX element implicitly has type 'any' because no interface 'JSX.IntrinsicElements' exists.
components/business/SecurityPanel.tsx(20,204): error TS7026: JSX element implicitly has type 'any' because no interface 'JSX.IntrinsicElements' exists.
components/business/SecurityPanel.tsx(20,208): error TS7026: JSX element implicitly has type 'any' because no interface 'JSX.IntrinsicElements' exists.
components/business/SecurityPanel.tsx(20,318): error TS7026: JSX element implicitly has type 'any' because no interface 'JSX.IntrinsicElements' exists.
components/business/SecurityPanel.tsx(20,324): error TS7026: JSX element implicitly has type 'any' because no interface 'JSX.IntrinsicElements' exists.
components/business/SecurityPanel.tsx(21,31): error TS7026: JSX element implicitly has type 'any' because no interface 'JSX.IntrinsicElements' exists.
components/business/SecurityPanel.tsx(21,54): error TS7026: JSX element implicitly has type 'any' because no interface 'JSX.IntrinsicElements' exists.
components/business/SecurityPanel.tsx(21,98): error TS7026: JSX element implicitly has type 'any' because no interface 'JSX.IntrinsicElements' exists.
components/business/SecurityPanel.tsx(21,192): error TS7006: Parameter 'e' implicitly has an 'any' type.
components/business/SecurityPanel.tsx(21,244): error TS7026: JSX element implicitly has type 'any' because no interface 'JSX.IntrinsicElements' exists.
components/business/SecurityPanel.tsx(21,252): error TS7026: JSX element implicitly has type 'any' because no interface 'JSX.IntrinsicElements' exists.
components/business/SecurityPanel.tsx(21,388): error TS7026: JSX element implicitly has type 'any' because no interface 'JSX.IntrinsicElements' exists.
components/business/SecurityPanel.tsx(21,397): error TS7026: JSX element implicitly has type 'any' because no interface 'JSX.IntrinsicElements' exists.
components/business/SecurityPanel.tsx(21,405): error TS7026: JSX element implicitly has type 'any' because no interface 'JSX.IntrinsicElements' exists.
components/business/SecurityPanel.tsx(21,429): error TS7026: JSX element implicitly has type 'any' because no interface 'JSX.IntrinsicElements' exists.
components/business/SecurityPanel.tsx(21,491): error TS7026: JSX element implicitly has type 'any' because no interface 'JSX.IntrinsicElements' exists.
components/business/SecurityPanel.tsx(21,509): error TS7026: JSX element implicitly has type 'any' because no interface 'JSX.IntrinsicElements' exists.
components/business/SecurityPanel.tsx(21,565): error TS7026: JSX element implicitly has type 'any' because no interface 'JSX.IntrinsicElements' exists.
components/business/SecurityPanel.tsx(21,569): error TS7026: JSX element implicitly has type 'any' because no interface 'JSX.IntrinsicElements' exists.
components/business/SecurityPanel.tsx(21,605): error TS7026: JSX element implicitly has type 'any' because no interface 'JSX.IntrinsicElements' exists.
components/business/SecurityPanel.tsx(21,612): error TS7026: JSX element implicitly has type 'any' because no interface 'JSX.IntrinsicElements' exists.
components/business/SecurityPanel.tsx(21,740): error TS7026: JSX element implicitly has type 'any' because no interface 'JSX.IntrinsicElements' exists.
components/business/SecurityPanel.tsx(21,744): error TS7026: JSX element implicitly has type 'any' because no interface 'JSX.IntrinsicElements' exists.
components/business/SecurityPanel.tsx(21,788): error TS7026: JSX element implicitly has type 'any' because no interface 'JSX.IntrinsicElements' exists.
components/business/SecurityPanel.tsx(21,841): error TS7006: Parameter 'e' implicitly has an 'any' type.
components/business/SecurityPanel.tsx(21,934): error TS7026: JSX element implicitly has type 'any' because no interface 'JSX.IntrinsicElements' exists.
components/business/SecurityPanel.tsx(21,942): error TS7026: JSX element implicitly has type 'any' because no interface 'JSX.IntrinsicElements' exists.
components/business/SecurityPanel.tsx(21,996): error TS7026: JSX element implicitly has type 'any' because no interface 'JSX.IntrinsicElements' exists.
components/business/SecurityPanel.tsx(21,1026): error TS7006: Parameter 'e' implicitly has an 'any' type.
components/business/SecurityPanel.tsx(21,1162): error TS7026: JSX element implicitly has type 'any' because no interface 'JSX.IntrinsicElements' exists.
components/business/SecurityPanel.tsx(21,1170): error TS7026: JSX element implicitly has type 'any' because no interface 'JSX.IntrinsicElements' exists.
components/business/SecurityPanel.tsx(21,1271): error TS7026: JSX element implicitly has type 'any' because no interface 'JSX.IntrinsicElements' exists.
components/business/SecurityPanel.tsx(21,1280): error TS7026: JSX element implicitly has type 'any' because no interface 'JSX.IntrinsicElements' exists.
components/business/SecurityPanel.tsx(21,1419): error TS7026: JSX element implicitly has type 'any' because no interface 'JSX.IntrinsicElements' exists.
components/business/SecurityPanel.tsx(21,1428): error TS7026: JSX element implicitly has type 'any' because no interface 'JSX.IntrinsicElements' exists.
components/business/SecurityPanel.tsx(21,1442): error TS7026: JSX element implicitly has type 'any' because no interface 'JSX.IntrinsicElements' exists.
components/business/SecurityPanel.tsx(21,1528): error TS7026: JSX element implicitly has type 'any' because no interface 'JSX.IntrinsicElements' exists.
components/business/SecurityPanel.tsx(21,1551): error TS2741: Property 'children' is missing in type '{}' but required in type '{ children: React.ReactNode; error?: boolean | undefined; }'.
components/business/SecurityPanel.tsx(21,1655): error TS7026: JSX element implicitly has type 'any' because no interface 'JSX.IntrinsicElements' exists.
components/business/SecurityPanel.tsx(21,1680): error TS7026: JSX element implicitly has type 'any' because no interface 'JSX.IntrinsicElements' exists.
components/business/SecurityPanel.tsx(21,1724): error TS7026: JSX element implicitly has type 'any' because no interface 'JSX.IntrinsicElements' exists.
components/business/SecurityPanel.tsx(21,1809): error TS7006: Parameter 'e' implicitly has an 'any' type.
components/business/SecurityPanel.tsx(21,1870): error TS7026: JSX element implicitly has type 'any' because no interface 'JSX.IntrinsicElements' exists.
components/business/SecurityPanel.tsx(21,1878): error TS7026: JSX element implicitly has type 'any' because no interface 'JSX.IntrinsicElements' exists.
components/business/SecurityPanel.tsx(21,1942): error TS7026: JSX element implicitly has type 'any' because no interface 'JSX.IntrinsicElements' exists.
components/business/SecurityPanel.tsx(21,1972): error TS7006: Parameter 'e' implicitly has an 'any' type.
components/business/SecurityPanel.tsx(21,2055): error TS7026: JSX element implicitly has type 'any' because no interface 'JSX.IntrinsicElements' exists.
components/business/SecurityPanel.tsx(21,2063): error TS7026: JSX element implicitly has type 'any' because no interface 'JSX.IntrinsicElements' exists.
components/business/SecurityPanel.tsx(21,2138): error TS7026: JSX element implicitly has type 'any' because no interface 'JSX.IntrinsicElements' exists.
components/business/SecurityPanel.tsx(21,2147): error TS7026: JSX element implicitly has type 'any' because no interface 'JSX.IntrinsicElements' exists.
components/business/SecurityPanel.tsx(22,2): error TS7026: JSX element implicitly has type 'any' because no interface 'JSX.IntrinsicElements' exists.
components/business/SecurityPanel.tsx(22,8): error TS7026: JSX element implicitly has type 'any' because no interface 'JSX.IntrinsicElements' exists.
components/business/SecurityPanel.tsx(23,19): error TS7026: JSX element implicitly has type 'any' because no interface 'JSX.IntrinsicElements' exists.
components/business/SecurityPanel.tsx(23,45): error TS7026: JSX element implicitly has type 'any' because no interface 'JSX.IntrinsicElements' exists.
components/business/SecurityPanel.tsx(23,75): error TS7026: JSX element implicitly has type 'any' because no interface 'JSX.IntrinsicElements' exists.
components/business/SecurityPanel.tsx(23,80): error TS7026: JSX element implicitly has type 'any' because no interface 'JSX.IntrinsicElements' exists.
components/business/SecurityPanel.tsx(23,99): error TS7026: JSX element implicitly has type 'any' because no interface 'JSX.IntrinsicElements' exists.
components/business/SecurityPanel.tsx(23,104): error TS7026: JSX element implicitly has type 'any' because no interface 'JSX.IntrinsicElements' exists.
components/business/SecurityPanel.tsx(23,161): error TS7026: JSX element implicitly has type 'any' because no interface 'JSX.IntrinsicElements' exists.
components/business/SecurityPanel.tsx(23,165): error TS7026: JSX element implicitly has type 'any' because no interface 'JSX.IntrinsicElements' exists.
components/business/SecurityPanel.tsx(23,171): error TS7026: JSX element implicitly has type 'any' because no interface 'JSX.IntrinsicElements' exists.
components/business/SecurityPanel.tsx(23,177): error TS7026: JSX element implicitly has type 'any' because no interface 'JSX.IntrinsicElements' exists.
components/business/SecurityPanel.tsx(23,207): error TS7026: JSX element implicitly has type 'any' because no interface 'JSX.IntrinsicElements' exists.
components/business/SecurityPanel.tsx(23,239): error TS7026: JSX element implicitly has type 'any' because no interface 'JSX.IntrinsicElements' exists.
components/business/SecurityPanel.tsx(23,283): error TS7026: JSX element implicitly has type 'any' because no interface 'JSX.IntrinsicElements' exists.
components/business/SecurityPanel.tsx(23,333): error TS7006: Parameter 'e' implicitly has an 'any' type.
components/business/SecurityPanel.tsx(23,423): error TS7026: JSX element implicitly has type 'any' because no interface 'JSX.IntrinsicElements' exists.
components/business/SecurityPanel.tsx(23,431): error TS7026: JSX element implicitly has type 'any' because no interface 'JSX.IntrinsicElements' exists.
components/business/SecurityPanel.tsx(23,471): error TS7026: JSX element implicitly has type 'any' because no interface 'JSX.IntrinsicElements' exists.
components/business/SecurityPanel.tsx(23,525): error TS7006: Parameter 'e' implicitly has an 'any' type.
components/business/SecurityPanel.tsx(23,630): error TS7026: JSX element implicitly has type 'any' because no interface 'JSX.IntrinsicElements' exists.
components/business/SecurityPanel.tsx(23,730): error TS7026: JSX element implicitly has type 'any' because no interface 'JSX.IntrinsicElements' exists.
components/business/SecurityPanel.tsx(23,738): error TS7026: JSX element implicitly has type 'any' because no interface 'JSX.IntrinsicElements' exists.
components/business/SecurityPanel.tsx(23,746): error TS7026: JSX element implicitly has type 'any' because no interface 'JSX.IntrinsicElements' exists.
components/business/SecurityPanel.tsx(23,794): error TS7026: JSX element implicitly has type 'any' because no interface 'JSX.IntrinsicElements' exists.
components/business/SecurityPanel.tsx(23,843): error TS7006: Parameter 'e' implicitly has an 'any' type.
components/business/SecurityPanel.tsx(23,943): error TS7026: JSX element implicitly has type 'any' because no interface 'JSX.IntrinsicElements' exists.
components/business/SecurityPanel.tsx(23,951): error TS7026: JSX element implicitly has type 'any' because no interface 'JSX.IntrinsicElements' exists.
components/business/SecurityPanel.tsx(23,1048): error TS7026: JSX element implicitly has type 'any' because no interface 'JSX.IntrinsicElements' exists.
components/business/SecurityPanel.tsx(23,1057): error TS7026: JSX element implicitly has type 'any' because no interface 'JSX.IntrinsicElements' exists.
components/business/SecurityPanel.tsx(23,1064): error TS7026: JSX element implicitly has type 'any' because no interface 'JSX.IntrinsicElements' exists.
components/business/SecurityPanel.tsx(23,1070): error TS7026: JSX element implicitly has type 'any' because no interface 'JSX.IntrinsicElements' exists.
components/business/SecurityPanel.tsx(24,2): error TS7026: JSX element implicitly has type 'any' because no interface 'JSX.IntrinsicElements' exists.
components/business/SecurityPanel.tsx(25,19): error TS7026: JSX element implicitly has type 'any' because no interface 'JSX.IntrinsicElements' exists.
components/business/SecurityPanel.tsx(25,45): error TS7026: JSX element implicitly has type 'any' because no interface 'JSX.IntrinsicElements' exists.
components/business/SecurityPanel.tsx(25,75): error TS7026: JSX element implicitly has type 'any' because no interface 'JSX.IntrinsicElements' exists.
components/business/SecurityPanel.tsx(25,80): error TS7026: JSX element implicitly has type 'any' because no interface 'JSX.IntrinsicElements' exists.
components/business/SecurityPanel.tsx(25,99): error TS7026: JSX element implicitly has type 'any' because no interface 'JSX.IntrinsicElements' exists.
components/business/SecurityPanel.tsx(25,104): error TS7026: JSX element implicitly has type 'any' because no interface 'JSX.IntrinsicElements' exists.
components/business/SecurityPanel.tsx(25,216): error TS7026: JSX element implicitly has type 'any' because no interface 'JSX.IntrinsicElements' exists.
components/business/SecurityPanel.tsx(25,220): error TS7026: JSX element implicitly has type 'any' because no interface 'JSX.IntrinsicElements' exists.
components/business/SecurityPanel.tsx(25,226): error TS7026: JSX element implicitly has type 'any' because no interface 'JSX.IntrinsicElements' exists.
components/business/SecurityPanel.tsx(25,327): error TS7026: JSX element implicitly has type 'any' because no interface 'JSX.IntrinsicElements' exists.
components/business/SecurityPanel.tsx(25,336): error TS7026: JSX element implicitly has type 'any' because no interface 'JSX.IntrinsicElements' exists.
components/business/SecurityPanel.tsx(25,342): error TS7026: JSX element implicitly has type 'any' because no interface 'JSX.IntrinsicElements' exists.
components/business/SecurityPanel.tsx(25,372): error TS7026: JSX element implicitly has type 'any' because no interface 'JSX.IntrinsicElements' exists.
components/business/SecurityPanel.tsx(25,435): error TS7026: JSX element implicitly has type 'any' because no interface 'JSX.IntrinsicElements' exists.
components/business/SecurityPanel.tsx(25,492): error TS7006: Parameter 'e' implicitly has an 'any' type.
components/business/SecurityPanel.tsx(25,580): error TS7026: JSX element implicitly has type 'any' because no interface 'JSX.IntrinsicElements' exists.
components/business/SecurityPanel.tsx(25,588): error TS7026: JSX element implicitly has type 'any' because no interface 'JSX.IntrinsicElements' exists.
components/business/SecurityPanel.tsx(25,688): error TS7026: JSX element implicitly has type 'any' because no interface 'JSX.IntrinsicElements' exists.
components/business/SecurityPanel.tsx(25,697): error TS7026: JSX element implicitly has type 'any' because no interface 'JSX.IntrinsicElements' exists.
components/business/SecurityPanel.tsx(25,703): error TS7026: JSX element implicitly has type 'any' because no interface 'JSX.IntrinsicElements' exists.
components/business/SecurityPanel.tsx(25,733): error TS7026: JSX element implicitly has type 'any' because no interface 'JSX.IntrinsicElements' exists.
components/business/SecurityPanel.tsx(25,761): error TS7026: JSX element implicitly has type 'any' because no interface 'JSX.IntrinsicElements' exists.
components/business/SecurityPanel.tsx(25,768): error TS7026: JSX element implicitly has type 'any' because no interface 'JSX.IntrinsicElements' exists.
components/business/SecurityPanel.tsx(25,772): error TS7026: JSX element implicitly has type 'any' because no interface 'JSX.IntrinsicElements' exists.
components/business/SecurityPanel.tsx(25,792): error TS7026: JSX element implicitly has type 'any' because no interface 'JSX.IntrinsicElements' exists.
components/business/SecurityPanel.tsx(25,797): error TS7026: JSX element implicitly has type 'any' because no interface 'JSX.IntrinsicElements' exists.
components/business/SecurityPanel.tsx(25,814): error TS7026: JSX element implicitly has type 'any' because no interface 'JSX.IntrinsicElements' exists.
components/business/SecurityPanel.tsx(25,819): error TS7026: JSX element implicitly has type 'any' because no interface 'JSX.IntrinsicElements' exists.
components/business/SecurityPanel.tsx(25,842): error TS7026: JSX element implicitly has type 'any' because no interface 'JSX.IntrinsicElements' exists.
components/business/SecurityPanel.tsx(25,847): error TS7026: JSX element implicitly has type 'any' because no interface 'JSX.IntrinsicElements' exists.
components/business/SecurityPanel.tsx(25,858): error TS7026: JSX element implicitly has type 'any' because no interface 'JSX.IntrinsicElements' exists.
components/business/SecurityPanel.tsx(25,863): error TS7026: JSX element implicitly has type 'any' because no interface 'JSX.IntrinsicElements' exists.
components/business/SecurityPanel.tsx(25,868): error TS7026: JSX element implicitly has type 'any' because no interface 'JSX.IntrinsicElements' exists.
components/business/SecurityPanel.tsx(25,876): error TS7026: JSX element implicitly has type 'any' because no interface 'JSX.IntrinsicElements' exists.
components/business/SecurityPanel.tsx(25,911): error TS7026: JSX element implicitly has type 'any' because no interface 'JSX.IntrinsicElements' exists.
components/business/SecurityPanel.tsx(25,927): error TS7026: JSX element implicitly has type 'any' because no interface 'JSX.IntrinsicElements' exists.
components/business/SecurityPanel.tsx(25,986): error TS7026: JSX element implicitly has type 'any' because no interface 'JSX.IntrinsicElements' exists.
components/business/SecurityPanel.tsx(25,1048): error TS7026: JSX element implicitly has type 'any' because no interface 'JSX.IntrinsicElements' exists.
components/business/SecurityPanel.tsx(25,1056): error TS7026: JSX element implicitly has type 'any' because no interface 'JSX.IntrinsicElements' exists.
components/business/SecurityPanel.tsx(25,1061): error TS7026: JSX element implicitly has type 'any' because no interface 'JSX.IntrinsicElements' exists.
components/business/SecurityPanel.tsx(25,1085): error TS7026: JSX element implicitly has type 'any' because no interface 'JSX.IntrinsicElements' exists.
components/business/SecurityPanel.tsx(25,1090): error TS7026: JSX element implicitly has type 'any' because no interface 'JSX.IntrinsicElements' exists.
components/business/SecurityPanel.tsx(25,1115): error TS7026: JSX element implicitly has type 'any' because no interface 'JSX.IntrinsicElements' exists.
components/business/SecurityPanel.tsx(25,1120): error TS7026: JSX element implicitly has type 'any' because no interface 'JSX.IntrinsicElements' exists.
components/business/SecurityPanel.tsx(25,1200): error TS7026: JSX element implicitly has type 'any' because no interface 'JSX.IntrinsicElements' exists.
components/business/SecurityPanel.tsx(25,1297): error TS7026: JSX element implicitly has type 'any' because no interface 'JSX.IntrinsicElements' exists.
components/business/SecurityPanel.tsx(25,1307): error TS7026: JSX element implicitly has type 'any' because no interface 'JSX.IntrinsicElements' exists.
components/business/SecurityPanel.tsx(25,1312): error TS7026: JSX element implicitly has type 'any' because no interface 'JSX.IntrinsicElements' exists.
components/business/SecurityPanel.tsx(25,1319): error TS7026: JSX element implicitly has type 'any' because no interface 'JSX.IntrinsicElements' exists.
components/business/SecurityPanel.tsx(25,1327): error TS7026: JSX element implicitly has type 'any' because no interface 'JSX.IntrinsicElements' exists.
components/business/SecurityPanel.tsx(25,1335): error TS7026: JSX element implicitly has type 'any' because no interface 'JSX.IntrinsicElements' exists.
components/business/SecurityPanel.tsx(25,1341): error TS7026: JSX element implicitly has type 'any' because no interface 'JSX.IntrinsicElements' exists.
components/business/SecurityPanel.tsx(26,2): error TS7026: JSX element implicitly has type 'any' because no interface 'JSX.IntrinsicElements' exists.
components/business/SecurityPanel.tsx(26,284): error TS7026: JSX element implicitly has type 'any' because no interface 'JSX.IntrinsicElements' exists.
components/business/SecurityPanel.tsx(28,2): error TS7026: JSX element implicitly has type 'any' because no interface 'JSX.IntrinsicElements' exists.
components/business/ui.tsx(2,38): error TS2307: Cannot find module 'react' or its corresponding type declarations.
components/business/ui.tsx(5,28): error TS2503: Cannot find namespace 'React'.
components/business/ui.tsx(6,14): error TS7026: JSX element implicitly has type 'any' because no interface 'JSX.IntrinsicElements' exists.
components/business/ui.tsx(6,63): error TS7026: JSX element implicitly has type 'any' because no interface 'JSX.IntrinsicElements' exists.
components/business/ui.tsx(6,113): error TS7026: JSX element implicitly has type 'any' because no interface 'JSX.IntrinsicElements' exists.
components/business/ui.tsx(6,163): error TS7026: JSX element implicitly has type 'any' because no interface 'JSX.IntrinsicElements' exists.
components/business/ui.tsx(7,11): error TS7026: JSX element implicitly has type 'any' because no interface 'JSX.IntrinsicElements' exists.
components/business/ui.tsx(7,40): error TS7026: JSX element implicitly has type 'any' because no interface 'JSX.IntrinsicElements' exists.
components/business/ui.tsx(8,18): error TS7026: JSX element implicitly has type 'any' because no interface 'JSX.IntrinsicElements' exists.
components/business/ui.tsx(8,67): error TS7026: JSX element implicitly has type 'any' because no interface 'JSX.IntrinsicElements' exists.
components/business/ui.tsx(9,13): error TS7026: JSX element implicitly has type 'any' because no interface 'JSX.IntrinsicElements' exists.
components/business/ui.tsx(10,13): error TS7026: JSX element implicitly has type 'any' because no interface 'JSX.IntrinsicElements' exists.
components/business/ui.tsx(10,62): error TS7026: JSX element implicitly has type 'any' because no interface 'JSX.IntrinsicElements' exists.
components/business/ui.tsx(11,12): error TS7026: JSX element implicitly has type 'any' because no interface 'JSX.IntrinsicElements' exists.
components/business/ui.tsx(12,12): error TS7026: JSX element implicitly has type 'any' because no interface 'JSX.IntrinsicElements' exists.
components/business/ui.tsx(12,55): error TS7026: JSX element implicitly has type 'any' because no interface 'JSX.IntrinsicElements' exists.
components/business/ui.tsx(13,14): error TS7026: JSX element implicitly has type 'any' because no interface 'JSX.IntrinsicElements' exists.
components/business/ui.tsx(14,10): error TS7026: JSX element implicitly has type 'any' because no interface 'JSX.IntrinsicElements' exists.
components/business/ui.tsx(15,12): error TS7026: JSX element implicitly has type 'any' because no interface 'JSX.IntrinsicElements' exists.
components/business/ui.tsx(16,11): error TS7026: JSX element implicitly has type 'any' because no interface 'JSX.IntrinsicElements' exists.
components/business/ui.tsx(16,60): error TS7026: JSX element implicitly has type 'any' because no interface 'JSX.IntrinsicElements' exists.
components/business/ui.tsx(17,8): error TS7026: JSX element implicitly has type 'any' because no interface 'JSX.IntrinsicElements' exists.
components/business/ui.tsx(18,8): error TS7026: JSX element implicitly has type 'any' because no interface 'JSX.IntrinsicElements' exists.
components/business/ui.tsx(18,50): error TS7026: JSX element implicitly has type 'any' because no interface 'JSX.IntrinsicElements' exists.
components/business/ui.tsx(19,9): error TS7026: JSX element implicitly has type 'any' because no interface 'JSX.IntrinsicElements' exists.
components/business/ui.tsx(19,54): error TS7026: JSX element implicitly has type 'any' because no interface 'JSX.IntrinsicElements' exists.
components/business/ui.tsx(20,14): error TS7026: JSX element implicitly has type 'any' because no interface 'JSX.IntrinsicElements' exists.
components/business/ui.tsx(20,74): error TS7026: JSX element implicitly has type 'any' because no interface 'JSX.IntrinsicElements' exists.
components/business/ui.tsx(21,12): error TS7026: JSX element implicitly has type 'any' because no interface 'JSX.IntrinsicElements' exists.
components/business/ui.tsx(21,43): error TS7026: JSX element implicitly has type 'any' because no interface 'JSX.IntrinsicElements' exists.
components/business/ui.tsx(21,74): error TS7026: JSX element implicitly has type 'any' because no interface 'JSX.IntrinsicElements' exists.
components/business/ui.tsx(22,11): error TS7026: JSX element implicitly has type 'any' because no interface 'JSX.IntrinsicElements' exists.
components/business/ui.tsx(22,42): error TS7026: JSX element implicitly has type 'any' because no interface 'JSX.IntrinsicElements' exists.
components/business/ui.tsx(22,75): error TS7026: JSX element implicitly has type 'any' because no interface 'JSX.IntrinsicElements' exists.
components/business/ui.tsx(23,12): error TS7026: JSX element implicitly has type 'any' because no interface 'JSX.IntrinsicElements' exists.
components/business/ui.tsx(23,68): error TS7026: JSX element implicitly has type 'any' because no interface 'JSX.IntrinsicElements' exists.
components/business/ui.tsx(23,100): error TS7026: JSX element implicitly has type 'any' because no interface 'JSX.IntrinsicElements' exists.
components/business/ui.tsx(24,10): error TS7026: JSX element implicitly has type 'any' because no interface 'JSX.IntrinsicElements' exists.
components/business/ui.tsx(24,41): error TS7026: JSX element implicitly has type 'any' because no interface 'JSX.IntrinsicElements' exists.
components/business/ui.tsx(26,9): error TS7026: JSX element implicitly has type 'any' because no interface 'JSX.IntrinsicElements' exists.
components/business/ui.tsx(26,206): error TS7026: JSX element implicitly has type 'any' because no interface 'JSX.IntrinsicElements' exists.
components/business/ui.tsx(34,71): error TS7026: JSX element implicitly has type 'any' because no interface 'JSX.IntrinsicElements' exists.
components/business/ui.tsx(34,179): error TS7026: JSX element implicitly has type 'any' because no interface 'JSX.IntrinsicElements' exists.
components/business/ui.tsx(35,169): error TS2503: Cannot find namespace 'React'.
components/business/ui.tsx(35,194): error TS7026: JSX element implicitly has type 'any' because no interface 'JSX.IntrinsicElements' exists.
components/business/ui.tsx(35,220): error TS7026: JSX element implicitly has type 'any' because no interface 'JSX.IntrinsicElements' exists.
components/business/ui.tsx(35,283): error TS7026: JSX element implicitly has type 'any' because no interface 'JSX.IntrinsicElements' exists.
components/business/ui.tsx(35,290): error TS7026: JSX element implicitly has type 'any' because no interface 'JSX.IntrinsicElements' exists.
components/business/ui.tsx(35,301): error TS7026: JSX element implicitly has type 'any' because no interface 'JSX.IntrinsicElements' exists.
components/business/ui.tsx(35,306): error TS7026: JSX element implicitly has type 'any' because no interface 'JSX.IntrinsicElements' exists.
components/business/ui.tsx(35,322): error TS7026: JSX element implicitly has type 'any' because no interface 'JSX.IntrinsicElements' exists.
components/business/ui.tsx(35,334): error TS7026: JSX element implicitly has type 'any' because no interface 'JSX.IntrinsicElements' exists.
components/business/ui.tsx(36,34): error TS7026: JSX element implicitly has type 'any' because no interface 'JSX.IntrinsicElements' exists.
components/business/ui.tsx(36,76): error TS7026: JSX element implicitly has type 'any' because no interface 'JSX.IntrinsicElements' exists.
components/business/ui.tsx(36,130): error TS7026: JSX element implicitly has type 'any' because no interface 'JSX.IntrinsicElements' exists.
components/business/ui.tsx(37,57): error TS2503: Cannot find namespace 'React'.
components/business/ui.tsx(37,97): error TS7026: JSX element implicitly has type 'any' because no interface 'JSX.IntrinsicElements' exists.
components/business/ui.tsx(37,235): error TS7026: JSX element implicitly has type 'any' because no interface 'JSX.IntrinsicElements' exists.
components/business/ui.tsx(37,250): error TS7026: JSX element implicitly has type 'any' because no interface 'JSX.IntrinsicElements' exists.
components/business/ui.tsx(37,256): error TS7026: JSX element implicitly has type 'any' because no interface 'JSX.IntrinsicElements' exists.
components/business/ui.tsx(38,90): error TS2503: Cannot find namespace 'React'.
components/business/ui.tsx(38,156): error TS7026: JSX element implicitly has type 'any' because no interface 'JSX.IntrinsicElements' exists.
components/business/ui.tsx(38,220): error TS7026: JSX element implicitly has type 'any' because no interface 'JSX.IntrinsicElements' exists.
components/business/ui.tsx(38,250): error TS7026: JSX element implicitly has type 'any' because no interface 'JSX.IntrinsicElements' exists.
components/business/ui.tsx(38,263): error TS7026: JSX element implicitly has type 'any' because no interface 'JSX.IntrinsicElements' exists.
components/business/ui.tsx(38,270): error TS7026: JSX element implicitly has type 'any' because no interface 'JSX.IntrinsicElements' exists.
components/business/ui.tsx(38,292): error TS7026: JSX element implicitly has type 'any' because no interface 'JSX.IntrinsicElements' exists.
components/business/ui.tsx(38,296): error TS7026: JSX element implicitly has type 'any' because no interface 'JSX.IntrinsicElements' exists.
components/business/ui.tsx(38,302): error TS7026: JSX element implicitly has type 'any' because no interface 'JSX.IntrinsicElements' exists.
components/business/ui.tsx(38,317): error TS7026: JSX element implicitly has type 'any' because no interface 'JSX.IntrinsicElements' exists.
components/business/ui.tsx(38,326): error TS7026: JSX element implicitly has type 'any' because no interface 'JSX.IntrinsicElements' exists.
components/business/ui.tsx(38,339): error TS7026: JSX element implicitly has type 'any' because no interface 'JSX.IntrinsicElements' exists.
components/business/ui.tsx(38,347): error TS7026: JSX element implicitly has type 'any' because no interface 'JSX.IntrinsicElements' exists.
components/business/ui.tsx(39,137): error TS2503: Cannot find namespace 'React'.
components/business/ui.tsx(41,9): error TS7026: JSX element implicitly has type 'any' because no interface 'JSX.IntrinsicElements' exists.
components/business/ui.tsx(41,107): error TS7006: Parameter 'e' implicitly has an 'any' type.
components/business/ui.tsx(41,161): error TS7006: Parameter 'e' implicitly has an 'any' type.
components/business/ui.tsx(41,215): error TS7026: JSX element implicitly has type 'any' because no interface 'JSX.IntrinsicElements' exists.
components/business/ui.tsx(41,245): error TS7026: JSX element implicitly has type 'any' because no interface 'JSX.IntrinsicElements' exists.
components/business/ui.tsx(41,250): error TS7026: JSX element implicitly has type 'any' because no interface 'JSX.IntrinsicElements' exists.
components/business/ui.tsx(41,269): error TS7026: JSX element implicitly has type 'any' because no interface 'JSX.IntrinsicElements' exists.
components/business/ui.tsx(41,285): error TS7026: JSX element implicitly has type 'any' because no interface 'JSX.IntrinsicElements' exists.
components/business/ui.tsx(41,298): error TS7026: JSX element implicitly has type 'any' because no interface 'JSX.IntrinsicElements' exists.
components/business/ui.tsx(41,303): error TS7026: JSX element implicitly has type 'any' because no interface 'JSX.IntrinsicElements' exists.
components/business/ui.tsx(41,309): error TS7026: JSX element implicitly has type 'any' because no interface 'JSX.IntrinsicElements' exists.
components/business/ui.tsx(41,437): error TS7026: JSX element implicitly has type 'any' because no interface 'JSX.IntrinsicElements' exists.
components/business/ui.tsx(41,446): error TS7026: JSX element implicitly has type 'any' because no interface 'JSX.IntrinsicElements' exists.
components/business/ui.tsx(41,452): error TS7026: JSX element implicitly has type 'any' because no interface 'JSX.IntrinsicElements' exists.
components/business/ui.tsx(41,492): error TS7026: JSX element implicitly has type 'any' because no interface 'JSX.IntrinsicElements' exists.
components/business/ui.tsx(41,498): error TS7026: JSX element implicitly has type 'any' because no interface 'JSX.IntrinsicElements' exists.
components/business/ui.tsx(43,171): error TS7026: JSX element implicitly has type 'any' because no interface 'JSX.IntrinsicElements' exists.
components/business/ui.tsx(43,245): error TS7006: Parameter 'e' implicitly has an 'any' type.
components/business/ui.tsx(43,295): error TS7026: JSX element implicitly has type 'any' because no interface 'JSX.IntrinsicElements' exists.
components/business/ui.tsx(43,320): error TS7026: JSX element implicitly has type 'any' because no interface 'JSX.IntrinsicElements' exists.
components/business/ui.tsx(43,346): error TS7026: JSX element implicitly has type 'any' because no interface 'JSX.IntrinsicElements' exists.
components/business/ui.tsx(43,427): error TS7026: JSX element implicitly has type 'any' because no interface 'JSX.IntrinsicElements' exists.
components/business/ui.tsx(43,438): error TS7026: JSX element implicitly has type 'any' because no interface 'JSX.IntrinsicElements' exists.
components/business/ui.tsx(46,9): error TS7026: JSX element implicitly has type 'any' because no interface 'JSX.IntrinsicElements' exists.
components/business/ui.tsx(46,36): error TS7026: JSX element implicitly has type 'any' because no interface 'JSX.IntrinsicElements' exists.
components/business/ui.tsx(46,94): error TS7026: JSX element implicitly has type 'any' because no interface 'JSX.IntrinsicElements' exists.
components/business/ui.tsx(46,101): error TS7026: JSX element implicitly has type 'any' because no interface 'JSX.IntrinsicElements' exists.
components/business/ui.tsx(46,110): error TS7026: JSX element implicitly has type 'any' because no interface 'JSX.IntrinsicElements' exists.
components/business/ui.tsx(46,183): error TS7026: JSX element implicitly has type 'any' because no interface 'JSX.IntrinsicElements' exists.
components/business/ui.tsx(46,193): error TS7026: JSX element implicitly has type 'any' because no interface 'JSX.IntrinsicElements' exists.
components/business/ui.tsx(46,202): error TS7026: JSX element implicitly has type 'any' because no interface 'JSX.IntrinsicElements' exists.
components/business/ui.tsx(46,207): error TS7026: JSX element implicitly has type 'any' because no interface 'JSX.IntrinsicElements' exists.
components/business/ui.tsx(46,248): error TS7026: JSX element implicitly has type 'any' because no interface 'JSX.IntrinsicElements' exists.
components/business/ui.tsx(46,256): error TS7026: JSX element implicitly has type 'any' because no interface 'JSX.IntrinsicElements' exists.
components/business/ui.tsx(46,262): error TS7026: JSX element implicitly has type 'any' because no interface 'JSX.IntrinsicElements' exists.
components/business/ui.tsx(54,9): error TS7026: JSX element implicitly has type 'any' because no interface 'JSX.IntrinsicElements' exists.
components/business/ui.tsx(54,35): error TS7026: JSX element implicitly has type 'any' because no interface 'JSX.IntrinsicElements' exists.
components/business/ui.tsx(54,62): error TS7026: JSX element implicitly has type 'any' because no interface 'JSX.IntrinsicElements' exists.
components/business/ui.tsx(54,68): error TS7026: JSX element implicitly has type 'any' because no interface 'JSX.IntrinsicElements' exists.
components/business/ui.tsx(54,116): error TS7026: JSX element implicitly has type 'any' because no interface 'JSX.IntrinsicElements' exists.
components/business/ui.tsx(54,123): error TS7026: JSX element implicitly has type 'any' because no interface 'JSX.IntrinsicElements' exists.
components/business/ui.tsx(54,129): error TS7026: JSX element implicitly has type 'any' because no interface 'JSX.IntrinsicElements' exists.
components/business/ui.tsx(54,177): error TS7026: JSX element implicitly has type 'any' because no interface 'JSX.IntrinsicElements' exists.
components/business/ui.tsx(54,184): error TS7026: JSX element implicitly has type 'any' because no interface 'JSX.IntrinsicElements' exists.
components/business/ui.tsx(54,207): error TS7026: JSX element implicitly has type 'any' because no interface 'JSX.IntrinsicElements' exists.
components/business/ui.tsx(54,215): error TS7026: JSX element implicitly has type 'any' because no interface 'JSX.IntrinsicElements' exists.
components/business/ui.tsx(54,221): error TS7026: JSX element implicitly has type 'any' because no interface 'JSX.IntrinsicElements' exists.
components/business/ui.tsx(54,426): error TS7026: JSX element implicitly has type 'any' because no interface 'JSX.IntrinsicElements' exists.
components/business/ui.tsx(54,437): error TS7026: JSX element implicitly has type 'any' because no interface 'JSX.IntrinsicElements' exists.
components/business/ui.tsx(54,513): error TS7026: JSX element implicitly has type 'any' because no interface 'JSX.IntrinsicElements' exists.
components/business/ui.tsx(54,681): error TS7026: JSX element implicitly has type 'any' because no interface 'JSX.IntrinsicElements' exists.
components/business/ui.tsx(54,688): error TS7026: JSX element implicitly has type 'any' because no interface 'JSX.IntrinsicElements' exists.
components/business/ui.tsx(54,694): error TS7026: JSX element implicitly has type 'any' because no interface 'JSX.IntrinsicElements' exists.
components/business/ui.tsx(54,804): error TS7026: JSX element implicitly has type 'any' because no interface 'JSX.IntrinsicElements' exists.
components/business/ui.tsx(54,860): error TS7026: JSX element implicitly has type 'any' because no interface 'JSX.IntrinsicElements' exists.
components/business/ui.tsx(54,934): error TS7026: JSX element implicitly has type 'any' because no interface 'JSX.IntrinsicElements' exists.
components/business/ui.tsx(54,1092): error TS7026: JSX element implicitly has type 'any' because no interface 'JSX.IntrinsicElements' exists.
components/business/ui.tsx(54,1101): error TS7026: JSX element implicitly has type 'any' because no interface 'JSX.IntrinsicElements' exists.
components/business/ui.tsx(54,1154): error TS7026: JSX element implicitly has type 'any' because no interface 'JSX.IntrinsicElements' exists.
components/business/ui.tsx(54,1235): error TS7026: JSX element implicitly has type 'any' because no interface 'JSX.IntrinsicElements' exists.
components/business/ui.tsx(54,1240): error TS7026: JSX element implicitly has type 'any' because no interface 'JSX.IntrinsicElements' exists.
components/cms/ContentCollection.tsx(4,34): error TS2307: Cannot find module 'react' or its corresponding type declarations.
components/cms/ContentCollection.tsx(6,21): error TS2307: Cannot find module 'next/dynamic' or its corresponding type declarations.
components/cms/ContentCollection.tsx(7,71): error TS7026: JSX element implicitly has type 'any' because no interface 'JSX.IntrinsicElements' exists.
components/cms/ContentCollection.tsx(7,110): error TS7026: JSX element implicitly has type 'any' because no interface 'JSX.IntrinsicElements' exists.
components/cms/ContentCollection.tsx(20,10): error TS7026: JSX element implicitly has type 'any' because no interface 'JSX.IntrinsicElements' exists.
components/cms/ContentCollection.tsx(20,43): error TS7026: JSX element implicitly has type 'any' because no interface 'JSX.IntrinsicElements' exists.
components/cms/ContentCollection.tsx(20,90): error TS7026: JSX element implicitly has type 'any' because no interface 'JSX.IntrinsicElements' exists.
components/cms/ContentCollection.tsx(20,105): error TS7026: JSX element implicitly has type 'any' because no interface 'JSX.IntrinsicElements' exists.
components/cms/ContentCollection.tsx(20,155): error TS7026: JSX element implicitly has type 'any' because no interface 'JSX.IntrinsicElements' exists.
components/cms/ContentCollection.tsx(20,206): error TS7026: JSX element implicitly has type 'any' because no interface 'JSX.IntrinsicElements' exists.
components/cms/ContentCollection.tsx(20,215): error TS7026: JSX element implicitly has type 'any' because no interface 'JSX.IntrinsicElements' exists.
components/cms/ContentCollection.tsx(20,222): error TS7026: JSX element implicitly has type 'any' because no interface 'JSX.IntrinsicElements' exists.
components/cms/ContentCollection.tsx(20,247): error TS7026: JSX element implicitly has type 'any' because no interface 'JSX.IntrinsicElements' exists.
components/cms/ContentCollection.tsx(20,355): error TS7006: Parameter 'e' implicitly has an 'any' type.
components/cms/ContentCollection.tsx(20,400): error TS7026: JSX element implicitly has type 'any' because no interface 'JSX.IntrinsicElements' exists.
components/cms/ContentCollection.tsx(20,460): error TS7006: Parameter 'e' implicitly has an 'any' type.
components/cms/ContentCollection.tsx(20,504): error TS7026: JSX element implicitly has type 'any' because no interface 'JSX.IntrinsicElements' exists.
components/cms/ContentCollection.tsx(20,536): error TS7026: JSX element implicitly has type 'any' because no interface 'JSX.IntrinsicElements' exists.
components/cms/ContentCollection.tsx(20,701): error TS7026: JSX element implicitly has type 'any' because no interface 'JSX.IntrinsicElements' exists.
components/cms/ContentCollection.tsx(20,730): error TS7026: JSX element implicitly has type 'any' because no interface 'JSX.IntrinsicElements' exists.
components/cms/ContentCollection.tsx(20,741): error TS7026: JSX element implicitly has type 'any' because no interface 'JSX.IntrinsicElements' exists.
components/cms/ContentCollection.tsx(20,769): error TS7026: JSX element implicitly has type 'any' because no interface 'JSX.IntrinsicElements' exists.
components/cms/ContentCollection.tsx(20,904): error TS7026: JSX element implicitly has type 'any' because no interface 'JSX.IntrinsicElements' exists.
components/cms/ContentCollection.tsx(20,914): error TS7026: JSX element implicitly has type 'any' because no interface 'JSX.IntrinsicElements' exists.
components/cms/ContentCollection.tsx(20,920): error TS7026: JSX element implicitly has type 'any' because no interface 'JSX.IntrinsicElements' exists.
components/cms/ContentCollection.tsx(20,947): error TS7026: JSX element implicitly has type 'any' because no interface 'JSX.IntrinsicElements' exists.
components/cms/ContentCollection.tsx(20,972): error TS7026: JSX element implicitly has type 'any' because no interface 'JSX.IntrinsicElements' exists.
components/cms/ContentCollection.tsx(20,979): error TS7026: JSX element implicitly has type 'any' because no interface 'JSX.IntrinsicElements' exists.
components/cms/ContentCollection.tsx(20,983): error TS7026: JSX element implicitly has type 'any' because no interface 'JSX.IntrinsicElements' exists.
components/cms/ContentCollection.tsx(20,991): error TS7026: JSX element implicitly has type 'any' because no interface 'JSX.IntrinsicElements' exists.
components/cms/ContentCollection.tsx(20,996): error TS7026: JSX element implicitly has type 'any' because no interface 'JSX.IntrinsicElements' exists.
components/cms/ContentCollection.tsx(20,1007): error TS7026: JSX element implicitly has type 'any' because no interface 'JSX.IntrinsicElements' exists.
components/cms/ContentCollection.tsx(20,1012): error TS7026: JSX element implicitly has type 'any' because no interface 'JSX.IntrinsicElements' exists.
components/cms/ContentCollection.tsx(20,1022): error TS7026: JSX element implicitly has type 'any' because no interface 'JSX.IntrinsicElements' exists.
components/cms/ContentCollection.tsx(20,1027): error TS7026: JSX element implicitly has type 'any' because no interface 'JSX.IntrinsicElements' exists.
components/cms/ContentCollection.tsx(20,1038): error TS7026: JSX element implicitly has type 'any' because no interface 'JSX.IntrinsicElements' exists.
components/cms/ContentCollection.tsx(20,1043): error TS7026: JSX element implicitly has type 'any' because no interface 'JSX.IntrinsicElements' exists.
components/cms/ContentCollection.tsx(20,1048): error TS7026: JSX element implicitly has type 'any' because no interface 'JSX.IntrinsicElements' exists.
components/cms/ContentCollection.tsx(20,1056): error TS7026: JSX element implicitly has type 'any' because no interface 'JSX.IntrinsicElements' exists.
components/cms/ContentCollection.tsx(20,1072): error TS7026: JSX element implicitly has type 'any' because no interface 'JSX.IntrinsicElements' exists.
components/cms/ContentCollection.tsx(20,1076): error TS7026: JSX element implicitly has type 'any' because no interface 'JSX.IntrinsicElements' exists.
components/cms/ContentCollection.tsx(20,1121): error TS7026: JSX element implicitly has type 'any' because no interface 'JSX.IntrinsicElements' exists.
components/cms/ContentCollection.tsx(20,1126): error TS7026: JSX element implicitly has type 'any' because no interface 'JSX.IntrinsicElements' exists.
components/cms/ContentCollection.tsx(20,1155): error TS7006: Parameter 'x' implicitly has an 'any' type.
components/cms/ContentCollection.tsx(20,1158): error TS7026: JSX element implicitly has type 'any' because no interface 'JSX.IntrinsicElements' exists.
components/cms/ContentCollection.tsx(20,1174): error TS7026: JSX element implicitly has type 'any' because no interface 'JSX.IntrinsicElements' exists.
components/cms/ContentCollection.tsx(20,1178): error TS7026: JSX element implicitly has type 'any' because no interface 'JSX.IntrinsicElements' exists.
components/cms/ContentCollection.tsx(20,1303): error TS7026: JSX element implicitly has type 'any' because no interface 'JSX.IntrinsicElements' exists.
components/cms/ContentCollection.tsx(20,1308): error TS7026: JSX element implicitly has type 'any' because no interface 'JSX.IntrinsicElements' exists.
components/cms/ContentCollection.tsx(20,1328): error TS7026: JSX element implicitly has type 'any' because no interface 'JSX.IntrinsicElements' exists.
components/cms/ContentCollection.tsx(20,1332): error TS7026: JSX element implicitly has type 'any' because no interface 'JSX.IntrinsicElements' exists.
components/cms/ContentCollection.tsx(20,1429): error TS7026: JSX element implicitly has type 'any' because no interface 'JSX.IntrinsicElements' exists.
components/cms/ContentCollection.tsx(20,1437): error TS7026: JSX element implicitly has type 'any' because no interface 'JSX.IntrinsicElements' exists.
components/cms/ContentCollection.tsx(20,1443): error TS7026: JSX element implicitly has type 'any' because no interface 'JSX.IntrinsicElements' exists.
components/cms/ContentCollection.tsx(20,1449): error TS7026: JSX element implicitly has type 'any' because no interface 'JSX.IntrinsicElements' exists.
components/cms/ContentCollection.tsx(20,1454): error TS7026: JSX element implicitly has type 'any' because no interface 'JSX.IntrinsicElements' exists.
components/cms/ContentCollection.tsx(20,1653): error TS7026: JSX element implicitly has type 'any' because no interface 'JSX.IntrinsicElements' exists.
components/cms/ContentCollection.tsx(20,1658): error TS7026: JSX element implicitly has type 'any' because no interface 'JSX.IntrinsicElements' exists.
components/cms/ContentCollection.tsx(20,1662): error TS7026: JSX element implicitly has type 'any' because no interface 'JSX.IntrinsicElements' exists.
components/cms/ContentCollection.tsx(20,1797): error TS7026: JSX element implicitly has type 'any' because no interface 'JSX.IntrinsicElements' exists.
components/cms/ContentCollection.tsx(20,1804): error TS7026: JSX element implicitly has type 'any' because no interface 'JSX.IntrinsicElements' exists.
components/cms/ContentCollection.tsx(20,1809): error TS7026: JSX element implicitly has type 'any' because no interface 'JSX.IntrinsicElements' exists.
components/cms/ContentCollection.tsx(20,1813): error TS7026: JSX element implicitly has type 'any' because no interface 'JSX.IntrinsicElements' exists.
components/cms/ContentCollection.tsx(20,1841): error TS7026: JSX element implicitly has type 'any' because no interface 'JSX.IntrinsicElements' exists.
components/cms/ContentCollection.tsx(20,1937): error TS7026: JSX element implicitly has type 'any' because no interface 'JSX.IntrinsicElements' exists.
components/cms/ContentCollection.tsx(20,1946): error TS7026: JSX element implicitly has type 'any' because no interface 'JSX.IntrinsicElements' exists.
components/cms/ContentCollection.tsx(20,2064): error TS7026: JSX element implicitly has type 'any' because no interface 'JSX.IntrinsicElements' exists.
components/cms/ContentCollection.tsx(20,2073): error TS7026: JSX element implicitly has type 'any' because no interface 'JSX.IntrinsicElements' exists.
components/cms/ContentCollection.tsx(20,2079): error TS7026: JSX element implicitly has type 'any' because no interface 'JSX.IntrinsicElements' exists.
components/cms/ContentCollection.tsx(20,2084): error TS7026: JSX element implicitly has type 'any' because no interface 'JSX.IntrinsicElements' exists.
components/cms/ContentCollection.tsx(20,2091): error TS7026: JSX element implicitly has type 'any' because no interface 'JSX.IntrinsicElements' exists.
components/cms/ContentCollection.tsx(20,2095): error TS7026: JSX element implicitly has type 'any' because no interface 'JSX.IntrinsicElements' exists.
components/cms/ContentCollection.tsx(20,2144): error TS7026: JSX element implicitly has type 'any' because no interface 'JSX.IntrinsicElements' exists.
components/cms/ContentCollection.tsx(20,2149): error TS7026: JSX element implicitly has type 'any' because no interface 'JSX.IntrinsicElements' exists.
components/cms/ContentCollection.tsx(20,2155): error TS7026: JSX element implicitly has type 'any' because no interface 'JSX.IntrinsicElements' exists.
components/cms/ContentCollection.tsx(20,2163): error TS7026: JSX element implicitly has type 'any' because no interface 'JSX.IntrinsicElements' exists.
components/cms/ContentCollection.tsx(20,2171): error TS7026: JSX element implicitly has type 'any' because no interface 'JSX.IntrinsicElements' exists.
components/cms/ContentCollection.tsx(20,2177): error TS7026: JSX element implicitly has type 'any' because no interface 'JSX.IntrinsicElements' exists.
components/cms/ContentCollection.tsx(20,2384): error TS7026: JSX element implicitly has type 'any' because no interface 'JSX.IntrinsicElements' exists.
components/cms/ContentCollection.tsx(20,2392): error TS7026: JSX element implicitly has type 'any' because no interface 'JSX.IntrinsicElements' exists.
components/cms/ContentCollection.tsx(20,2420): error TS7026: JSX element implicitly has type 'any' because no interface 'JSX.IntrinsicElements' exists.
components/cms/ContentCollection.tsx(20,2494): error TS7006: Parameter 'n' implicitly has an 'any' type.
components/cms/ContentCollection.tsx(20,2511): error TS7026: JSX element implicitly has type 'any' because no interface 'JSX.IntrinsicElements' exists.
components/cms/ContentCollection.tsx(20,2520): error TS7026: JSX element implicitly has type 'any' because no interface 'JSX.IntrinsicElements' exists.
components/cms/ContentCollection.tsx(20,2601): error TS7006: Parameter 'n' implicitly has an 'any' type.
components/cms/ContentCollection.tsx(20,2614): error TS7026: JSX element implicitly has type 'any' because no interface 'JSX.IntrinsicElements' exists.
components/cms/ContentCollection.tsx(20,2623): error TS7026: JSX element implicitly has type 'any' because no interface 'JSX.IntrinsicElements' exists.
components/cms/ContentCollection.tsx(20,2629): error TS7026: JSX element implicitly has type 'any' because no interface 'JSX.IntrinsicElements' exists.
components/cms/ContentCollection.tsx(25,25): error TS2503: Cannot find namespace 'React'.
components/cms/ContentCollection.tsx(26,10): error TS7026: JSX element implicitly has type 'any' because no interface 'JSX.IntrinsicElements' exists.
components/cms/ContentCollection.tsx(26,50): error TS7026: JSX element implicitly has type 'any' because no interface 'JSX.IntrinsicElements' exists.
components/cms/ContentCollection.tsx(26,80): error TS7026: JSX element implicitly has type 'any' because no interface 'JSX.IntrinsicElements' exists.
components/cms/ContentCollection.tsx(26,173): error TS7026: JSX element implicitly has type 'any' because no interface 'JSX.IntrinsicElements' exists.
components/cms/ContentCollection.tsx(26,178): error TS7026: JSX element implicitly has type 'any' because no interface 'JSX.IntrinsicElements' exists.
components/cms/ContentCollection.tsx(26,286): error TS7026: JSX element implicitly has type 'any' because no interface 'JSX.IntrinsicElements' exists.
components/cms/ContentCollection.tsx(26,295): error TS7026: JSX element implicitly has type 'any' because no interface 'JSX.IntrinsicElements' exists.
components/cms/ContentCollection.tsx(26,309): error TS7026: JSX element implicitly has type 'any' because no interface 'JSX.IntrinsicElements' exists.
components/cms/ContentCollection.tsx(26,358): error TS7026: JSX element implicitly has type 'any' because no interface 'JSX.IntrinsicElements' exists.
components/cms/ContentCollection.tsx(26,396): error TS7006: Parameter 'd' implicitly has an 'any' type.
components/cms/ContentCollection.tsx(26,410): error TS7006: Parameter 'n' implicitly has an 'any' type.
components/cms/ContentCollection.tsx(26,431): error TS7026: JSX element implicitly has type 'any' because no interface 'JSX.IntrinsicElements' exists.
components/cms/ContentCollection.tsx(26,492): error TS7026: JSX element implicitly has type 'any' because no interface 'JSX.IntrinsicElements' exists.
components/cms/ContentCollection.tsx(30,448): error TS7026: JSX element implicitly has type 'any' because no interface 'JSX.IntrinsicElements' exists.
components/cms/ContentCollection.tsx(30,476): error TS7026: JSX element implicitly has type 'any' because no interface 'JSX.IntrinsicElements' exists.
components/cms/ContentCollection.tsx(30,718): error TS7026: JSX element implicitly has type 'any' because no interface 'JSX.IntrinsicElements' exists.
components/cms/ContentCollection.tsx(30,727): error TS7026: JSX element implicitly has type 'any' because no interface 'JSX.IntrinsicElements' exists.
components/cms/ContentCollection.tsx(30,941): error TS7026: JSX element implicitly has type 'any' because no interface 'JSX.IntrinsicElements' exists.
components/cms/ContentCollection.tsx(30,950): error TS7026: JSX element implicitly has type 'any' because no interface 'JSX.IntrinsicElements' exists.
components/cms/ContentCollection.tsx(32,5): error TS7026: JSX element implicitly has type 'any' because no interface 'JSX.IntrinsicElements' exists.
components/cms/ContentCollection.tsx(32,11): error TS7026: JSX element implicitly has type 'any' because no interface 'JSX.IntrinsicElements' exists.
components/cms/ContentCollection.tsx(32,47): error TS7026: JSX element implicitly has type 'any' because no interface 'JSX.IntrinsicElements' exists.
components/cms/ContentCollection.tsx(32,79): error TS7026: JSX element implicitly has type 'any' because no interface 'JSX.IntrinsicElements' exists.
components/cms/ContentCollection.tsx(32,200): error TS7026: JSX element implicitly has type 'any' because no interface 'JSX.IntrinsicElements' exists.
components/cms/ContentCollection.tsx(32,209): error TS7026: JSX element implicitly has type 'any' because no interface 'JSX.IntrinsicElements' exists.
components/cms/ContentCollection.tsx(32,215): error TS7026: JSX element implicitly has type 'any' because no interface 'JSX.IntrinsicElements' exists.
components/cms/CourseEditor.tsx(4,34): error TS2307: Cannot find module 'react' or its corresponding type declarations.
components/cms/CourseEditor.tsx(26,10): error TS7026: JSX element implicitly has type 'any' because no interface 'JSX.IntrinsicElements' exists.
components/cms/CourseEditor.tsx(26,47): error TS7026: JSX element implicitly has type 'any' because no interface 'JSX.IntrinsicElements' exists.
components/cms/CourseEditor.tsx(26,77): error TS7026: JSX element implicitly has type 'any' because no interface 'JSX.IntrinsicElements' exists.
components/cms/CourseEditor.tsx(26,82): error TS7026: JSX element implicitly has type 'any' because no interface 'JSX.IntrinsicElements' exists.
components/cms/CourseEditor.tsx(26,134): error TS7026: JSX element implicitly has type 'any' because no interface 'JSX.IntrinsicElements' exists.
components/cms/CourseEditor.tsx(26,141): error TS7026: JSX element implicitly has type 'any' because no interface 'JSX.IntrinsicElements' exists.
components/cms/CourseEditor.tsx(26,186): error TS7026: JSX element implicitly has type 'any' because no interface 'JSX.IntrinsicElements' exists.
components/cms/CourseEditor.tsx(26,191): error TS7026: JSX element implicitly has type 'any' because no interface 'JSX.IntrinsicElements' exists.
components/cms/CourseEditor.tsx(26,258): error TS7026: JSX element implicitly has type 'any' because no interface 'JSX.IntrinsicElements' exists.
components/cms/CourseEditor.tsx(26,262): error TS7026: JSX element implicitly has type 'any' because no interface 'JSX.IntrinsicElements' exists.
components/cms/CourseEditor.tsx(26,268): error TS7026: JSX element implicitly has type 'any' because no interface 'JSX.IntrinsicElements' exists.
components/cms/CourseEditor.tsx(26,361): error TS7026: JSX element implicitly has type 'any' because no interface 'JSX.IntrinsicElements' exists.
components/cms/CourseEditor.tsx(26,370): error TS7026: JSX element implicitly has type 'any' because no interface 'JSX.IntrinsicElements' exists.
components/cms/CourseEditor.tsx(26,386): error TS7026: JSX element implicitly has type 'any' because no interface 'JSX.IntrinsicElements' exists.
components/cms/CourseEditor.tsx(26,447): error TS7026: JSX element implicitly has type 'any' because no interface 'JSX.IntrinsicElements' exists.
components/cms/CourseEditor.tsx(26,462): error TS7026: JSX element implicitly has type 'any' because no interface 'JSX.IntrinsicElements' exists.
components/cms/CourseEditor.tsx(26,525): error TS7026: JSX element implicitly has type 'any' because no interface 'JSX.IntrinsicElements' exists.
components/cms/CourseEditor.tsx(26,532): error TS7026: JSX element implicitly has type 'any' because no interface 'JSX.IntrinsicElements' exists.
components/cms/CourseEditor.tsx(26,578): error TS7026: JSX element implicitly has type 'any' because no interface 'JSX.IntrinsicElements' exists.
components/cms/CourseEditor.tsx(26,653): error TS7026: JSX element implicitly has type 'any' because no interface 'JSX.IntrinsicElements' exists.
components/cms/CourseEditor.tsx(26,664): error TS7026: JSX element implicitly has type 'any' because no interface 'JSX.IntrinsicElements' exists.
components/cms/CourseEditor.tsx(26,701): error TS7006: Parameter 'd' implicitly has an 'any' type.
components/cms/CourseEditor.tsx(26,715): error TS7006: Parameter 'n' implicitly has an 'any' type.
components/cms/CourseEditor.tsx(26,736): error TS7026: JSX element implicitly has type 'any' because no interface 'JSX.IntrinsicElements' exists.
components/cms/CourseEditor.tsx(27,26): error TS7026: JSX element implicitly has type 'any' because no interface 'JSX.IntrinsicElements' exists.
components/cms/CourseEditor.tsx(27,379): error TS7026: JSX element implicitly has type 'any' because no interface 'JSX.IntrinsicElements' exists.
components/cms/CourseEditor.tsx(27,538): error TS7026: JSX element implicitly has type 'any' because no interface 'JSX.IntrinsicElements' exists.
components/cms/CourseEditor.tsx(27,546): error TS7026: JSX element implicitly has type 'any' because no interface 'JSX.IntrinsicElements' exists.
components/cms/CourseEditor.tsx(28,29): error TS7026: JSX element implicitly has type 'any' because no interface 'JSX.IntrinsicElements' exists.
components/cms/CourseEditor.tsx(28,760): error TS7026: JSX element implicitly has type 'any' because no interface 'JSX.IntrinsicElements' exists.
components/cms/CourseEditor.tsx(29,21): error TS7026: JSX element implicitly has type 'any' because no interface 'JSX.IntrinsicElements' exists.
components/cms/CourseEditor.tsx(29,380): error TS7026: JSX element implicitly has type 'any' because no interface 'JSX.IntrinsicElements' exists.
components/cms/CourseEditor.tsx(29,419): error TS7026: JSX element implicitly has type 'any' because no interface 'JSX.IntrinsicElements' exists.
components/cms/CourseEditor.tsx(29,511): error TS7006: Parameter 'e' implicitly has an 'any' type.
components/cms/CourseEditor.tsx(29,575): error TS7026: JSX element implicitly has type 'any' because no interface 'JSX.IntrinsicElements' exists.
components/cms/CourseEditor.tsx(29,585): error TS7026: JSX element implicitly has type 'any' because no interface 'JSX.IntrinsicElements' exists.
components/cms/CourseEditor.tsx(29,602): error TS7026: JSX element implicitly has type 'any' because no interface 'JSX.IntrinsicElements' exists.
components/cms/CourseEditor.tsx(29,691): error TS7006: Parameter 'e' implicitly has an 'any' type.
components/cms/CourseEditor.tsx(29,742): error TS7026: JSX element implicitly has type 'any' because no interface 'JSX.IntrinsicElements' exists.
components/cms/CourseEditor.tsx(29,768): error TS7026: JSX element implicitly has type 'any' because no interface 'JSX.IntrinsicElements' exists.
components/cms/CourseEditor.tsx(29,1047): error TS7026: JSX element implicitly has type 'any' because no interface 'JSX.IntrinsicElements' exists.
components/cms/CourseEditor.tsx(29,1112): error TS7026: JSX element implicitly has type 'any' because no interface 'JSX.IntrinsicElements' exists.
components/cms/CourseEditor.tsx(29,1134): error TS7026: JSX element implicitly has type 'any' because no interface 'JSX.IntrinsicElements' exists.
components/cms/CourseEditor.tsx(29,1152): error TS7026: JSX element implicitly has type 'any' because no interface 'JSX.IntrinsicElements' exists.
components/cms/CourseEditor.tsx(29,1200): error TS7026: JSX element implicitly has type 'any' because no interface 'JSX.IntrinsicElements' exists.
components/cms/CourseEditor.tsx(29,1703): error TS7026: JSX element implicitly has type 'any' because no interface 'JSX.IntrinsicElements' exists.
components/cms/CourseEditor.tsx(29,1826): error TS7026: JSX element implicitly has type 'any' because no interface 'JSX.IntrinsicElements' exists.
components/cms/CourseEditor.tsx(29,1835): error TS7026: JSX element implicitly has type 'any' because no interface 'JSX.IntrinsicElements' exists.
components/cms/CourseEditor.tsx(29,1843): error TS7026: JSX element implicitly has type 'any' because no interface 'JSX.IntrinsicElements' exists.
components/cms/CourseEditor.tsx(29,1982): error TS7026: JSX element implicitly has type 'any' because no interface 'JSX.IntrinsicElements' exists.
components/cms/CourseEditor.tsx(29,1991): error TS7026: JSX element implicitly has type 'any' because no interface 'JSX.IntrinsicElements' exists.
components/cms/CourseEditor.tsx(29,1997): error TS7026: JSX element implicitly has type 'any' because no interface 'JSX.IntrinsicElements' exists.
components/cms/CourseEditor.tsx(30,23): error TS7026: JSX element implicitly has type 'any' because no interface 'JSX.IntrinsicElements' exists.
components/cms/CourseEditor.tsx(30,781): error TS7026: JSX element implicitly has type 'any' because no interface 'JSX.IntrinsicElements' exists.
components/cms/CourseEditor.tsx(30,803): error TS7026: JSX element implicitly has type 'any' because no interface 'JSX.IntrinsicElements' exists.
components/cms/CourseEditor.tsx(30,829): error TS7026: JSX element implicitly has type 'any' because no interface 'JSX.IntrinsicElements' exists.
components/cms/CourseEditor.tsx(30,834): error TS7026: JSX element implicitly has type 'any' because no interface 'JSX.IntrinsicElements' exists.
components/cms/CourseEditor.tsx(30,1019): error TS7026: JSX element implicitly has type 'any' because no interface 'JSX.IntrinsicElements' exists.
components/cms/CourseEditor.tsx(30,1172): error TS7026: JSX element implicitly has type 'any' because no interface 'JSX.IntrinsicElements' exists.
components/cms/CourseEditor.tsx(30,1208): error TS7026: JSX element implicitly has type 'any' because no interface 'JSX.IntrinsicElements' exists.
components/cms/CourseEditor.tsx(30,1977): error TS7026: JSX element implicitly has type 'any' because no interface 'JSX.IntrinsicElements' exists.
components/cms/CourseEditor.tsx(30,1983): error TS7026: JSX element implicitly has type 'any' because no interface 'JSX.IntrinsicElements' exists.
components/cms/CourseEditor.tsx(30,2100): error TS7026: JSX element implicitly has type 'any' because no interface 'JSX.IntrinsicElements' exists.
components/cms/CourseEditor.tsx(30,2109): error TS7026: JSX element implicitly has type 'any' because no interface 'JSX.IntrinsicElements' exists.
components/cms/CourseEditor.tsx(30,2118): error TS7026: JSX element implicitly has type 'any' because no interface 'JSX.IntrinsicElements' exists.
components/cms/CourseEditor.tsx(30,2280): error TS7026: JSX element implicitly has type 'any' because no interface 'JSX.IntrinsicElements' exists.
components/cms/CourseEditor.tsx(30,2289): error TS7026: JSX element implicitly has type 'any' because no interface 'JSX.IntrinsicElements' exists.
components/cms/CourseEditor.tsx(30,2295): error TS7026: JSX element implicitly has type 'any' because no interface 'JSX.IntrinsicElements' exists.
components/cms/CourseEditor.tsx(31,26): error TS7026: JSX element implicitly has type 'any' because no interface 'JSX.IntrinsicElements' exists.
components/cms/CourseEditor.tsx(31,414): error TS7026: JSX element implicitly has type 'any' because no interface 'JSX.IntrinsicElements' exists.
components/cms/CourseEditor.tsx(31,610): error TS7026: JSX element implicitly has type 'any' because no interface 'JSX.IntrinsicElements' exists.
components/cms/CourseEditor.tsx(31,646): error TS7026: JSX element implicitly has type 'any' because no interface 'JSX.IntrinsicElements' exists.
components/cms/CourseEditor.tsx(31,763): error TS7026: JSX element implicitly has type 'any' because no interface 'JSX.IntrinsicElements' exists.
components/cms/CourseEditor.tsx(31,768): error TS7026: JSX element implicitly has type 'any' because no interface 'JSX.IntrinsicElements' exists.
components/cms/CourseEditor.tsx(32,26): error TS7026: JSX element implicitly has type 'any' because no interface 'JSX.IntrinsicElements' exists.
components/cms/CourseEditor.tsx(32,58): error TS7026: JSX element implicitly has type 'any' because no interface 'JSX.IntrinsicElements' exists.
components/cms/CourseEditor.tsx(32,84): error TS7026: JSX element implicitly has type 'any' because no interface 'JSX.IntrinsicElements' exists.
components/cms/CourseEditor.tsx(32,89): error TS7026: JSX element implicitly has type 'any' because no interface 'JSX.IntrinsicElements' exists.
components/cms/CourseEditor.tsx(32,118): error TS7026: JSX element implicitly has type 'any' because no interface 'JSX.IntrinsicElements' exists.
components/cms/CourseEditor.tsx(32,123): error TS7026: JSX element implicitly has type 'any' because no interface 'JSX.IntrinsicElements' exists.
components/cms/CourseEditor.tsx(32,188): error TS7026: JSX element implicitly has type 'any' because no interface 'JSX.IntrinsicElements' exists.
components/cms/CourseEditor.tsx(32,192): error TS7026: JSX element implicitly has type 'any' because no interface 'JSX.IntrinsicElements' exists.
components/cms/CourseEditor.tsx(32,198): error TS7026: JSX element implicitly has type 'any' because no interface 'JSX.IntrinsicElements' exists.
components/cms/CourseEditor.tsx(32,424): error TS7026: JSX element implicitly has type 'any' because no interface 'JSX.IntrinsicElements' exists.
components/cms/CourseEditor.tsx(32,433): error TS7026: JSX element implicitly has type 'any' because no interface 'JSX.IntrinsicElements' exists.
components/cms/CourseEditor.tsx(32,451): error TS7026: JSX element implicitly has type 'any' because no interface 'JSX.IntrinsicElements' exists.
components/cms/CourseEditor.tsx(32,518): error TS7026: JSX element implicitly has type 'any' because no interface 'JSX.IntrinsicElements' exists.
components/cms/CourseEditor.tsx(32,541): error TS7026: JSX element implicitly has type 'any' because no interface 'JSX.IntrinsicElements' exists.
components/cms/CourseEditor.tsx(32,602): error TS7026: JSX element implicitly has type 'any' because no interface 'JSX.IntrinsicElements' exists.
components/cms/CourseEditor.tsx(32,639): error TS7026: JSX element implicitly has type 'any' because no interface 'JSX.IntrinsicElements' exists.
components/cms/CourseEditor.tsx(32,679): error TS7026: JSX element implicitly has type 'any' because no interface 'JSX.IntrinsicElements' exists.
components/cms/CourseEditor.tsx(32,708): error TS7026: JSX element implicitly has type 'any' because no interface 'JSX.IntrinsicElements' exists.
components/cms/CourseEditor.tsx(32,713): error TS7026: JSX element implicitly has type 'any' because no interface 'JSX.IntrinsicElements' exists.
components/cms/CourseEditor.tsx(32,732): error TS7026: JSX element implicitly has type 'any' because no interface 'JSX.IntrinsicElements' exists.
components/cms/CourseEditor.tsx(32,736): error TS7026: JSX element implicitly has type 'any' because no interface 'JSX.IntrinsicElements' exists.
components/cms/CourseEditor.tsx(32,871): error TS7026: JSX element implicitly has type 'any' because no interface 'JSX.IntrinsicElements' exists.
components/cms/CourseEditor.tsx(32,879): error TS7026: JSX element implicitly has type 'any' because no interface 'JSX.IntrinsicElements' exists.
components/cms/CourseEditor.tsx(32,885): error TS7026: JSX element implicitly has type 'any' because no interface 'JSX.IntrinsicElements' exists.
components/cms/CourseEditor.tsx(32,913): error TS7026: JSX element implicitly has type 'any' because no interface 'JSX.IntrinsicElements' exists.
components/cms/CourseEditor.tsx(32,1070): error TS7026: JSX element implicitly has type 'any' because no interface 'JSX.IntrinsicElements' exists.
components/cms/CourseEditor.tsx(32,1079): error TS7026: JSX element implicitly has type 'any' because no interface 'JSX.IntrinsicElements' exists.
components/cms/CourseEditor.tsx(32,1252): error TS7026: JSX element implicitly has type 'any' because no interface 'JSX.IntrinsicElements' exists.
components/cms/CourseEditor.tsx(32,1261): error TS7026: JSX element implicitly has type 'any' because no interface 'JSX.IntrinsicElements' exists.
components/cms/CourseEditor.tsx(32,1333): error TS7026: JSX element implicitly has type 'any' because no interface 'JSX.IntrinsicElements' exists.
components/cms/CourseEditor.tsx(32,1342): error TS7026: JSX element implicitly has type 'any' because no interface 'JSX.IntrinsicElements' exists.
components/cms/CourseEditor.tsx(32,1587): error TS7026: JSX element implicitly has type 'any' because no interface 'JSX.IntrinsicElements' exists.
components/cms/CourseEditor.tsx(32,1596): error TS7026: JSX element implicitly has type 'any' because no interface 'JSX.IntrinsicElements' exists.
components/cms/CourseEditor.tsx(32,1807): error TS7026: JSX element implicitly has type 'any' because no interface 'JSX.IntrinsicElements' exists.
components/cms/CourseEditor.tsx(32,1816): error TS7026: JSX element implicitly has type 'any' because no interface 'JSX.IntrinsicElements' exists.
components/cms/CourseEditor.tsx(32,1822): error TS7026: JSX element implicitly has type 'any' because no interface 'JSX.IntrinsicElements' exists.
components/cms/CourseEditor.tsx(32,1861): error TS7026: JSX element implicitly has type 'any' because no interface 'JSX.IntrinsicElements' exists.
components/cms/CourseEditor.tsx(32,1903): error TS7026: JSX element implicitly has type 'any' because no interface 'JSX.IntrinsicElements' exists.
components/cms/CourseEditor.tsx(32,1908): error TS7026: JSX element implicitly has type 'any' because no interface 'JSX.IntrinsicElements' exists.
components/cms/CourseEditor.tsx(32,1932): error TS7026: JSX element implicitly has type 'any' because no interface 'JSX.IntrinsicElements' exists.
components/cms/CourseEditor.tsx(32,1936): error TS7026: JSX element implicitly has type 'any' because no interface 'JSX.IntrinsicElements' exists.
components/cms/CourseEditor.tsx(32,2051): error TS7026: JSX element implicitly has type 'any' because no interface 'JSX.IntrinsicElements' exists.
components/cms/CourseEditor.tsx(32,2059): error TS7026: JSX element implicitly has type 'any' because no interface 'JSX.IntrinsicElements' exists.
components/cms/CourseEditor.tsx(32,2065): error TS7026: JSX element implicitly has type 'any' because no interface 'JSX.IntrinsicElements' exists.
components/cms/CourseEditor.tsx(32,2093): error TS7026: JSX element implicitly has type 'any' because no interface 'JSX.IntrinsicElements' exists.
components/cms/CourseEditor.tsx(32,2241): error TS7026: JSX element implicitly has type 'any' because no interface 'JSX.IntrinsicElements' exists.
components/cms/CourseEditor.tsx(32,2250): error TS7026: JSX element implicitly has type 'any' because no interface 'JSX.IntrinsicElements' exists.
components/cms/CourseEditor.tsx(32,2416): error TS7026: JSX element implicitly has type 'any' because no interface 'JSX.IntrinsicElements' exists.
components/cms/CourseEditor.tsx(32,2425): error TS7026: JSX element implicitly has type 'any' because no interface 'JSX.IntrinsicElements' exists.
components/cms/CourseEditor.tsx(32,2488): error TS7026: JSX element implicitly has type 'any' because no interface 'JSX.IntrinsicElements' exists.
components/cms/CourseEditor.tsx(32,2497): error TS7026: JSX element implicitly has type 'any' because no interface 'JSX.IntrinsicElements' exists.
components/cms/CourseEditor.tsx(32,2644): error TS7026: JSX element implicitly has type 'any' because no interface 'JSX.IntrinsicElements' exists.
components/cms/CourseEditor.tsx(32,2653): error TS7026: JSX element implicitly has type 'any' because no interface 'JSX.IntrinsicElements' exists.
components/cms/CourseEditor.tsx(32,2848): error TS7026: JSX element implicitly has type 'any' because no interface 'JSX.IntrinsicElements' exists.
components/cms/CourseEditor.tsx(32,2857): error TS7026: JSX element implicitly has type 'any' because no interface 'JSX.IntrinsicElements' exists.
components/cms/CourseEditor.tsx(32,2863): error TS7026: JSX element implicitly has type 'any' because no interface 'JSX.IntrinsicElements' exists.
components/cms/CourseEditor.tsx(32,2871): error TS7026: JSX element implicitly has type 'any' because no interface 'JSX.IntrinsicElements' exists.
components/cms/CourseEditor.tsx(32,2879): error TS7026: JSX element implicitly has type 'any' because no interface 'JSX.IntrinsicElements' exists.
components/cms/CourseEditor.tsx(33,5): error TS7026: JSX element implicitly has type 'any' because no interface 'JSX.IntrinsicElements' exists.
components/cms/CourseEditor.tsx(33,41): error TS7026: JSX element implicitly has type 'any' because no interface 'JSX.IntrinsicElements' exists.
components/cms/CourseEditor.tsx(33,73): error TS7026: JSX element implicitly has type 'any' because no interface 'JSX.IntrinsicElements' exists.
components/cms/CourseEditor.tsx(33,202): error TS7026: JSX element implicitly has type 'any' because no interface 'JSX.IntrinsicElements' exists.
components/cms/CourseEditor.tsx(33,211): error TS7026: JSX element implicitly has type 'any' because no interface 'JSX.IntrinsicElements' exists.
components/cms/CourseEditor.tsx(35,18): error TS7026: JSX element implicitly has type 'any' because no interface 'JSX.IntrinsicElements' exists.
components/cms/CourseEditor.tsx(35,106): error TS7026: JSX element implicitly has type 'any' because no interface 'JSX.IntrinsicElements' exists.
components/cms/CourseEditor.tsx(35,136): error TS7026: JSX element implicitly has type 'any' because no interface 'JSX.IntrinsicElements' exists.
components/cms/CourseEditor.tsx(35,166): error TS7026: JSX element implicitly has type 'any' because no interface 'JSX.IntrinsicElements' exists.
components/cms/CourseEditor.tsx(35,181): error TS7026: JSX element implicitly has type 'any' because no interface 'JSX.IntrinsicElements' exists.
components/cms/CourseEditor.tsx(35,186): error TS7026: JSX element implicitly has type 'any' because no interface 'JSX.IntrinsicElements' exists.
components/cms/CourseEditor.tsx(35,307): error TS7026: JSX element implicitly has type 'any' because no interface 'JSX.IntrinsicElements' exists.
components/cms/CourseEditor.tsx(35,316): error TS7026: JSX element implicitly has type 'any' because no interface 'JSX.IntrinsicElements' exists.
components/cms/CourseEditor.tsx(35,322): error TS7026: JSX element implicitly has type 'any' because no interface 'JSX.IntrinsicElements' exists.
components/cms/CourseEditor.tsx(35,794): error TS7026: JSX element implicitly has type 'any' because no interface 'JSX.IntrinsicElements' exists.
components/cms/CourseEditor.tsx(35,808): error TS7026: JSX element implicitly has type 'any' because no interface 'JSX.IntrinsicElements' exists.
components/cms/CourseEditor.tsx(35,844): error TS7026: JSX element implicitly has type 'any' because no interface 'JSX.IntrinsicElements' exists.
components/cms/CourseEditor.tsx(35,851): error TS7026: JSX element implicitly has type 'any' because no interface 'JSX.IntrinsicElements' exists.
components/cms/CourseEditor.tsx(35,883): error TS7026: JSX element implicitly has type 'any' because no interface 'JSX.IntrinsicElements' exists.
components/cms/CourseEditor.tsx(35,1193): error TS7026: JSX element implicitly has type 'any' because no interface 'JSX.IntrinsicElements' exists.
components/cms/CourseEditor.tsx(35,1202): error TS7026: JSX element implicitly has type 'any' because no interface 'JSX.IntrinsicElements' exists.
components/cms/CourseEditor.tsx(35,1208): error TS7026: JSX element implicitly has type 'any' because no interface 'JSX.IntrinsicElements' exists.
components/cms/CourseEditor.tsx(35,1214): error TS7026: JSX element implicitly has type 'any' because no interface 'JSX.IntrinsicElements' exists.
components/cms/CourseEditor.tsx(36,3): error TS7026: JSX element implicitly has type 'any' because no interface 'JSX.IntrinsicElements' exists.
components/cms/Fields.tsx(4,66): error TS2307: Cannot find module 'react' or its corresponding type declarations.
components/cms/Fields.tsx(10,10): error TS7026: JSX element implicitly has type 'any' because no interface 'JSX.IntrinsicElements' exists.
components/cms/Fields.tsx(10,60): error TS7026: JSX element implicitly has type 'any' because no interface 'JSX.IntrinsicElements' exists.
components/cms/Fields.tsx(10,134): error TS7006: Parameter 'e' implicitly has an 'any' type.
components/cms/Fields.tsx(10,230): error TS7026: JSX element implicitly has type 'any' because no interface 'JSX.IntrinsicElements' exists.
components/cms/Fields.tsx(10,259): error TS7026: JSX element implicitly has type 'any' because no interface 'JSX.IntrinsicElements' exists.
components/cms/Fields.tsx(10,271): error TS7026: JSX element implicitly has type 'any' because no interface 'JSX.IntrinsicElements' exists.
components/cms/Fields.tsx(10,299): error TS7026: JSX element implicitly has type 'any' because no interface 'JSX.IntrinsicElements' exists.
components/cms/Fields.tsx(10,380): error TS7006: Parameter 'e' implicitly has an 'any' type.
components/cms/Fields.tsx(10,411): error TS7026: JSX element implicitly has type 'any' because no interface 'JSX.IntrinsicElements' exists.
components/cms/Fields.tsx(10,518): error TS7006: Parameter 'e' implicitly has an 'any' type.
components/cms/Fields.tsx(10,613): error TS7026: JSX element implicitly has type 'any' because no interface 'JSX.IntrinsicElements' exists.
components/cms/Fields.tsx(12,60): error TS7026: JSX element implicitly has type 'any' because no interface 'JSX.IntrinsicElements' exists.
components/cms/Fields.tsx(12,85): error TS7026: JSX element implicitly has type 'any' because no interface 'JSX.IntrinsicElements' exists.
components/cms/Fields.tsx(12,145): error TS7006: Parameter 'e' implicitly has an 'any' type.
components/cms/Fields.tsx(12,184): error TS7026: JSX element implicitly has type 'any' because no interface 'JSX.IntrinsicElements' exists.
components/cms/Fields.tsx(34,10): error TS7026: JSX element implicitly has type 'any' because no interface 'JSX.IntrinsicElements' exists.
components/cms/Fields.tsx(34,41): error TS7026: JSX element implicitly has type 'any' because no interface 'JSX.IntrinsicElements' exists.
components/cms/Fields.tsx(34,51): error TS7026: JSX element implicitly has type 'any' because no interface 'JSX.IntrinsicElements' exists.
components/cms/Fields.tsx(34,218): error TS7026: JSX element implicitly has type 'any' because no interface 'JSX.IntrinsicElements' exists.
components/cms/Fields.tsx(34,309): error TS7026: JSX element implicitly has type 'any' because no interface 'JSX.IntrinsicElements' exists.
components/cms/Fields.tsx(34,337): error TS7026: JSX element implicitly has type 'any' because no interface 'JSX.IntrinsicElements' exists.
components/cms/Fields.tsx(34,405): error TS7026: JSX element implicitly has type 'any' because no interface 'JSX.IntrinsicElements' exists.
components/cms/Fields.tsx(34,621): error TS7006: Parameter 'e' implicitly has an 'any' type.
components/cms/Fields.tsx(34,698): error TS7026: JSX element implicitly has type 'any' because no interface 'JSX.IntrinsicElements' exists.
components/cms/Fields.tsx(34,714): error TS7026: JSX element implicitly has type 'any' because no interface 'JSX.IntrinsicElements' exists.
components/cms/Fields.tsx(34,814): error TS7026: JSX element implicitly has type 'any' because no interface 'JSX.IntrinsicElements' exists.
components/cms/Fields.tsx(34,818): error TS7026: JSX element implicitly has type 'any' because no interface 'JSX.IntrinsicElements' exists.
components/cms/Fields.tsx(34,951): error TS7026: JSX element implicitly has type 'any' because no interface 'JSX.IntrinsicElements' exists.
components/cms/Fields.tsx(34,964): error TS7026: JSX element implicitly has type 'any' because no interface 'JSX.IntrinsicElements' exists.
components/cms/Fields.tsx(34,970): error TS7026: JSX element implicitly has type 'any' because no interface 'JSX.IntrinsicElements' exists.
components/cms/Fields.tsx(34,1157): error TS7026: JSX element implicitly has type 'any' because no interface 'JSX.IntrinsicElements' exists.
components/cms/Fields.tsx(34,1173): error TS7026: JSX element implicitly has type 'any' because no interface 'JSX.IntrinsicElements' exists.
components/cms/Fields.tsx(34,1220): error TS7026: JSX element implicitly has type 'any' because no interface 'JSX.IntrinsicElements' exists.
components/cms/Fields.tsx(34,1225): error TS7026: JSX element implicitly has type 'any' because no interface 'JSX.IntrinsicElements' exists.
components/cms/Fields.tsx(38,10): error TS7026: JSX element implicitly has type 'any' because no interface 'JSX.IntrinsicElements' exists.
components/cms/Fields.tsx(38,44): error TS7026: JSX element implicitly has type 'any' because no interface 'JSX.IntrinsicElements' exists.
components/cms/Fields.tsx(38,72): error TS7026: JSX element implicitly has type 'any' because no interface 'JSX.IntrinsicElements' exists.
components/cms/Fields.tsx(38,107): error TS7026: JSX element implicitly has type 'any' because no interface 'JSX.IntrinsicElements' exists.
components/cms/Fields.tsx(38,111): error TS7026: JSX element implicitly has type 'any' because no interface 'JSX.IntrinsicElements' exists.
components/cms/Fields.tsx(38,262): error TS7026: JSX element implicitly has type 'any' because no interface 'JSX.IntrinsicElements' exists.
components/cms/Fields.tsx(38,271): error TS7026: JSX element implicitly has type 'any' because no interface 'JSX.IntrinsicElements' exists.
components/cms/Fields.tsx(38,306): error TS7026: JSX element implicitly has type 'any' because no interface 'JSX.IntrinsicElements' exists.
components/cms/Fields.tsx(38,348): error TS7026: JSX element implicitly has type 'any' because no interface 'JSX.IntrinsicElements' exists.
components/cms/Fields.tsx(38,376): error TS7026: JSX element implicitly has type 'any' because no interface 'JSX.IntrinsicElements' exists.
components/cms/Fields.tsx(38,393): error TS7026: JSX element implicitly has type 'any' because no interface 'JSX.IntrinsicElements' exists.
components/cms/Fields.tsx(38,397): error TS7026: JSX element implicitly has type 'any' because no interface 'JSX.IntrinsicElements' exists.
components/cms/Fields.tsx(38,515): error TS7026: JSX element implicitly has type 'any' because no interface 'JSX.IntrinsicElements' exists.
components/cms/Fields.tsx(38,524): error TS7026: JSX element implicitly has type 'any' because no interface 'JSX.IntrinsicElements' exists.
components/cms/Fields.tsx(38,530): error TS7026: JSX element implicitly has type 'any' because no interface 'JSX.IntrinsicElements' exists.
components/cms/Fields.tsx(38,1598): error TS7026: JSX element implicitly has type 'any' because no interface 'JSX.IntrinsicElements' exists.
components/cms/Fields.tsx(38,1604): error TS7026: JSX element implicitly has type 'any' because no interface 'JSX.IntrinsicElements' exists.
components/cms/Fields.tsx(38,1612): error TS7026: JSX element implicitly has type 'any' because no interface 'JSX.IntrinsicElements' exists.
components/cms/Fields.tsx(40,59): error TS7026: JSX element implicitly has type 'any' because no interface 'JSX.IntrinsicElements' exists.
components/cms/Fields.tsx(40,81): error TS7026: JSX element implicitly has type 'any' because no interface 'JSX.IntrinsicElements' exists.
components/cms/Fields.tsx(40,102): error TS7026: JSX element implicitly has type 'any' because no interface 'JSX.IntrinsicElements' exists.
components/cms/Fields.tsx(40,135): error TS7026: JSX element implicitly has type 'any' because no interface 'JSX.IntrinsicElements' exists.
components/cms/Fields.tsx(40,177): error TS7026: JSX element implicitly has type 'any' because no interface 'JSX.IntrinsicElements' exists.
components/cms/Fields.tsx(40,639): error TS7026: JSX element implicitly has type 'any' because no interface 'JSX.IntrinsicElements' exists.
components/cms/Fields.tsx(40,645): error TS7026: JSX element implicitly has type 'any' because no interface 'JSX.IntrinsicElements' exists.
components/cms/Fields.tsx(40,763): error TS7026: JSX element implicitly has type 'any' because no interface 'JSX.IntrinsicElements' exists.
components/cms/Fields.tsx(40,772): error TS7026: JSX element implicitly has type 'any' because no interface 'JSX.IntrinsicElements' exists.
components/cms/Fields.tsx(40,780): error TS7026: JSX element implicitly has type 'any' because no interface 'JSX.IntrinsicElements' exists.
components/cms/Fields.tsx(40,898): error TS7026: JSX element implicitly has type 'any' because no interface 'JSX.IntrinsicElements' exists.
components/cms/Fields.tsx(40,907): error TS7026: JSX element implicitly has type 'any' because no interface 'JSX.IntrinsicElements' exists.
components/cms/Fields.tsx(42,78): error TS7026: JSX element implicitly has type 'any' because no interface 'JSX.IntrinsicElements' exists.
components/cms/Fields.tsx(42,130): error TS7026: JSX element implicitly has type 'any' because no interface 'JSX.IntrinsicElements' exists.
components/cms/Fields.tsx(42,162): error TS7026: JSX element implicitly has type 'any' because no interface 'JSX.IntrinsicElements' exists.
components/cms/Fields.tsx(42,218): error TS7026: JSX element implicitly has type 'any' because no interface 'JSX.IntrinsicElements' exists.
components/cms/Fields.tsx(42,225): error TS7026: JSX element implicitly has type 'any' because no interface 'JSX.IntrinsicElements' exists.
components/cms/Fields.tsx(42,312): error TS7006: Parameter 'e' implicitly has an 'any' type.
components/cms/Fields.tsx(42,373): error TS7026: JSX element implicitly has type 'any' because no interface 'JSX.IntrinsicElements' exists.
components/cms/Fields.tsx(42,380): error TS7026: JSX element implicitly has type 'any' because no interface 'JSX.IntrinsicElements' exists.
components/cms/LessonEditor.tsx(4,24): error TS2307: Cannot find module 'react' or its corresponding type declarations.
components/cms/LessonEditor.tsx(14,10): error TS7026: JSX element implicitly has type 'any' because no interface 'JSX.IntrinsicElements' exists.
components/cms/LessonEditor.tsx(14,100): error TS7026: JSX element implicitly has type 'any' because no interface 'JSX.IntrinsicElements' exists.
components/cms/LessonEditor.tsx(14,130): error TS7026: JSX element implicitly has type 'any' because no interface 'JSX.IntrinsicElements' exists.
components/cms/LessonEditor.tsx(14,160): error TS7026: JSX element implicitly has type 'any' because no interface 'JSX.IntrinsicElements' exists.
components/cms/LessonEditor.tsx(14,165): error TS7026: JSX element implicitly has type 'any' because no interface 'JSX.IntrinsicElements' exists.
components/cms/LessonEditor.tsx(14,204): error TS7026: JSX element implicitly has type 'any' because no interface 'JSX.IntrinsicElements' exists.
components/cms/LessonEditor.tsx(14,211): error TS7026: JSX element implicitly has type 'any' because no interface 'JSX.IntrinsicElements' exists.
components/cms/LessonEditor.tsx(14,242): error TS7026: JSX element implicitly has type 'any' because no interface 'JSX.IntrinsicElements' exists.
components/cms/LessonEditor.tsx(14,247): error TS7026: JSX element implicitly has type 'any' because no interface 'JSX.IntrinsicElements' exists.
components/cms/LessonEditor.tsx(14,253): error TS7026: JSX element implicitly has type 'any' because no interface 'JSX.IntrinsicElements' exists.
components/cms/LessonEditor.tsx(14,346): error TS7026: JSX element implicitly has type 'any' because no interface 'JSX.IntrinsicElements' exists.
components/cms/LessonEditor.tsx(14,355): error TS7026: JSX element implicitly has type 'any' because no interface 'JSX.IntrinsicElements' exists.
components/cms/LessonEditor.tsx(14,369): error TS7026: JSX element implicitly has type 'any' because no interface 'JSX.IntrinsicElements' exists.
components/cms/LessonEditor.tsx(14,418): error TS7026: JSX element implicitly has type 'any' because no interface 'JSX.IntrinsicElements' exists.
components/cms/LessonEditor.tsx(14,456): error TS7006: Parameter 'd' implicitly has an 'any' type.
components/cms/LessonEditor.tsx(14,470): error TS7006: Parameter 'n' implicitly has an 'any' type.
components/cms/LessonEditor.tsx(14,491): error TS7026: JSX element implicitly has type 'any' because no interface 'JSX.IntrinsicElements' exists.
components/cms/LessonEditor.tsx(14,552): error TS7026: JSX element implicitly has type 'any' because no interface 'JSX.IntrinsicElements' exists.
components/cms/LessonEditor.tsx(14,2604): error TS7026: JSX element implicitly has type 'any' because no interface 'JSX.IntrinsicElements' exists.
components/cms/LessonEditor.tsx(14,2610): error TS7026: JSX element implicitly has type 'any' because no interface 'JSX.IntrinsicElements' exists.
components/cms/LessonEditor.tsx(14,2642): error TS7026: JSX element implicitly has type 'any' because no interface 'JSX.IntrinsicElements' exists.
components/cms/LessonEditor.tsx(14,2667): error TS7026: JSX element implicitly has type 'any' because no interface 'JSX.IntrinsicElements' exists.
components/cms/LessonEditor.tsx(14,2672): error TS7026: JSX element implicitly has type 'any' because no interface 'JSX.IntrinsicElements' exists.
components/cms/LessonEditor.tsx(14,2698): error TS7026: JSX element implicitly has type 'any' because no interface 'JSX.IntrinsicElements' exists.
components/cms/LessonEditor.tsx(14,2703): error TS7026: JSX element implicitly has type 'any' because no interface 'JSX.IntrinsicElements' exists.
components/cms/LessonEditor.tsx(14,2774): error TS7026: JSX element implicitly has type 'any' because no interface 'JSX.IntrinsicElements' exists.
components/cms/LessonEditor.tsx(14,2778): error TS7026: JSX element implicitly has type 'any' because no interface 'JSX.IntrinsicElements' exists.
components/cms/LessonEditor.tsx(14,2784): error TS7026: JSX element implicitly has type 'any' because no interface 'JSX.IntrinsicElements' exists.
components/cms/LessonEditor.tsx(14,2860): error TS7006: Parameter 'e' implicitly has an 'any' type.
components/cms/LessonEditor.tsx(14,2988): error TS7026: JSX element implicitly has type 'any' because no interface 'JSX.IntrinsicElements' exists.
components/cms/LessonEditor.tsx(14,3016): error TS7026: JSX element implicitly has type 'any' because no interface 'JSX.IntrinsicElements' exists.
components/cms/LessonEditor.tsx(14,3145): error TS7026: JSX element implicitly has type 'any' because no interface 'JSX.IntrinsicElements' exists.
components/cms/LessonEditor.tsx(14,3194): error TS7026: JSX element implicitly has type 'any' because no interface 'JSX.IntrinsicElements' exists.
components/cms/LessonEditor.tsx(14,3205): error TS7026: JSX element implicitly has type 'any' because no interface 'JSX.IntrinsicElements' exists.
components/cms/LessonEditor.tsx(14,3214): error TS7026: JSX element implicitly has type 'any' because no interface 'JSX.IntrinsicElements' exists.
components/cms/LessonEditor.tsx(14,3250): error TS7026: JSX element implicitly has type 'any' because no interface 'JSX.IntrinsicElements' exists.
components/cms/LessonEditor.tsx(14,3299): error TS7026: JSX element implicitly has type 'any' because no interface 'JSX.IntrinsicElements' exists.
components/cms/LessonEditor.tsx(14,3332): error TS7026: JSX element implicitly has type 'any' because no interface 'JSX.IntrinsicElements' exists.
components/cms/LessonEditor.tsx(14,3378): error TS7026: JSX element implicitly has type 'any' because no interface 'JSX.IntrinsicElements' exists.
components/cms/LessonEditor.tsx(14,3382): error TS7026: JSX element implicitly has type 'any' because no interface 'JSX.IntrinsicElements' exists.
components/cms/LessonEditor.tsx(14,3387): error TS7026: JSX element implicitly has type 'any' because no interface 'JSX.IntrinsicElements' exists.
components/cms/LessonEditor.tsx(14,3455): error TS7026: JSX element implicitly has type 'any' because no interface 'JSX.IntrinsicElements' exists.
components/cms/LessonEditor.tsx(14,3464): error TS7026: JSX element implicitly has type 'any' because no interface 'JSX.IntrinsicElements' exists.
components/cms/LessonEditor.tsx(14,3545): error TS7026: JSX element implicitly has type 'any' because no interface 'JSX.IntrinsicElements' exists.
components/cms/LessonEditor.tsx(14,3554): error TS7026: JSX element implicitly has type 'any' because no interface 'JSX.IntrinsicElements' exists.
components/cms/LessonEditor.tsx(14,3669): error TS7026: JSX element implicitly has type 'any' because no interface 'JSX.IntrinsicElements' exists.
components/cms/LessonEditor.tsx(14,3678): error TS7026: JSX element implicitly has type 'any' because no interface 'JSX.IntrinsicElements' exists.
components/cms/LessonEditor.tsx(14,3684): error TS7026: JSX element implicitly has type 'any' because no interface 'JSX.IntrinsicElements' exists.
components/cms/LessonEditor.tsx(14,3690): error TS7026: JSX element implicitly has type 'any' because no interface 'JSX.IntrinsicElements' exists.
components/cms/LessonEditor.tsx(14,4725): error TS7026: JSX element implicitly has type 'any' because no interface 'JSX.IntrinsicElements' exists.
components/cms/LessonEditor.tsx(14,4731): error TS7026: JSX element implicitly has type 'any' because no interface 'JSX.IntrinsicElements' exists.
components/cms/LessonEditor.tsx(14,4739): error TS7026: JSX element implicitly has type 'any' because no interface 'JSX.IntrinsicElements' exists.
components/cms/LessonEditor.tsx(14,4745): error TS7026: JSX element implicitly has type 'any' because no interface 'JSX.IntrinsicElements' exists.
components/cms/LessonEditor.tsx(14,4781): error TS7026: JSX element implicitly has type 'any' because no interface 'JSX.IntrinsicElements' exists.
components/cms/LessonEditor.tsx(14,4813): error TS7026: JSX element implicitly has type 'any' because no interface 'JSX.IntrinsicElements' exists.
components/cms/LessonEditor.tsx(14,4934): error TS7026: JSX element implicitly has type 'any' because no interface 'JSX.IntrinsicElements' exists.
components/cms/LessonEditor.tsx(14,4943): error TS7026: JSX element implicitly has type 'any' because no interface 'JSX.IntrinsicElements' exists.
components/cms/LessonEditor.tsx(14,5042): error TS7026: JSX element implicitly has type 'any' because no interface 'JSX.IntrinsicElements' exists.
components/cms/LessonEditor.tsx(14,5051): error TS7026: JSX element implicitly has type 'any' because no interface 'JSX.IntrinsicElements' exists.
components/cms/LessonEditor.tsx(14,5067): error TS7026: JSX element implicitly has type 'any' because no interface 'JSX.IntrinsicElements' exists.
components/cms/LessonEditor.tsx(14,5095): error TS7026: JSX element implicitly has type 'any' because no interface 'JSX.IntrinsicElements' exists.
components/cms/LessonEditor.tsx(14,5154): error TS7026: JSX element implicitly has type 'any' because no interface 'JSX.IntrinsicElements' exists.
components/cms/LessonEditor.tsx(14,5161): error TS7026: JSX element implicitly has type 'any' because no interface 'JSX.IntrinsicElements' exists.
components/cms/LessonEditor.tsx(14,5178): error TS7026: JSX element implicitly has type 'any' because no interface 'JSX.IntrinsicElements' exists.
components/cms/LessonEditor.tsx(14,5183): error TS7026: JSX element implicitly has type 'any' because no interface 'JSX.IntrinsicElements' exists.
components/cms/LessonEditor.tsx(14,5205): error TS7026: JSX element implicitly has type 'any' because no interface 'JSX.IntrinsicElements' exists.
components/cms/LessonEditor.tsx(14,5209): error TS7026: JSX element implicitly has type 'any' because no interface 'JSX.IntrinsicElements' exists.
components/cms/LessonEditor.tsx(14,5251): error TS7026: JSX element implicitly has type 'any' because no interface 'JSX.IntrinsicElements' exists.
components/cms/LessonEditor.tsx(14,5287): error TS7026: JSX element implicitly has type 'any' because no interface 'JSX.IntrinsicElements' exists.
components/cms/LessonEditor.tsx(14,5304): error TS7026: JSX element implicitly has type 'any' because no interface 'JSX.IntrinsicElements' exists.
components/cms/LessonEditor.tsx(14,5325): error TS7026: JSX element implicitly has type 'any' because no interface 'JSX.IntrinsicElements' exists.
components/cms/LessonEditor.tsx(14,5330): error TS7026: JSX element implicitly has type 'any' because no interface 'JSX.IntrinsicElements' exists.
components/cms/LessonEditor.tsx(14,5363): error TS7026: JSX element implicitly has type 'any' because no interface 'JSX.IntrinsicElements' exists.
components/cms/LessonEditor.tsx(14,5474): error TS7026: JSX element implicitly has type 'any' because no interface 'JSX.IntrinsicElements' exists.
components/cms/LessonEditor.tsx(14,5547): error TS7026: JSX element implicitly has type 'any' because no interface 'JSX.IntrinsicElements' exists.
components/cms/LessonEditor.tsx(14,5598): error TS7026: JSX element implicitly has type 'any' because no interface 'JSX.IntrinsicElements' exists.
components/cms/LessonEditor.tsx(14,5626): error TS7026: JSX element implicitly has type 'any' because no interface 'JSX.IntrinsicElements' exists.
components/cms/LessonEditor.tsx(14,5669): error TS7026: JSX element implicitly has type 'any' because no interface 'JSX.IntrinsicElements' exists.
components/cms/LessonEditor.tsx(14,5689): error TS7026: JSX element implicitly has type 'any' because no interface 'JSX.IntrinsicElements' exists.
components/cms/LessonEditor.tsx(14,5695): error TS7026: JSX element implicitly has type 'any' because no interface 'JSX.IntrinsicElements' exists.
components/cms/LessonEditor.tsx(14,5707): error TS7026: JSX element implicitly has type 'any' because no interface 'JSX.IntrinsicElements' exists.
components/cms/LessonEditor.tsx(14,5714): error TS7026: JSX element implicitly has type 'any' because no interface 'JSX.IntrinsicElements' exists.
components/cms/LessonEditor.tsx(14,5720): error TS7026: JSX element implicitly has type 'any' because no interface 'JSX.IntrinsicElements' exists.
components/cms/SiteEditor.tsx(2,34): error TS2307: Cannot find module 'react' or its corresponding type declarations.
components/cms/SiteEditor.tsx(12,10): error TS7026: JSX element implicitly has type 'any' because no interface 'JSX.IntrinsicElements' exists.
components/cms/SiteEditor.tsx(12,33): error TS7026: JSX element implicitly has type 'any' because no interface 'JSX.IntrinsicElements' exists.
components/cms/SiteEditor.tsx(12,43): error TS7026: JSX element implicitly has type 'any' because no interface 'JSX.IntrinsicElements' exists.
components/cms/SiteEditor.tsx(12,56): error TS7026: JSX element implicitly has type 'any' because no interface 'JSX.IntrinsicElements' exists.
components/cms/SiteEditor.tsx(12,106): error TS7026: JSX element implicitly has type 'any' because no interface 'JSX.IntrinsicElements' exists.
components/cms/SiteEditor.tsx(12,152): error TS7026: JSX element implicitly has type 'any' because no interface 'JSX.IntrinsicElements' exists.
components/cms/SiteEditor.tsx(12,161): error TS7026: JSX element implicitly has type 'any' because no interface 'JSX.IntrinsicElements' exists.
components/cms/SiteEditor.tsx(12,178): error TS7026: JSX element implicitly has type 'any' because no interface 'JSX.IntrinsicElements' exists.
components/cms/SiteEditor.tsx(12,225): error TS7026: JSX element implicitly has type 'any' because no interface 'JSX.IntrinsicElements' exists.
components/cms/SiteEditor.tsx(12,246): error TS7026: JSX element implicitly has type 'any' because no interface 'JSX.IntrinsicElements' exists.
components/cms/SiteEditor.tsx(12,266): error TS7026: JSX element implicitly has type 'any' because no interface 'JSX.IntrinsicElements' exists.
components/cms/SiteEditor.tsx(12,273): error TS7026: JSX element implicitly has type 'any' because no interface 'JSX.IntrinsicElements' exists.
components/cms/SiteEditor.tsx(12,350): error TS7026: JSX element implicitly has type 'any' because no interface 'JSX.IntrinsicElements' exists.
components/cms/SiteEditor.tsx(12,375): error TS7026: JSX element implicitly has type 'any' because no interface 'JSX.IntrinsicElements' exists.
components/cms/SiteEditor.tsx(12,492): error TS7026: JSX element implicitly has type 'any' because no interface 'JSX.IntrinsicElements' exists.
components/cms/SiteEditor.tsx(12,496): error TS7026: JSX element implicitly has type 'any' because no interface 'JSX.IntrinsicElements' exists.
components/cms/SiteEditor.tsx(12,661): error TS7026: JSX element implicitly has type 'any' because no interface 'JSX.IntrinsicElements' exists.
components/cms/SiteEditor.tsx(12,670): error TS7026: JSX element implicitly has type 'any' because no interface 'JSX.IntrinsicElements' exists.
components/cms/SiteEditor.tsx(12,798): error TS7026: JSX element implicitly has type 'any' because no interface 'JSX.IntrinsicElements' exists.
components/cms/SiteEditor.tsx(12,834): error TS7026: JSX element implicitly has type 'any' because no interface 'JSX.IntrinsicElements' exists.
components/cms/SiteEditor.tsx(12,1757): error TS7026: JSX element implicitly has type 'any' because no interface 'JSX.IntrinsicElements' exists.
components/cms/SiteEditor.tsx(12,1763): error TS7026: JSX element implicitly has type 'any' because no interface 'JSX.IntrinsicElements' exists.
components/cms/SiteEditor.tsx(12,1791): error TS7026: JSX element implicitly has type 'any' because no interface 'JSX.IntrinsicElements' exists.
components/cms/SiteEditor.tsx(12,1915): error TS7026: JSX element implicitly has type 'any' because no interface 'JSX.IntrinsicElements' exists.
components/cms/SiteEditor.tsx(12,1924): error TS7026: JSX element implicitly has type 'any' because no interface 'JSX.IntrinsicElements' exists.
components/cms/SiteEditor.tsx(12,2063): error TS7026: JSX element implicitly has type 'any' because no interface 'JSX.IntrinsicElements' exists.
components/cms/SiteEditor.tsx(12,2072): error TS7026: JSX element implicitly has type 'any' because no interface 'JSX.IntrinsicElements' exists.
components/cms/SiteEditor.tsx(12,2259): error TS7026: JSX element implicitly has type 'any' because no interface 'JSX.IntrinsicElements' exists.
components/cms/SiteEditor.tsx(12,2268): error TS7026: JSX element implicitly has type 'any' because no interface 'JSX.IntrinsicElements' exists.
components/cms/SiteEditor.tsx(12,2274): error TS7026: JSX element implicitly has type 'any' because no interface 'JSX.IntrinsicElements' exists.
components/cms/SiteEditor.tsx(12,2289): error TS7026: JSX element implicitly has type 'any' because no interface 'JSX.IntrinsicElements' exists.
components/cms/SiteEditor.tsx(12,2362): error TS7026: JSX element implicitly has type 'any' because no interface 'JSX.IntrinsicElements' exists.
components/cms/SiteEditor.tsx(12,2366): error TS7026: JSX element implicitly has type 'any' because no interface 'JSX.IntrinsicElements' exists.
components/cms/SiteEditor.tsx(12,2750): error TS7026: JSX element implicitly has type 'any' because no interface 'JSX.IntrinsicElements' exists.
components/cms/SiteEditor.tsx(12,2760): error TS7026: JSX element implicitly has type 'any' because no interface 'JSX.IntrinsicElements' exists.
components/cms/SiteEditor.tsx(12,2771): error TS7026: JSX element implicitly has type 'any' because no interface 'JSX.IntrinsicElements' exists.
components/cms/SiteEditor.tsx(12,2861): error TS7026: JSX element implicitly has type 'any' because no interface 'JSX.IntrinsicElements' exists.
components/cms/SiteEditor.tsx(12,2874): error TS7026: JSX element implicitly has type 'any' because no interface 'JSX.IntrinsicElements' exists.
components/cms/WebsiteContentEditor.tsx(2,34): error TS2307: Cannot find module 'react' or its corresponding type declarations.
components/cms/WebsiteContentEditor.tsx(14,68): error TS7006: Parameter 'v' implicitly has an 'any' type.
components/cms/WebsiteContentEditor.tsx(15,66): error TS7006: Parameter 'v' implicitly has an 'any' type.
components/cms/WebsiteContentEditor.tsx(15,112): error TS7006: Parameter 'x' implicitly has an 'any' type.
components/cms/WebsiteContentEditor.tsx(15,218): error TS7006: Parameter 'x' implicitly has an 'any' type.
components/cms/WebsiteContentEditor.tsx(17,9): error TS7026: JSX element implicitly has type 'any' because no interface 'JSX.IntrinsicElements' exists.
components/cms/WebsiteContentEditor.tsx(17,33): error TS7026: JSX element implicitly has type 'any' because no interface 'JSX.IntrinsicElements' exists.
components/cms/WebsiteContentEditor.tsx(17,56): error TS7026: JSX element implicitly has type 'any' because no interface 'JSX.IntrinsicElements' exists.
components/cms/WebsiteContentEditor.tsx(17,75): error TS7026: JSX element implicitly has type 'any' because no interface 'JSX.IntrinsicElements' exists.
components/cms/WebsiteContentEditor.tsx(17,80): error TS7026: JSX element implicitly has type 'any' because no interface 'JSX.IntrinsicElements' exists.
components/cms/WebsiteContentEditor.tsx(17,327): error TS7026: JSX element implicitly has type 'any' because no interface 'JSX.IntrinsicElements' exists.
components/cms/WebsiteContentEditor.tsx(17,340): error TS2741: Property 'children' is missing in type '{ error: true; }' but required in type '{ children: React.ReactNode; error?: boolean | undefined; }'.
components/cms/WebsiteContentEditor.tsx(17,361): error TS7026: JSX element implicitly has type 'any' because no interface 'JSX.IntrinsicElements' exists.
components/cms/WebsiteContentEditor.tsx(17,421): error TS7026: JSX element implicitly has type 'any' because no interface 'JSX.IntrinsicElements' exists.
components/cms/WebsiteContentEditor.tsx(17,451): error TS2741: Property 'children' is missing in type '{}' but required in type '{ children: React.ReactNode; error?: boolean | undefined; }'.
components/cms/WebsiteContentEditor.tsx(17,477): error TS7026: JSX element implicitly has type 'any' because no interface 'JSX.IntrinsicElements' exists.
components/cms/WebsiteContentEditor.tsx(17,502): error TS7026: JSX element implicitly has type 'any' because no interface 'JSX.IntrinsicElements' exists.
components/cms/WebsiteContentEditor.tsx(17,514): error TS7026: JSX element implicitly has type 'any' because no interface 'JSX.IntrinsicElements' exists.
components/cms/WebsiteContentEditor.tsx(17,564): error TS7006: Parameter 'e' implicitly has an 'any' type.
components/cms/WebsiteContentEditor.tsx(17,608): error TS7026: JSX element implicitly has type 'any' because no interface 'JSX.IntrinsicElements' exists.
components/cms/WebsiteContentEditor.tsx(17,627): error TS7026: JSX element implicitly has type 'any' because no interface 'JSX.IntrinsicElements' exists.
components/cms/WebsiteContentEditor.tsx(17,638): error TS7026: JSX element implicitly has type 'any' because no interface 'JSX.IntrinsicElements' exists.
components/cms/WebsiteContentEditor.tsx(17,684): error TS7026: JSX element implicitly has type 'any' because no interface 'JSX.IntrinsicElements' exists.
components/cms/WebsiteContentEditor.tsx(17,693): error TS7026: JSX element implicitly has type 'any' because no interface 'JSX.IntrinsicElements' exists.
components/cms/WebsiteContentEditor.tsx(17,702): error TS7026: JSX element implicitly has type 'any' because no interface 'JSX.IntrinsicElements' exists.
components/cms/WebsiteContentEditor.tsx(17,710): error TS7026: JSX element implicitly has type 'any' because no interface 'JSX.IntrinsicElements' exists.
components/cms/WebsiteContentEditor.tsx(17,730): error TS7026: JSX element implicitly has type 'any' because no interface 'JSX.IntrinsicElements' exists.
components/cms/WebsiteContentEditor.tsx(17,775): error TS7006: Parameter 'e' implicitly has an 'any' type.
components/cms/WebsiteContentEditor.tsx(17,841): error TS7026: JSX element implicitly has type 'any' because no interface 'JSX.IntrinsicElements' exists.
components/cms/WebsiteContentEditor.tsx(17,849): error TS7026: JSX element implicitly has type 'any' because no interface 'JSX.IntrinsicElements' exists.
components/cms/WebsiteContentEditor.tsx(17,993): error TS7026: JSX element implicitly has type 'any' because no interface 'JSX.IntrinsicElements' exists.
components/cms/WebsiteContentEditor.tsx(17,1002): error TS7026: JSX element implicitly has type 'any' because no interface 'JSX.IntrinsicElements' exists.
components/cms/WebsiteContentEditor.tsx(17,1058): error TS7006: Parameter 'delta' implicitly has an 'any' type.
components/cms/WebsiteContentEditor.tsx(17,1076): error TS7006: Parameter 'n' implicitly has an 'any' type.
components/cms/WebsiteContentEditor.tsx(17,1101): error TS7026: JSX element implicitly has type 'any' because no interface 'JSX.IntrinsicElements' exists.
components/cms/WebsiteContentEditor.tsx(17,1284): error TS7006: Parameter 'x' implicitly has an 'any' type.
components/cms/WebsiteContentEditor.tsx(17,1312): error TS7026: JSX element implicitly has type 'any' because no interface 'JSX.IntrinsicElements' exists.
components/cms/WebsiteContentEditor.tsx(17,1365): error TS7026: JSX element implicitly has type 'any' because no interface 'JSX.IntrinsicElements' exists.
components/cms/WebsiteContentEditor.tsx(17,1432): error TS7026: JSX element implicitly has type 'any' because no interface 'JSX.IntrinsicElements' exists.
components/cms/WebsiteContentEditor.tsx(17,1442): error TS7026: JSX element implicitly has type 'any' because no interface 'JSX.IntrinsicElements' exists.
components/cms/WebsiteContentEditor.tsx(17,1445): error TS7026: JSX element implicitly has type 'any' because no interface 'JSX.IntrinsicElements' exists.
components/cms/WebsiteContentEditor.tsx(17,1461): error TS7026: JSX element implicitly has type 'any' because no interface 'JSX.IntrinsicElements' exists.
components/cms/WebsiteContentEditor.tsx(17,1468): error TS7026: JSX element implicitly has type 'any' because no interface 'JSX.IntrinsicElements' exists.
components/cms/WebsiteContentEditor.tsx(17,1610): error TS7026: JSX element implicitly has type 'any' because no interface 'JSX.IntrinsicElements' exists.
components/cms/WebsiteContentEditor.tsx(17,1692): error TS7026: JSX element implicitly has type 'any' because no interface 'JSX.IntrinsicElements' exists.
components/cms/WebsiteContentEditor.tsx(17,1702): error TS7026: JSX element implicitly has type 'any' because no interface 'JSX.IntrinsicElements' exists.
components/cms/WebsiteContentEditor.tsx(17,1833): error TS7026: JSX element implicitly has type 'any' because no interface 'JSX.IntrinsicElements' exists.
components/cms/WebsiteContentEditor.tsx(17,2095): error TS7026: JSX element implicitly has type 'any' because no interface 'JSX.IntrinsicElements' exists.
components/cms/WebsiteContentEditor.tsx(17,2196): error TS7026: JSX element implicitly has type 'any' because no interface 'JSX.IntrinsicElements' exists.
components/cms/WebsiteContentEditor.tsx(17,2206): error TS7026: JSX element implicitly has type 'any' because no interface 'JSX.IntrinsicElements' exists.
components/cms/WebsiteContentEditor.tsx(17,2214): error TS7026: JSX element implicitly has type 'any' because no interface 'JSX.IntrinsicElements' exists.
components/cms/WebsiteContentEditor.tsx(17,2251): error TS7026: JSX element implicitly has type 'any' because no interface 'JSX.IntrinsicElements' exists.
components/cms/WebsiteContentEditor.tsx(17,2257): error TS7026: JSX element implicitly has type 'any' because no interface 'JSX.IntrinsicElements' exists.
components/layout/BackButton.tsx(2,25): error TS2307: Cannot find module 'next/navigation' or its corresponding type declarations.
components/layout/BackButton.tsx(3,134): error TS7026: JSX element implicitly has type 'any' because no interface 'JSX.IntrinsicElements' exists.
components/layout/BackButton.tsx(3,256): error TS7026: JSX element implicitly has type 'any' because no interface 'JSX.IntrinsicElements' exists.
components/layout/PageShell.tsx(2,132): error TS2503: Cannot find namespace 'React'.
components/layout/PageShell.tsx(2,175): error TS7026: JSX element implicitly has type 'any' because no interface 'JSX.IntrinsicElements' exists.
components/layout/PageShell.tsx(2,194): error TS7026: JSX element implicitly has type 'any' because no interface 'JSX.IntrinsicElements' exists.
components/layout/PageShell.tsx(2,256): error TS7026: JSX element implicitly has type 'any' because no interface 'JSX.IntrinsicElements' exists.
components/layout/PageShell.tsx(2,289): error TS7026: JSX element implicitly has type 'any' because no interface 'JSX.IntrinsicElements' exists.
components/layout/PageShell.tsx(2,296): error TS7026: JSX element implicitly has type 'any' because no interface 'JSX.IntrinsicElements' exists.
components/layout/PageShell.tsx(2,307): error TS7026: JSX element implicitly has type 'any' because no interface 'JSX.IntrinsicElements' exists.
components/layout/PageShell.tsx(2,312): error TS7026: JSX element implicitly has type 'any' because no interface 'JSX.IntrinsicElements' exists.
components/layout/PageShell.tsx(2,322): error TS7026: JSX element implicitly has type 'any' because no interface 'JSX.IntrinsicElements' exists.
components/layout/PageShell.tsx(2,326): error TS7026: JSX element implicitly has type 'any' because no interface 'JSX.IntrinsicElements' exists.
components/layout/PageShell.tsx(2,359): error TS7026: JSX element implicitly has type 'any' because no interface 'JSX.IntrinsicElements' exists.
components/layout/SiteFooter.tsx(5,81): error TS2307: Cannot find module 'react' or its corresponding type declarations.
components/layout/SiteFooter.tsx(6,11): error TS2580: Cannot find name 'process'. Do you need to install type definitions for node? Try `npm i --save-dev @types/node`.
components/layout/SiteFooter.tsx(8,68): error TS7026: JSX element implicitly has type 'any' because no interface 'JSX.IntrinsicElements' exists.
components/layout/SiteFooter.tsx(8,241): error TS7026: JSX element implicitly has type 'any' because no interface 'JSX.IntrinsicElements' exists.
components/layout/SiteFooter.tsx(8,264): error TS7026: JSX element implicitly has type 'any' because no interface 'JSX.IntrinsicElements' exists.
components/layout/SiteFooter.tsx(9,249): error TS7026: JSX element implicitly has type 'any' because no interface 'JSX.IntrinsicElements' exists.
components/layout/SiteFooter.tsx(9,276): error TS7026: JSX element implicitly has type 'any' because no interface 'JSX.IntrinsicElements' exists.
components/layout/SiteFooter.tsx(9,303): error TS7026: JSX element implicitly has type 'any' because no interface 'JSX.IntrinsicElements' exists.
components/layout/SiteFooter.tsx(9,445): error TS7026: JSX element implicitly has type 'any' because no interface 'JSX.IntrinsicElements' exists.
components/layout/SiteFooter.tsx(9,450): error TS7026: JSX element implicitly has type 'any' because no interface 'JSX.IntrinsicElements' exists.
components/layout/SiteFooter.tsx(9,509): error TS7026: JSX element implicitly has type 'any' because no interface 'JSX.IntrinsicElements' exists.
components/layout/SiteFooter.tsx(9,518): error TS7026: JSX element implicitly has type 'any' because no interface 'JSX.IntrinsicElements' exists.
components/layout/SiteFooter.tsx(9,630): error TS7026: JSX element implicitly has type 'any' because no interface 'JSX.IntrinsicElements' exists.
components/layout/SiteFooter.tsx(9,634): error TS7026: JSX element implicitly has type 'any' because no interface 'JSX.IntrinsicElements' exists.
components/layout/SiteFooter.tsx(9,783): error TS7026: JSX element implicitly has type 'any' because no interface 'JSX.IntrinsicElements' exists.
components/layout/SiteFooter.tsx(9,899): error TS7026: JSX element implicitly has type 'any' because no interface 'JSX.IntrinsicElements' exists.
components/layout/SiteFooter.tsx(9,905): error TS7026: JSX element implicitly has type 'any' because no interface 'JSX.IntrinsicElements' exists.
components/layout/SiteFooter.tsx(9,911): error TS7026: JSX element implicitly has type 'any' because no interface 'JSX.IntrinsicElements' exists.
components/layout/SiteFooter.tsx(9,917): error TS7026: JSX element implicitly has type 'any' because no interface 'JSX.IntrinsicElements' exists.
components/layout/SiteFooter.tsx(9,923): error TS7026: JSX element implicitly has type 'any' because no interface 'JSX.IntrinsicElements' exists.
components/layout/SiteFooter.tsx(9,928): error TS7026: JSX element implicitly has type 'any' because no interface 'JSX.IntrinsicElements' exists.
components/layout/SiteFooter.tsx(9,976): error TS7026: JSX element implicitly has type 'any' because no interface 'JSX.IntrinsicElements' exists.
components/layout/SiteFooter.tsx(9,980): error TS7026: JSX element implicitly has type 'any' because no interface 'JSX.IntrinsicElements' exists.
components/layout/SiteFooter.tsx(9,1040): error TS7026: JSX element implicitly has type 'any' because no interface 'JSX.IntrinsicElements' exists.
components/layout/SiteFooter.tsx(9,1044): error TS7026: JSX element implicitly has type 'any' because no interface 'JSX.IntrinsicElements' exists.
components/layout/SiteFooter.tsx(9,1108): error TS7026: JSX element implicitly has type 'any' because no interface 'JSX.IntrinsicElements' exists.
components/layout/SiteFooter.tsx(9,1112): error TS7026: JSX element implicitly has type 'any' because no interface 'JSX.IntrinsicElements' exists.
components/layout/SiteFooter.tsx(9,1170): error TS7026: JSX element implicitly has type 'any' because no interface 'JSX.IntrinsicElements' exists.
components/layout/SiteFooter.tsx(9,1174): error TS7026: JSX element implicitly has type 'any' because no interface 'JSX.IntrinsicElements' exists.
components/layout/SiteFooter.tsx(9,1238): error TS7026: JSX element implicitly has type 'any' because no interface 'JSX.IntrinsicElements' exists.
components/layout/SiteFooter.tsx(9,1242): error TS7026: JSX element implicitly has type 'any' because no interface 'JSX.IntrinsicElements' exists.
components/layout/SiteFooter.tsx(9,1248): error TS7026: JSX element implicitly has type 'any' because no interface 'JSX.IntrinsicElements' exists.
components/layout/SiteFooter.tsx(9,1253): error TS7026: JSX element implicitly has type 'any' because no interface 'JSX.IntrinsicElements' exists.
components/layout/SiteFooter.tsx(9,1299): error TS7026: JSX element implicitly has type 'any' because no interface 'JSX.IntrinsicElements' exists.
components/layout/SiteFooter.tsx(9,1303): error TS7026: JSX element implicitly has type 'any' because no interface 'JSX.IntrinsicElements' exists.
components/layout/SiteFooter.tsx(9,1365): error TS7026: JSX element implicitly has type 'any' because no interface 'JSX.IntrinsicElements' exists.
components/layout/SiteFooter.tsx(9,1369): error TS7026: JSX element implicitly has type 'any' because no interface 'JSX.IntrinsicElements' exists.
components/layout/SiteFooter.tsx(9,1433): error TS7026: JSX element implicitly has type 'any' because no interface 'JSX.IntrinsicElements' exists.
components/layout/SiteFooter.tsx(9,1437): error TS7026: JSX element implicitly has type 'any' because no interface 'JSX.IntrinsicElements' exists.
components/layout/SiteFooter.tsx(9,1501): error TS7026: JSX element implicitly has type 'any' because no interface 'JSX.IntrinsicElements' exists.
components/layout/SiteFooter.tsx(9,1505): error TS7026: JSX element implicitly has type 'any' because no interface 'JSX.IntrinsicElements' exists.
components/layout/SiteFooter.tsx(9,1511): error TS7026: JSX element implicitly has type 'any' because no interface 'JSX.IntrinsicElements' exists.
components/layout/SiteFooter.tsx(9,1516): error TS7026: JSX element implicitly has type 'any' because no interface 'JSX.IntrinsicElements' exists.
components/layout/SiteFooter.tsx(9,1564): error TS7026: JSX element implicitly has type 'any' because no interface 'JSX.IntrinsicElements' exists.
components/layout/SiteFooter.tsx(9,1568): error TS7026: JSX element implicitly has type 'any' because no interface 'JSX.IntrinsicElements' exists.
components/layout/SiteFooter.tsx(9,1630): error TS7026: JSX element implicitly has type 'any' because no interface 'JSX.IntrinsicElements' exists.
components/layout/SiteFooter.tsx(9,1634): error TS7026: JSX element implicitly has type 'any' because no interface 'JSX.IntrinsicElements' exists.
components/layout/SiteFooter.tsx(9,1703): error TS7026: JSX element implicitly has type 'any' because no interface 'JSX.IntrinsicElements' exists.
components/layout/SiteFooter.tsx(9,1707): error TS7026: JSX element implicitly has type 'any' because no interface 'JSX.IntrinsicElements' exists.
components/layout/SiteFooter.tsx(9,1767): error TS7026: JSX element implicitly has type 'any' because no interface 'JSX.IntrinsicElements' exists.
components/layout/SiteFooter.tsx(9,1771): error TS7026: JSX element implicitly has type 'any' because no interface 'JSX.IntrinsicElements' exists.
components/layout/SiteFooter.tsx(9,1835): error TS7026: JSX element implicitly has type 'any' because no interface 'JSX.IntrinsicElements' exists.
components/layout/SiteFooter.tsx(9,1839): error TS7026: JSX element implicitly has type 'any' because no interface 'JSX.IntrinsicElements' exists.
components/layout/SiteFooter.tsx(9,1845): error TS7026: JSX element implicitly has type 'any' because no interface 'JSX.IntrinsicElements' exists.
components/layout/SiteFooter.tsx(9,1851): error TS7026: JSX element implicitly has type 'any' because no interface 'JSX.IntrinsicElements' exists.
components/layout/SiteFooter.tsx(9,1881): error TS7026: JSX element implicitly has type 'any' because no interface 'JSX.IntrinsicElements' exists.
components/layout/SiteFooter.tsx(9,1967): error TS7026: JSX element implicitly has type 'any' because no interface 'JSX.IntrinsicElements' exists.
components/layout/SiteFooter.tsx(9,1974): error TS7026: JSX element implicitly has type 'any' because no interface 'JSX.IntrinsicElements' exists.
components/layout/SiteFooter.tsx(9,2085): error TS7026: JSX element implicitly has type 'any' because no interface 'JSX.IntrinsicElements' exists.
components/layout/SiteFooter.tsx(9,2092): error TS7026: JSX element implicitly has type 'any' because no interface 'JSX.IntrinsicElements' exists.
components/layout/SiteFooter.tsx(9,2098): error TS7026: JSX element implicitly has type 'any' because no interface 'JSX.IntrinsicElements' exists.
components/learning/AnswerSheet.tsx(2,41): error TS2307: Cannot find module 'react' or its corresponding type declarations.
components/learning/AnswerSheet.tsx(8,54): error TS7006: Parameter 'old' implicitly has an 'any' type.
components/learning/AnswerSheet.tsx(18,146): error TS7006: Parameter 'n' implicitly has an 'any' type.
components/learning/AnswerSheet.tsx(21,35): error TS7026: JSX element implicitly has type 'any' because no interface 'JSX.IntrinsicElements' exists.
components/learning/AnswerSheet.tsx(21,67): error TS7026: JSX element implicitly has type 'any' because no interface 'JSX.IntrinsicElements' exists.
components/learning/AnswerSheet.tsx(21,194): error TS7006: Parameter 'e' implicitly has an 'any' type.
components/learning/AnswerSheet.tsx(21,271): error TS7026: JSX element implicitly has type 'any' because no interface 'JSX.IntrinsicElements' exists.
components/learning/AnswerSheet.tsx(21,367): error TS7026: JSX element implicitly has type 'any' because no interface 'JSX.IntrinsicElements' exists.
components/learning/AnswerSheet.tsx(21,385): error TS7026: JSX element implicitly has type 'any' because no interface 'JSX.IntrinsicElements' exists.
components/learning/AnswerSheet.tsx(21,487): error TS7026: JSX element implicitly has type 'any' because no interface 'JSX.IntrinsicElements' exists.
components/learning/AnswerSheet.tsx(21,491): error TS7026: JSX element implicitly has type 'any' because no interface 'JSX.IntrinsicElements' exists.
components/learning/AnswerSheet.tsx(21,595): error TS7026: JSX element implicitly has type 'any' because no interface 'JSX.IntrinsicElements' exists.
components/learning/AnswerSheet.tsx(21,608): error TS7026: JSX element implicitly has type 'any' because no interface 'JSX.IntrinsicElements' exists.
components/learning/AnswerSheet.tsx(22,153): error TS7026: JSX element implicitly has type 'any' because no interface 'JSX.IntrinsicElements' exists.
components/learning/AnswerSheet.tsx(22,205): error TS7006: Parameter 'e' implicitly has an 'any' type.
components/learning/AnswerSheet.tsx(22,234): error TS7026: JSX element implicitly has type 'any' because no interface 'JSX.IntrinsicElements' exists.
components/learning/AnswerSheet.tsx(22,267): error TS7026: JSX element implicitly has type 'any' because no interface 'JSX.IntrinsicElements' exists.
components/learning/AnswerSheet.tsx(22,315): error TS7026: JSX element implicitly has type 'any' because no interface 'JSX.IntrinsicElements' exists.
components/learning/AnswerSheet.tsx(22,357): error TS7026: JSX element implicitly has type 'any' because no interface 'JSX.IntrinsicElements' exists.
components/learning/AnswerSheet.tsx(22,368): error TS7026: JSX element implicitly has type 'any' because no interface 'JSX.IntrinsicElements' exists.
components/learning/AnswerSheet.tsx(23,60): error TS7026: JSX element implicitly has type 'any' because no interface 'JSX.IntrinsicElements' exists.
components/learning/AnswerSheet.tsx(23,307): error TS7006: Parameter 'e' implicitly has an 'any' type.
components/learning/AnswerSheet.tsx(24,9): error TS7026: JSX element implicitly has type 'any' because no interface 'JSX.IntrinsicElements' exists.
components/learning/AnswerSheet.tsx(24,81): error TS7006: Parameter 'e' implicitly has an 'any' type.
e2e/public-portals.spec.ts(1,27): error TS2307: Cannot find module '@playwright/test' or its corresponding type declarations.
e2e/public-portals.spec.ts(3,53): error TS7031: Binding element 'page' implicitly has an 'any' type.
e2e/public-portals.spec.ts(4,97): error TS7006: Parameter 'e' implicitly has an 'any' type.
e2e/public-portals.spec.ts(12,84): error TS7031: Binding element 'page' implicitly has an 'any' type.
e2e/public-portals.spec.ts(13,75): error TS7031: Binding element 'page' implicitly has an 'any' type.
e2e/public-portals.spec.ts(14,88): error TS7031: Binding element 'page' implicitly has an 'any' type.
e2e/public-portals.spec.ts(14,364): error TS7006: Parameter 'img' implicitly has an 'any' type.
lib/api.ts(2,23): error TS2580: Cannot find name 'process'. Do you need to install type definitions for node? Try `npm i --save-dev @types/node`.
middleware.ts(1,40): error TS2307: Cannot find module 'next/server' or its corresponding type declarations.
middleware.ts(4,44): error TS2580: Cannot find name 'process'. Do you need to install type definitions for node? Try `npm i --save-dev @types/node`.
middleware.ts(6,24): error TS2580: Cannot find name 'process'. Do you need to install type definitions for node? Try `npm i --save-dev @types/node`.
next.config.ts(1,31): error TS2307: Cannot find module 'next' or its corresponding type declarations.
playwright.config.ts(1,28): error TS2307: Cannot find module '@playwright/test' or its corresponding type declarations.
